firm,treat,ticker,date,open,high,low,close,volume
Unilever,1,UL,2024-01-02,54.099098205566406,54.63964080810547,54.04279327392578,54.605857849121094,2492083
Unilever,1,UL,2024-01-03,55.011260986328125,55.112613677978516,54.72972869873047,54.774776458740234,2535684
Unilever,1,UL,2024-01-04,54.70720672607422,55.10135269165039,54.68468475341797,55.02252197265625,2665243
Unilever,1,UL,2024-01-05,54.72972869873047,55.14639663696289,54.628379821777344,54.909908294677734,2615249
Unilever,1,UL,2024-01-08,54.819820404052734,55.4504508972168,54.819820404052734,55.4504508972168,2868773
Unilever,1,UL,2024-01-09,55.29279327392578,55.43918991088867,55.16891860961914,55.40540313720703,1718813
Unilever,1,UL,2024-01-10,55.180179595947266,55.349098205566406,55,55.0450439453125,2315282
Unilever,1,UL,2024-01-11,54.966217041015625,55.0450439453125,54.48198318481445,54.943695068359375,2207834
Unilever,1,UL,2024-01-12,55.59684753417969,55.66441345214844,55.24774932861328,55.33783721923828,2175600
Unilever,1,UL,2024-01-16,54.61711883544922,54.650901794433594,54.121620178222656,54.26801681518555,2585501
Unilever,1,UL,2024-01-17,53.67116928100586,53.82883071899414,53.50225067138672,53.738739013671875,2990873
Unilever,1,UL,2024-01-18,53.20945739746094,53.28828811645508,52.93918991088867,53.13063049316406,2231633
Unilever,1,UL,2024-01-19,53.00675582885742,53.23198318481445,52.680179595947266,53.11936950683594,1967275
Unilever,1,UL,2024-01-22,53.01801681518555,53.14189147949219,52.83783721923828,52.91666793823242,2335174
Unilever,1,UL,2024-01-23,53.2545051574707,53.58108139038086,53.19819641113281,53.45720672607422,2511530
Unilever,1,UL,2024-01-24,53.60360336303711,53.637386322021484,53.05180358886719,53.05180358886719,2223641
Unilever,1,UL,2024-01-25,53.19819641113281,53.64864730834961,53.01801681518555,53.62612533569336,5046682
Unilever,1,UL,2024-01-26,54.605857849121094,54.76351547241211,54.41441345214844,54.47072219848633,5492191
Unilever,1,UL,2024-01-29,54.5045051574707,54.932430267333984,54.42567443847656,54.909908294677734,2573335
Unilever,1,UL,2024-01-30,55.23648452758789,55.31531524658203,54.966217041015625,55.225223541259766,3570293
Unilever,1,UL,2024-01-31,55.51801681518555,55.59684753417969,54.68468475341797,54.83108139038086,1958218
Unilever,1,UL,2024-02-01,54.819820404052734,55.7545051574707,54.66216278076172,55.7545051574707,1867908
Unilever,1,UL,2024-02-02,55.31531524658203,55.47297286987305,54.932430267333984,55.281532287597656,2372825
Unilever,1,UL,2024-02-05,55.29279327392578,55.54054260253906,55.067569732666016,55.46171188354492,2373180
Unilever,1,UL,2024-02-06,55.77702713012695,56.22747802734375,55.72072219848633,56.159908294677734,3018490
Unilever,1,UL,2024-02-07,55.63063049316406,55.73198318481445,55.011260986328125,55.067569732666016,3876386
Unilever,1,UL,2024-02-08,57.432430267333984,57.71396255493164,56.83558654785156,57.07207107543945,4335127
Unilever,1,UL,2024-02-09,56.94819641113281,57.09459686279297,56.67792892456055,56.99324417114258,2471304
Unilever,1,UL,2024-02-12,56.644142150878906,56.99324417114258,56.531532287597656,56.97072219848633,1844021
Unilever,1,UL,2024-02-13,56.88063049316406,56.94819641113281,56.283782958984375,56.41891860961914,2764522
Unilever,1,UL,2024-02-14,56.63288116455078,56.63288116455078,56.069820404052734,56.35135269165039,1933265
Unilever,1,UL,2024-02-15,56.39639663696289,56.66666793823242,56.2950439453125,56.407657623291016,1936284
Unilever,1,UL,2024-02-16,56.92567443847656,57.26351547241211,56.73423385620117,57.09459686279297,3093881
Unilever,1,UL,2024-02-20,57.5,57.91666793823242,57.42116928100586,57.47747802734375,2025084
Unilever,1,UL,2024-02-21,57.52252197265625,57.702701568603516,57.466217041015625,57.680179595947266,2062025
Unilever,1,UL,2024-02-22,56.76801681518555,57.16216278076172,56.54279327392578,57.11711883544922,2175689
Unilever,1,UL,2024-02-23,57.11711883544922,57.240989685058594,56.98198318481445,57.0495491027832,1727426
Unilever,1,UL,2024-02-26,57.13964080810547,57.150901794433594,56.79054260253906,56.83558654785156,1502674
Unilever,1,UL,2024-02-27,55.81081008911133,56.03603744506836,55.56306457519531,55.86711883544922,2066465
Unilever,1,UL,2024-02-28,55.14639663696289,55.4504508972168,55.10135269165039,55.259010314941406,1507202
Unilever,1,UL,2024-02-29,55.33783721923828,55.36035919189453,55.011260986328125,55.14639663696289,1679741
Unilever,1,UL,2024-03-01,55.10135269165039,55.38288116455078,54.797298431396484,55.349098205566406,2083070
Unilever,1,UL,2024-03-04,55.180179595947266,55.371620178222656,55.16891860961914,55.33783721923828,1306070
Unilever,1,UL,2024-03-05,55.349098205566406,55.51801681518555,55.180179595947266,55.225223541259766,1268952
Unilever,1,UL,2024-03-06,55.326576232910156,55.46171188354492,55.16891860961914,55.202701568603516,2112463
Unilever,1,UL,2024-03-07,55.14639663696289,55.24774932861328,55.033782958984375,55.157657623291016,2373091
Unilever,1,UL,2024-03-08,55.371620178222656,55.54054260253906,55.24774932861328,55.38288116455078,3333641
Unilever,1,UL,2024-03-11,55.51801681518555,55.66441345214844,55.31531524658203,55.58558654785156,2209433
Unilever,1,UL,2024-03-12,55.73198318481445,56.024776458740234,55.64189147949219,55.91216278076172,3109598
Unilever,1,UL,2024-03-13,56.05855941772461,56.25,55.95720672607422,56.03603744506836,1969762
Unilever,1,UL,2024-03-14,56.069820404052734,56.10360336303711,55.38288116455078,55.4954948425293,2459760
Unilever,1,UL,2024-03-15,55.371620178222656,55.46171188354492,55.0450439453125,55.112613677978516,1994537
Unilever,1,UL,2024-03-18,54.76351547241211,54.89864730834961,54.52702713012695,54.63964080810547,1717570
Unilever,1,UL,2024-03-19,56.216217041015625,56.35135269165039,55.990989685058594,56.14864730834961,4255385
Unilever,1,UL,2024-03-20,55.68693542480469,55.73198318481445,55.304054260253906,55.67567443847656,1841534
Unilever,1,UL,2024-03-21,55.67567443847656,55.84459686279297,55.57432556152344,55.69819641113281,2233675
Unilever,1,UL,2024-03-22,56.261260986328125,56.621620178222656,56.216217041015625,56.2950439453125,2092750
Unilever,1,UL,2024-03-25,56.41891860961914,56.54279327392578,55.84459686279297,55.900901794433594,3532109
Unilever,1,UL,2024-03-26,56.430179595947266,56.531532287597656,55.88964080810547,55.88964080810547,3076210
Unilever,1,UL,2024-03-27,55.7995491027832,56.46396255493164,55.77702713012695,56.46396255493164,2033964
Unilever,1,UL,2024-03-28,56.2950439453125,56.576576232910156,56.25,56.52027130126953,1145786
Unilever,1,UL,2024-04-01,56.283782958984375,56.44144058227539,55.84459686279297,56.137386322021484,1066488
Unilever,1,UL,2024-04-02,55.70945739746094,55.78828811645508,55.51801681518555,55.57432556152344,2362524
Unilever,1,UL,2024-04-03,55.54054260253906,55.56306457519531,55.033782958984375,55.067569732666016,1824840
Unilever,1,UL,2024-04-04,55.33783721923828,55.41666793823242,54.78603744506836,54.864864349365234,1851658
Unilever,1,UL,2024-04-05,54.59459686279297,54.61711883544922,54.33558654785156,54.5495491027832,1991340
Unilever,1,UL,2024-04-08,54.33558654785156,54.49324417114258,54.23423385620117,54.25675582885742,2172581
Unilever,1,UL,2024-04-09,54.59459686279297,54.695945739746094,54.31306457519531,54.5045051574707,2661869
Unilever,1,UL,2024-04-10,54.2004508972168,54.26801681518555,53.67116928100586,53.761260986328125,2599087
Unilever,1,UL,2024-04-11,54.099098205566406,54.15540313720703,53.58108139038086,53.659908294677734,2342366
Unilever,1,UL,2024-04-12,53.36711883544922,53.43468475341797,52.64639663696289,52.657657623291016,2823218
Unilever,1,UL,2024-04-15,52.96171188354492,53.07432556152344,52.52252197265625,52.60135269165039,2261558
Unilever,1,UL,2024-04-16,52.52252197265625,52.60135269165039,52.33108139038086,52.33108139038086,2585767
Unilever,1,UL,2024-04-17,52.849098205566406,52.98423385620117,52.319820404052734,52.57883071899414,4357505
Unilever,1,UL,2024-04-18,52.90540313720703,53.08558654785156,52.488739013671875,52.759010314941406,5037713
Unilever,1,UL,2024-04-19,53.18693542480469,53.36711883544922,52.9504508972168,53.27702713012695,4415935
Unilever,1,UL,2024-04-22,53.637386322021484,54.144142150878906,53.547298431396484,54.121620178222656,2746229
Unilever,1,UL,2024-04-23,53.840091705322266,54.26801681518555,53.82883071899414,54.031532287597656,2419267
Unilever,1,UL,2024-04-24,54.26801681518555,54.30180358886719,53.907657623291016,54.13288116455078,2631854
Unilever,1,UL,2024-04-25,56.94819641113281,57.567569732666016,56.621620178222656,57.342342376708984,6006787
Unilever,1,UL,2024-04-26,57.680179595947266,58.02927780151367,57.60135269165039,57.702701568603516,3799308
Unilever,1,UL,2024-04-29,58.08558654785156,58.11936950683594,57.81531524658203,57.9954948425293,2969294
Unilever,1,UL,2024-04-30,58.26576614379883,58.51351547241211,58.11936950683594,58.38964080810547,2668973
Unilever,1,UL,2024-05-01,58.11936950683594,58.693695068359375,57.93918991088867,58.41216278076172,2583814
Unilever,1,UL,2024-05-02,58.592342376708984,58.7950439453125,58.468467712402344,58.58108139038086,2531599
Unilever,1,UL,2024-05-03,59.21171188354492,59.27927780151367,58.637386322021484,58.7049560546875,3918833
Unilever,1,UL,2024-05-06,58.783782958984375,58.862613677978516,58.445945739746094,58.72747802734375,2120810
Unilever,1,UL,2024-05-07,59.31306457519531,59.58333206176758,59.11035919189453,59.30180358886719,3187298
Unilever,1,UL,2024-05-08,59.5045051574707,59.61711883544922,59.18918991088867,59.33558654785156,2834407
Unilever,1,UL,2024-05-09,59.740989685058594,60.16891860961914,59.72972869873047,60.157657623291016,3601018
Unilever,1,UL,2024-05-10,60.23648452758789,60.41666793823242,60.12387466430664,60.259010314941406,2718168
Unilever,1,UL,2024-05-13,60.990989685058594,61.12612533569336,60.65315246582031,60.73198318481445,2582748
Unilever,1,UL,2024-05-14,60.76576614379883,60.945945739746094,60.59684753417969,60.855857849121094,1605238
Unilever,1,UL,2024-05-15,61.01351547241211,61.41891860961914,60.945945739746094,61.35135269165039,1681606
Unilever,1,UL,2024-05-16,60.7995491027832,61.03603744506836,60.65315246582031,60.88964080810547,2750758
Unilever,1,UL,2024-05-17,61.52027130126953,61.77927780151367,61.362613677978516,61.65540313720703,2318124
Unilever,1,UL,2024-05-20,61.2950439453125,61.37387466430664,60.95720672607422,60.95720672607422,1237783
Unilever,1,UL,2024-05-21,61.17116928100586,61.362613677978516,61.047298431396484,61.12612533569336,2074901
Unilever,1,UL,2024-05-22,61.024776458740234,61.27252197265625,60.91216278076172,61.047298431396484,1356953
Unilever,1,UL,2024-05-23,61.91441345214844,61.91441345214844,61.14864730834961,61.22747802734375,2039647
Unilever,1,UL,2024-05-24,61.452701568603516,61.84684753417969,61.362613677978516,61.44144058227539,2799953
Unilever,1,UL,2024-05-28,61.283782958984375,61.283782958984375,60.84459686279297,60.95720672607422,1944720
Unilever,1,UL,2024-05-29,60.60810852050781,60.67567443847656,60.24774932861328,60.281532287597656,2151002
Unilever,1,UL,2024-05-30,60.900901794433594,61.12612533569336,60.83333206176758,60.86711883544922,2850835
Unilever,1,UL,2024-05-31,61.047298431396484,61.68918991088867,60.97972869873047,61.65540313720703,2126050
Unilever,1,UL,2024-06-03,61.77927780151367,62.22972869873047,61.71171188354492,62.22972869873047,2977375
Unilever,1,UL,2024-06-04,62.9504508972168,62.97297286987305,62.57883071899414,62.81531524658203,3187298
Unilever,1,UL,2024-06-05,63.17567443847656,63.18693542480469,62.83783721923828,63.16441345214844,2286245
Unilever,1,UL,2024-06-06,62.894142150878906,63.27702713012695,62.88288116455078,63.10810852050781,1483315
Unilever,1,UL,2024-06-07,63.08558654785156,63.14189147949219,62.590091705322266,62.62387466430664,1690042
Unilever,1,UL,2024-06-10,62.680179595947266,62.71396255493164,62.319820404052734,62.60135269165039,1633476
Unilever,1,UL,2024-06-11,62.173423767089844,62.612613677978516,62.0045051574707,62.60135269165039,1641024
Unilever,1,UL,2024-06-12,63.50225067138672,63.58108139038086,63.04054260253906,63.13063049316406,3121054
Unilever,1,UL,2024-06-13,63.19819641113281,63.43468475341797,63.07432556152344,63.38964080810547,2418024
Unilever,1,UL,2024-06-14,63.24324417114258,63.490989685058594,63.08558654785156,63.31081008911133,3089974
Unilever,1,UL,2024-06-17,63.04054260253906,63.592342376708984,62.98423385620117,63.490989685058594,1576733
Unilever,1,UL,2024-06-18,63.355857849121094,63.547298431396484,63.19819641113281,63.2545051574707,1651236
Unilever,1,UL,2024-06-20,63.04054260253906,63.34459686279297,62.98423385620117,63.23198318481445,2195314
Unilever,1,UL,2024-06-21,63.14189147949219,63.33333206176758,62.849098205566406,63.18693542480469,2819755
Unilever,1,UL,2024-06-24,63.18693542480469,63.468467712402344,63.18693542480469,63.400901794433594,1302341
Unilever,1,UL,2024-06-25,63.41216278076172,63.47972869873047,63.01801681518555,63.20945739746094,1439803
Unilever,1,UL,2024-06-26,62.62387466430664,62.92792892456055,62.488739013671875,62.702701568603516,1263713
Unilever,1,UL,2024-06-27,62.725223541259766,62.826576232910156,62.22972869873047,62.33108139038086,1209722
Unilever,1,UL,2024-06-28,61.83558654785156,62.02702713012695,61.58783721923828,61.92567443847656,2208989
Unilever,1,UL,2024-07-01,62.30855941772461,62.725223541259766,61.58783721923828,61.599098205566406,2113174
Unilever,1,UL,2024-07-02,61.37387466430664,61.76801681518555,61.27252197265625,61.73423385620117,1486334
Unilever,1,UL,2024-07-03,61.81306457519531,62.0045051574707,61.76801681518555,61.92567443847656,818470
Unilever,1,UL,2024-07-05,62.409908294677734,62.57883071899414,62.03828811645508,62.488739013671875,1227926
Unilever,1,UL,2024-07-08,62.894142150878906,63.02927780151367,62.71396255493164,62.871620178222656,1412009
Unilever,1,UL,2024-07-09,63.06306457519531,63.07432556152344,62.533782958984375,62.556304931640625,2723851
Unilever,1,UL,2024-07-10,63.31081008911133,63.761260986328125,63.28828811645508,63.67116928100586,2416781
Unilever,1,UL,2024-07-11,64.1441421508789,64.23423767089844,63.7049560546875,63.77252197265625,2616492
Unilever,1,UL,2024-07-12,64.42567443847656,65.12387084960938,64.38063049316406,64.87612915039062,2890262
Unilever,1,UL,2024-07-15,64.85360717773438,64.88739013671875,64.07657623291016,64.1441421508789,1925539
Unilever,1,UL,2024-07-16,64.35810852050781,64.6058578491211,64.16666412353516,64.57207489013672,1808057
Unilever,1,UL,2024-07-17,64.97747802734375,65.55180358886719,64.96621704101562,65.54054260253906,1886645
Unilever,1,UL,2024-07-18,65.93468475341797,66.01351165771484,65.3040542602539,65.36035919189453,1938238
Unilever,1,UL,2024-07-19,65.61936950683594,65.9459457397461,65.14639282226562,65.3490982055664,2715326
Unilever,1,UL,2024-07-22,65.68693542480469,65.74324035644531,65.05630493164062,65.49549865722656,2405770
Unilever,1,UL,2024-07-23,65.01126098632812,65.11260986328125,64.47071838378906,64.49324035644531,2023663
Unilever,1,UL,2024-07-24,63.53603744506836,64.17792510986328,63.51351547241211,63.67116928100586,3885266
Unilever,1,UL,2024-07-25,67.64639282226562,67.86035919189453,66.5090103149414,66.53153228759766,5154662
Unilever,1,UL,2024-07-26,68.08558654785156,68.56981658935547,67.8040542602539,68.38964080810547,7514789
Unilever,1,UL,2024-07-29,68.68243408203125,68.77252197265625,68.27702331542969,68.60360717773438,2785123
Unilever,1,UL,2024-07-30,68.36711883544922,68.87387084960938,68.09684753417969,68.76126098632812,3180461
Unilever,1,UL,2024-07-31,68.95270538330078,69.40315246582031,68.71621704101562,69.1441421508789,1941079
Unilever,1,UL,2024-08-01,69.08783721923828,69.59459686279297,68.59233856201172,69.40315246582031,2739746
Unilever,1,UL,2024-08-02,70.11260986328125,70.55180358886719,69.66216278076172,70.42792510986328,4253964
Unilever,1,UL,2024-08-05,68.3108139038086,68.52477264404297,67.88288116455078,68.37837982177734,3507511
Unilever,1,UL,2024-08-06,67.73648834228516,69.27928161621094,67.70270538330078,69.0540542602539,4652942
Unilever,1,UL,2024-08-07,69.02027130126953,69.51576232910156,68.7950439453125,68.80630493164062,2178175
Unilever,1,UL,2024-08-08,68.85134887695312,69.38063049316406,68.75,69.16666412353516,1525229
Unilever,1,UL,2024-08-09,68.34459686279297,68.37837982177734,67.8941421508789,68.06306457519531,3749580
Unilever,1,UL,2024-08-12,67.86035919189453,68.01802062988281,67.6351318359375,67.78153228759766,2506469
Unilever,1,UL,2024-08-13,68.01802062988281,68.52477264404297,67.95044708251953,68.46846771240234,1555066
Unilever,1,UL,2024-08-14,68.13063049316406,68.68243408203125,68.04054260253906,68.5360336303711,2276477
Unilever,1,UL,2024-08-15,68.7950439453125,69.1891860961914,68.5810775756836,69.08783721923828,2056519
Unilever,1,UL,2024-08-16,68.82882690429688,68.93018341064453,68.55855560302734,68.68243408203125,3062446
Unilever,1,UL,2024-08-19,68.76126098632812,69.35810852050781,68.72747802734375,69.20044708251953,1449926
Unilever,1,UL,2024-08-20,68.9189224243164,69.26802062988281,68.89639282226562,69.0990982055664,902652
Unilever,1,UL,2024-08-21,69.33558654785156,69.71846771240234,69.0990982055664,69.59459686279297,1372493
Unilever,1,UL,2024-08-22,70.83333587646484,71.159912109375,70.33783721923828,70.40540313720703,3962966
Unilever,1,UL,2024-08-23,70.83333587646484,71.6441421508789,70.70945739746094,71.62162017822266,2574046
Unilever,1,UL,2024-08-26,71.36260986328125,71.80180358886719,71.36260986328125,71.65540313720703,1642800
Unilever,1,UL,2024-08-27,72.07207489013672,72.35360717773438,71.90315246582031,72.17342376708984,2089642
Unilever,1,UL,2024-08-28,72.1058578491211,72.51126098632812,72.02702331542969,72.51126098632812,3178507
Unilever,1,UL,2024-08-29,72.38739013671875,73.38964080810547,72.38739013671875,73.26576232910156,3942187
Unilever,1,UL,2024-08-30,72.96171569824219,73.10810852050781,72.4549560546875,72.96171569824219,2750491
Unilever,1,UL,2024-09-03,72.97297668457031,73.23197937011719,72.8490982055664,73.04054260253906,2308534
Unilever,1,UL,2024-09-04,73.07432556152344,73.51351165771484,73.07432556152344,73.3108139038086,1582771
Unilever,1,UL,2024-09-05,73.55855560302734,74.0090103149414,73.50225067138672,73.71621704101562,2109533
Unilever,1,UL,2024-09-06,73.7049560546875,73.93018341064453,73.46846771240234,73.47972869873047,2186966
Unilever,1,UL,2024-09-09,73.71621704101562,74.16666412353516,73.60360717773438,73.86260986328125,2249393
Unilever,1,UL,2024-09-10,73.78378295898438,73.87387084960938,73.28828430175781,73.59233856201172,2970094
Unilever,1,UL,2024-09-11,73.36711883544922,73.42342376708984,72.62387084960938,73.07432556152344,1993560
Unilever,1,UL,2024-09-12,72.8490982055664,73.11936950683594,72.46621704101562,73.06306457519531,1571316
Unilever,1,UL,2024-09-13,73.16441345214844,73.46846771240234,73.09684753417969,73.26576232910156,1842511
Unilever,1,UL,2024-09-16,73.80630493164062,73.89639282226562,73.59233856201172,73.82882690429688,1201464
Unilever,1,UL,2024-09-17,73.05180358886719,73.36711883544922,72.8490982055664,72.99549865722656,1811076
Unilever,1,UL,2024-09-18,73.09684753417969,73.15315246582031,72.42117309570312,72.48873901367188,1361304
Unilever,1,UL,2024-09-19,72.69144439697266,72.7590103149414,72.2860336303711,72.43243408203125,1583215
Unilever,1,UL,2024-09-20,72.53378295898438,72.57882690429688,72.26351165771484,72.53378295898438,1080607
Unilever,1,UL,2024-09-23,72.87162017822266,73.32207489013672,72.74774932861328,73.08558654785156,1278365
Unilever,1,UL,2024-09-24,72.77027130126953,73.20945739746094,72.5450439453125,72.9391860961914,1414051
Unilever,1,UL,2024-09-25,73.63739013671875,73.76126098632812,73.50225067138672,73.5360336303711,1101209
Unilever,1,UL,2024-09-26,72.88288116455078,73.54729461669922,72.6689224243164,73.46846771240234,1184503
Unilever,1,UL,2024-09-27,73.82882690429688,74.17792510986328,73.62612915039062,73.69369506835938,1236451
Unilever,1,UL,2024-09-30,73.71621704101562,73.75,72.77027130126953,73.15315246582031,1666332
Unilever,0,ULVR.L,2024-01-02,4069.8173828125,4097.62353515625,4060.1923828125,4090.13720703125,4431933
Unilever,0,ULVR.L,2024-01-03,4115.26953125,4200.82568359375,4115.26953125,4120.61669921875,6557788
Unilever,0,ULVR.L,2024-01-04,4097.62353515625,4110.45703125,4083.185546875,4109.38720703125,9744895
Unilever,0,ULVR.L,2024-01-05,4102.970703125,4112.06103515625,4081.046630859375,4094.94970703125,4199792
Unilever,0,ULVR.L,2024-01-08,4093.880126953125,4101.90087890625,4071.421630859375,4098.158203125,10677207
Unilever,0,ULVR.L,2024-01-09,4098.158203125,4132.91552734375,4089.602294921875,4128.10302734375,2882308
Unilever,0,ULVR.L,2024-01-10,4131.31103515625,4135.5888671875,4095.484375,4098.158203125,4060223
Unilever,0,ULVR.L,2024-01-11,4097.62353515625,4099.2275390625,4057.518798828125,4059.122802734375,3467757
Unilever,0,ULVR.L,2024-01-12,4091.20654296875,4131.31103515625,4082.1162109375,4112.595703125,5162396
Unilever,0,ULVR.L,2024-01-15,4094.94970703125,4123.443359375,4068.748046875,4082.1162109375,2669358
Unilever,0,ULVR.L,2024-01-16,4082.1162109375,4094.94970703125,4063.935302734375,4078.90771484375,3038280
Unilever,0,ULVR.L,2024-01-17,4053.24072265625,4059.0908203125,4001.639404296875,4022.2265625,3172796
Unilever,0,ULVR.L,2024-01-18,4007.254150390625,4014.740478515625,3965.762451171875,3966.080078125,9879304
Unilever,0,ULVR.L,2024-01-19,3986.39990234375,4010.462646484375,3938.274169921875,3968.75390625,6351411
Unilever,0,ULVR.L,2024-01-22,3981.587158203125,3981.587158203125,3936.13525390625,3950.572998046875,4968789
Unilever,0,ULVR.L,2024-01-23,3951.107666015625,4012.66357421875,3940.4130859375,3994.420654296875,10137337
Unilever,0,ULVR.L,2024-01-24,3986.39990234375,4010.462646484375,3960.73291015625,3982.65673828125,5021296
Unilever,0,ULVR.L,2024-01-25,3967.684326171875,3990.677490234375,3951.642333984375,3986.9345703125,3156618
Unilever,0,ULVR.L,2024-01-26,4023.2958984375,4089.067626953125,4020.087646484375,4089.067626953125,4723583
Unilever,0,ULVR.L,2024-01-29,4066.07421875,4099.2275390625,4063.068115234375,4091.7412109375,3995997
Unilever,0,ULVR.L,2024-01-30,4100.83154296875,4150.5615234375,4099.2275390625,4123.2900390625,4180519
Unilever,0,ULVR.L,2024-01-31,4131.31103515625,4163.9296875,4114.19970703125,4114.19970703125,4068460
Unilever,0,ULVR.L,2024-02-01,4141.47119140625,4151.630859375,4093.345458984375,4123.2900390625,3848080
Unilever,0,ULVR.L,2024-02-02,4161.255859375,4170.87353515625,4123.2900390625,4133.4501953125,4821959
Unilever,0,ULVR.L,2024-02-05,4144.67919921875,4202.43017578125,4142.54052734375,4190.13134765625,5185977
Unilever,0,ULVR.L,2024-02-06,4201.8955078125,4247.34716796875,4193.87451171875,4233.97900390625,6534054
Unilever,0,ULVR.L,2024-02-07,4220.61083984375,4232.90966796875,4167.13818359375,4172.4853515625,7696732
Unilever,0,ULVR.L,2024-02-08,4282.63916015625,4347.34130859375,4273.548828125,4304.0283203125,7727925
Unilever,0,ULVR.L,2024-02-09,4286.38232421875,4306.7021484375,4260.71533203125,4283.70849609375,5087466
Unilever,0,ULVR.L,2024-02-12,4284.7783203125,4290.66015625,4252.6943359375,4270.34033203125,5123935
Unilever,0,ULVR.L,2024-02-13,4280.50048828125,4292.26416015625,4251.09033203125,4269.8056640625,6295403
Unilever,0,ULVR.L,2024-02-14,4280.50048828125,4305.82421875,4259.64599609375,4262.8544921875,2263592
Unilever,0,ULVR.L,2024-02-15,4263.38916015625,4277.2919921875,4233.8623046875,4257.50732421875,3458228
Unilever,0,ULVR.L,2024-02-16,4261.78466796875,4321.1396484375,4260.71533203125,4309.37548828125,5169694
Unilever,0,ULVR.L,2024-02-19,4299.2158203125,4340.39013671875,4294.4033203125,4327.021484375,5690682
Unilever,0,ULVR.L,2024-02-20,4336.1123046875,4348.94580078125,4314.72314453125,4334.5078125,2438661
Unilever,0,ULVR.L,2024-02-21,4348.4111328125,4362.31396484375,4319.27880859375,4336.1123046875,2192675
Unilever,0,ULVR.L,2024-02-22,4293.86865234375,4307.17822265625,4259.111328125,4277.82666015625,12664189
Unilever,0,ULVR.L,2024-02-23,4282.1044921875,4299.2158203125,4262.31982421875,4279.9658203125,5440080
Unilever,0,ULVR.L,2024-02-26,4277.82666015625,4286.38232421875,4255.3681640625,4273.548828125,4555284
Unilever,0,ULVR.L,2024-02-27,4213.6591796875,4230.7705078125,4168.7421875,4187.45751953125,3982641
Unilever,0,ULVR.L,2024-02-28,4173.5546875,4176.76318359375,4129.17236328125,4149.49169921875,3769434
Unilever,0,ULVR.L,2024-02-29,4147.8876953125,4165.166015625,4134.2275390625,4135.05419921875,6857097
Unilever,0,ULVR.L,2024-03-01,4152.7001953125,4171.95068359375,4131.31103515625,4136.65869140625,2847021
Unilever,0,ULVR.L,2024-03-04,4148.42236328125,4152.16552734375,4125.9638671875,4131.31103515625,2422833
Unilever,0,ULVR.L,2024-03-05,4139.33203125,4147.35302734375,4124.8935546875,4139.33203125,2730334
Unilever,0,ULVR.L,2024-03-06,4133.4501953125,4141.47119140625,4094.414794921875,4124.89453125,5117879
Unilever,0,ULVR.L,2024-03-07,4114.734375,4124.89453125,4096.01904296875,4101.3662109375,3591000
Unilever,0,ULVR.L,2024-03-08,4101.3662109375,4105.64404296875,4077.3037109375,4101.90087890625,2565378
Unilever,0,ULVR.L,2024-03-11,4094.414794921875,4125.9638671875,4094.414794921875,4120.61669921875,3758664
Unilever,0,ULVR.L,2024-03-12,4148.95703125,4166.60302734375,4143.60986328125,4155.3740234375,4193365
Unilever,0,ULVR.L,2024-03-13,4153.77001953125,4177.83251953125,4147.35302734375,4176.228515625,4278117
Unilever,0,ULVR.L,2024-03-14,4170.34619140625,4182.1103515625,4138.26171875,4154.83935546875,6071039
Unilever,0,ULVR.L,2024-03-15,4145.7490234375,4156.443359375,4110.99169921875,4118.4775390625,10108004
Unilever,0,ULVR.L,2024-03-18,4116.87353515625,4123.2900390625,4073.293212890625,4076.234130859375,9368053
Unilever,0,ULVR.L,2024-03-19,4255.90283203125,4319.53564453125,4192.27001953125,4201.8955078125,7794095
Unilever,0,ULVR.L,2024-03-20,4187.9921875,4187.9921875,4132.91552734375,4140.9365234375,4040830
Unilever,0,ULVR.L,2024-03-21,4145.2138671875,4192.8046875,4131.31103515625,4178.3671875,5442494
Unilever,0,ULVR.L,2024-03-22,4204.0341796875,4270.34033203125,4195.478515625,4252.6943359375,10681882
Unilever,0,ULVR.L,2024-03-25,4238.79150390625,4256.4375,4229.7001953125,4232.375,3086884
Unilever,0,ULVR.L,2024-03-26,4207.77734375,4252.6943359375,4199.2216796875,4241.46533203125,5752964
Unilever,0,ULVR.L,2024-03-27,4223.2841796875,4248.951171875,4204.56884765625,4237.1875,5467539
Unilever,0,ULVR.L,2024-03-28,4250.5556640625,4259.111328125,4230.7705078125,4251.625,3231798
Unilever,0,ULVR.L,2024-04-02,4252.15966796875,4255.3681640625,4203.49853515625,4208.31201171875,4047974
Unilever,0,ULVR.L,2024-04-03,4192.27001953125,4199.75634765625,4148.42236328125,4148.42236328125,5989450
Unilever,0,ULVR.L,2024-04-04,4148.42236328125,4159.1171875,4128.49951171875,4140.9365234375,3527324
Unilever,0,ULVR.L,2024-04-05,4130.24169921875,4135.4169921875,4094.94970703125,4103.50537109375,4482994
Unilever,0,ULVR.L,2024-04-08,4102.43603515625,4107.783203125,4076.768798828125,4082.1162109375,3402604
Unilever,0,ULVR.L,2024-04-09,4071.421630859375,4091.7412109375,4048.962890625,4086.39404296875,5106771
Unilever,0,ULVR.L,2024-04-10,4096.01904296875,4103.50537109375,4073.024658203125,4082.1162109375,10722721
Unilever,0,ULVR.L,2024-04-11,4073.560546875,4098.158203125,4058.588134765625,4077.83837890625,4423566
Unilever,0,ULVR.L,2024-04-12,4081.046630859375,4092.810791015625,4054.310302734375,4058.588134765625,4547380
Unilever,0,ULVR.L,2024-04-15,4048.962890625,4056.44921875,4019.018310546875,4031.851806640625,4674733
Unilever,0,ULVR.L,2024-04-16,4015.809814453125,4039.337890625,3996.5595703125,4004.0458984375,4597104
Unilever,0,ULVR.L,2024-04-17,4000.83740234375,4038.268310546875,3989.073486328125,3997.629150390625,8802618
Unilever,0,ULVR.L,2024-04-18,4014.740478515625,4059.65771484375,4007.254150390625,4031.851806640625,6284270
Unilever,0,ULVR.L,2024-04-19,4024.365478515625,4093.880126953125,4020.087646484375,4075.699462890625,6212930
Unilever,0,ULVR.L,2024-04-22,4121.68603515625,4158.04736328125,4105.64404296875,4154.83935546875,3208035
Unilever,0,ULVR.L,2024-04-23,4179.4365234375,4184.7841796875,4112.06103515625,4129.17236328125,4407688
Unilever,0,ULVR.L,2024-04-24,4134.51953125,4156.97802734375,4117.408203125,4131.31103515625,4766132
Unilever,0,ULVR.L,2024-04-25,4328.09130859375,4382.0986328125,4278.89599609375,4365.52197265625,11279964
Unilever,0,ULVR.L,2024-04-26,4384.7724609375,4433.96728515625,4381.56396484375,4420.064453125,4566794
Unilever,0,ULVR.L,2024-04-29,4405.09228515625,4433.96728515625,4390.11962890625,4390.11962890625,3180783
Unilever,0,ULVR.L,2024-04-30,4396.53662109375,4440.38427734375,4390.11962890625,4427.55078125,231089
Unilever,0,ULVR.L,2024-05-01,4429.689453125,4420.064453125,4420.064453125,4427.55078125,2961623
Unilever,0,ULVR.L,2024-05-02,4436.1064453125,4472.4677734375,4405.09228515625,4470.3291015625,3719836
Unilever,0,ULVR.L,2024-05-03,4453.2177734375,4478.884765625,4427.55078125,4478.884765625,2185760
Unilever,0,ULVR.L,2024-05-07,4463.912109375,4515.24609375,4463.912109375,4504.5517578125,3890870
Unilever,0,ULVR.L,2024-05-08,4518.45458984375,4555.8857421875,4510.96826171875,4522.732421875,2760758
Unilever,0,ULVR.L,2024-05-09,4524.87109375,4562.30224609375,4493.85693359375,4562.30224609375,4225216
Unilever,0,ULVR.L,2024-05-10,4560.1630859375,4592.2470703125,4530.21826171875,4585.830078125,2933104
Unilever,0,ULVR.L,2024-05-13,4579.41357421875,4635.025390625,4552.67724609375,4613.63623046875,3339170
Unilever,0,ULVR.L,2024-05-14,4609.3583984375,4641.44189453125,4577.2744140625,4586.89990234375,6466879
Unilever,0,ULVR.L,2024-05-15,4591.177734375,4618.9833984375,4560.1630859375,4598.66357421875,2558339
Unilever,0,ULVR.L,2024-05-16,4560.1630859375,4604.01123046875,4525.94091796875,4577.2744140625,2488535
Unilever,0,ULVR.L,2024-05-17,4589.03857421875,4625.400390625,4541.982421875,4615.77490234375,4947660
Unilever,0,ULVR.L,2024-05-20,4618.9833984375,4653.2060546875,4581.55224609375,4582.6220703125,2703586
Unilever,0,ULVR.L,2024-05-21,4556.955078125,4610.427734375,4529.14892578125,4575.1357421875,3350065
Unilever,0,ULVR.L,2024-05-22,4548.3994140625,4595.45556640625,4523.8017578125,4571.92724609375,5707309
Unilever,0,ULVR.L,2024-05-23,4633.95556640625,4659.62255859375,4544.12158203125,4611.4970703125,6164701
Unilever,0,ULVR.L,2024-05-24,4568.71923828125,4639.30322265625,4537.70458984375,4594.3857421875,3924040
Unilever,0,ULVR.L,2024-05-28,4575.1357421875,4622.19189453125,4535.56591796875,4551.60791015625,2537782
Unilever,0,ULVR.L,2024-05-29,4529.14892578125,4539.84375,4501.34326171875,4517.384765625,5313301
Unilever,0,ULVR.L,2024-05-30,4513.107421875,4568.71923828125,4486.37060546875,4554.81591796875,5014454
Unilever,0,ULVR.L,2024-05-31,4548.3994140625,4582.6220703125,4521.6630859375,4576.205078125,8331859
Unilever,0,ULVR.L,2024-06-03,4606.14990234375,4631.81689453125,4595.45556640625,4606.14990234375,4134456
Unilever,0,ULVR.L,2024-06-04,4646.7890625,4693.84521484375,4615.77490234375,4670.3173828125,5022283
Unilever,0,ULVR.L,2024-06-05,4702.40087890625,4721.6513671875,4642.51171875,4684.22021484375,3284134
Unilever,0,ULVR.L,2024-06-06,4674.59521484375,4713.095703125,4646.7890625,4693.84521484375,4796862
Unilever,0,ULVR.L,2024-06-07,4709.88720703125,4724.859375,4689.5673828125,4701.33154296875,3702596
Unilever,0,ULVR.L,2024-06-10,4639.30322265625,4712.0263671875,4617.9140625,4672.45654296875,3294169
Unilever,0,ULVR.L,2024-06-11,4693.84521484375,4715.234375,4636.0947265625,4659.62255859375,3256942
Unilever,0,ULVR.L,2024-06-12,4683.15087890625,4719.51220703125,4630.74755859375,4698.123046875,4272442
Unilever,0,ULVR.L,2024-06-13,4703.470703125,4721.6513671875,4681.01171875,4721.6513671875,2576504
Unilever,0,ULVR.L,2024-06-14,4722.720703125,4759.08251953125,4716.30419921875,4759.08251953125,4730093
Unilever,0,ULVR.L,2024-06-17,4765.4990234375,4772.9853515625,4717.37353515625,4741.970703125,2370182
Unilever,0,ULVR.L,2024-06-18,4745.17919921875,4759.08251953125,4731.2763671875,4746.2490234375,4088612
Unilever,0,ULVR.L,2024-06-19,4722.720703125,4743.04052734375,4705.609375,4740.9013671875,2826631
Unilever,0,ULVR.L,2024-06-20,4747.318359375,4769.77685546875,4706.6787109375,4740.9013671875,8585220
Unilever,0,ULVR.L,2024-06-21,4739.83203125,4769.77685546875,4704.5400390625,4741.970703125,8350374
Unilever,0,ULVR.L,2024-06-24,4732.345703125,4769.77685546875,4705.609375,4745.17919921875,4180061
Unilever,0,ULVR.L,2024-06-25,4745.17919921875,4774.0546875,4716.30419921875,4735.55419921875,2522814
Unilever,0,ULVR.L,2024-06-26,4739.83203125,4749.45703125,4702.40087890625,4726.99853515625,3835204
Unilever,0,ULVR.L,2024-06-27,4722.720703125,4754.80419921875,4681.01171875,4681.01171875,2638012
Unilever,0,ULVR.L,2024-06-28,4693.84521484375,4726.99853515625,4631.60107421875,4646.7890625,4304063
Unilever,0,ULVR.L,2024-07-01,4664.97021484375,4699.19287109375,4617.9140625,4646.7890625,3577711
Unilever,0,ULVR.L,2024-07-02,4606.14990234375,4675.66455078125,4563.37158203125,4607.21923828125,4432973
Unilever,0,ULVR.L,2024-07-03,4644.650390625,4666.03955078125,4574.06640625,4600.802734375,5305515
Unilever,0,ULVR.L,2024-07-04,4627.5390625,4653.2060546875,4574.06640625,4637.1640625,2592920
Unilever,0,ULVR.L,2024-07-05,4644.650390625,4677.8037109375,4608.2890625,4629.67822265625,2709352
Unilever,0,ULVR.L,2024-07-08,4641.44189453125,4663.900390625,4632.88623046875,4649.99755859375,2059894
Unilever,0,ULVR.L,2024-07-09,4677.8037109375,4709.88720703125,4601.8720703125,4673.52587890625,4724938
Unilever,0,ULVR.L,2024-07-10,4658.55322265625,4714.1650390625,4629.67822265625,4714.1650390625,4607219
Unilever,0,ULVR.L,2024-07-11,4721.6513671875,4746.2490234375,4685.28955078125,4712.0263671875,3206684
Unilever,0,ULVR.L,2024-07-12,4716.30419921875,4749.45703125,4683.15087890625,4741.970703125,2723198
Unilever,0,ULVR.L,2024-07-15,4741.970703125,4781.541015625,4712.0263671875,4712.0263671875,3369778
Unilever,0,ULVR.L,2024-07-16,4687.4287109375,4740.9013671875,4653.2060546875,4715.234375,2200930
Unilever,0,ULVR.L,2024-07-17,4704.5400390625,4772.9853515625,4675.66455078125,4770.84619140625,2649938
Unilever,0,ULVR.L,2024-07-18,4833.9443359375,4861.75,4743.04052734375,4828.5966796875,2586419
Unilever,0,ULVR.L,2024-07-19,4806.13818359375,4842.5,4741.970703125,4807.2080078125,2943784
Unilever,0,ULVR.L,2024-07-22,4821.11083984375,4849.986328125,4797.58251953125,4797.58251953125,2791583
Unilever,0,ULVR.L,2024-07-23,4797.58251953125,4814.69384765625,4749.45703125,4753.73486328125,3860608
Unilever,0,ULVR.L,2024-07-24,4717.37353515625,4735.55419921875,4669.248046875,4702.40087890625,4239716
Unilever,0,ULVR.L,2024-07-25,4919.5009765625,5037.14111328125,4891.6328125,4995.43212890625,7374795
Unilever,0,ULVR.L,2024-07-26,4971.904296875,5070.29443359375,4948.3759765625,5070.29443359375,7226920
Unilever,0,ULVR.L,2024-07-29,5070.29443359375,5112.0029296875,5054.25244140625,5063.87744140625,2886151
Unilever,0,ULVR.L,2024-07-30,5056.39111328125,5085.2666015625,5035.001953125,5062.80810546875,3085803
Unilever,0,ULVR.L,2024-07-31,5091.68310546875,5122.943359375,5085.2666015625,5107.72509765625,3712474
Unilever,0,ULVR.L,2024-08-01,5110.93359375,5137.669921875,5090.61376953125,5114.14208984375,2841375
Unilever,0,ULVR.L,2024-08-02,5148.3642578125,5221.08740234375,5132.07666015625,5182.5869140625,4604510
Unilever,0,ULVR.L,2024-08-05,5221.08740234375,5261.72705078125,5059.599609375,5083.12744140625,6685502
Unilever,0,ULVR.L,2024-08-06,5090.61376953125,5128.044921875,5036.0712890625,5124.83642578125,4797927
Unilever,0,ULVR.L,2024-08-07,5144.0869140625,5191.142578125,5107.72509765625,5181.517578125,3194663
Unilever,0,ULVR.L,2024-08-08,5112.0029296875,5131.25341796875,5084.197265625,5113.072265625,4699818
Unilever,0,ULVR.L,2024-08-09,5084.197265625,5105.58642578125,5058.5302734375,5058.5302734375,3164692
Unilever,0,ULVR.L,2024-08-12,5052.11328125,5069.224609375,5028.58544921875,5041.4189453125,4048310
Unilever,0,ULVR.L,2024-08-13,5041.4189453125,5066.01611328125,5025.376953125,5054.25244140625,2405543
Unilever,0,ULVR.L,2024-08-14,5085.2666015625,5105.58642578125,4997.5712890625,5076.7109375,4612014
Unilever,0,ULVR.L,2024-08-15,5078.849609375,5106.65576171875,5070.29443359375,5101.30859375,2323446
Unilever,0,ULVR.L,2024-08-16,5090.61376953125,5092.7529296875,5039.27978515625,5056.39111328125,2702277
Unilever,0,ULVR.L,2024-08-19,5041.4189453125,5075.6416015625,5024.3076171875,5063.87744140625,1542418
Unilever,0,ULVR.L,2024-08-20,5056.39111328125,5061.73828125,5013.61279296875,5049.974609375,1784269
Unilever,0,ULVR.L,2024-08-21,5046.76611328125,5061.73828125,5036.0712890625,5061.73828125,2373479
Unilever,0,ULVR.L,2024-08-22,5112.0029296875,5155.8505859375,5112.0029296875,5123.76708984375,3874848
Unilever,0,ULVR.L,2024-08-23,5122.697265625,5146.2255859375,5105.58642578125,5145.15625,2622737
Unilever,0,ULVR.L,2024-08-27,5165.4755859375,5208.25390625,5152.64208984375,5177.23974609375,5348725
Unilever,0,ULVR.L,2024-08-28,5178.30908203125,5208.25390625,5170.8232421875,5205.0458984375,1869182
Unilever,0,ULVR.L,2024-08-29,5200.76806640625,5253.17138671875,5198.62890625,5253.17138671875,2746116
Unilever,0,ULVR.L,2024-08-30,5285.2548828125,5298.08837890625,5236.06005859375,5246.75439453125,3929065
Unilever,0,ULVR.L,2024-09-02,5255.31005859375,5276.69921875,5239.26806640625,5257.44921875,3752912
Unilever,0,ULVR.L,2024-09-03,5277.7685546875,5302.3662109375,5251.234375,5302.3662109375,4340316
Unilever,0,ULVR.L,2024-09-04,5284.185546875,5306.64404296875,5275.6298828125,5306.64404296875,3512027
Unilever,0,ULVR.L,2024-09-05,5300.2275390625,5346.2138671875,5288.46337890625,5330.171875,2526125
Unilever,0,ULVR.L,2024-09-06,5292.7412109375,5333.38037109375,5280.97705078125,5331.24169921875,3069484
Unilever,0,ULVR.L,2024-09-09,5338.72802734375,5383.64501953125,5322.68603515625,5383.64501953125,1884078
Unilever,0,ULVR.L,2024-09-10,5364.39453125,5381.505859375,5347.283203125,5347.283203125,4922841
Unilever,0,ULVR.L,2024-09-11,5360.11669921875,5360.11669921875,5304.50537109375,5313.06103515625,2267798
Unilever,0,ULVR.L,2024-09-12,5346.2138671875,5349.42236328125,5264.93505859375,5268.1435546875,3108915
Unilever,0,ULVR.L,2024-09-13,5288.46337890625,5307.71337890625,5278.83837890625,5282.04638671875,3344007
Unilever,0,ULVR.L,2024-09-16,5279.90771484375,5311.9912109375,5278.83837890625,5293.810546875,2013098
Unilever,0,ULVR.L,2024-09-17,5345.14453125,5353.7001953125,5245.68505859375,5279.90771484375,3155863
Unilever,0,ULVR.L,2024-09-18,5263.86572265625,5293.810546875,5212.53173828125,5216.8095703125,4295799
Unilever,0,ULVR.L,2024-09-19,5239.26806640625,5256.37939453125,5181.517578125,5190.0732421875,4374299
Unilever,0,ULVR.L,2024-09-20,5179.37890625,5214.6708984375,5166.54541015625,5190.0732421875,6810899
Unilever,0,ULVR.L,2024-09-23,5190.0732421875,5225.89892578125,5172.9619140625,5210.39306640625,2433958
Unilever,0,ULVR.L,2024-09-24,5191.142578125,5205.0458984375,5150.50341796875,5194.35107421875,4524540
Unilever,0,ULVR.L,2024-09-25,5175.10107421875,5246.75439453125,5171.892578125,5241.4072265625,4348603
Unilever,0,ULVR.L,2024-09-26,5269.212890625,5279.90771484375,5137.13525390625,5205.0458984375,4956336
Unilever,0,ULVR.L,2024-09-27,5212.53173828125,5255.31005859375,5195.42041015625,5233.9208984375,5196201
Unilever,0,ULVR.L,2024-09-30,5241.4072265625,5246.75439453125,5174.9970703125,5175.10107421875,6221401
BP,1,BP,2024-01-02,35.63999938964844,35.81999969482422,35.43000030517578,35.5,6915200
BP,1,BP,2024-01-03,35.56999969482422,36.18000030517578,35.439998626708984,36,8032400
BP,1,BP,2024-01-04,36.439998626708984,36.47999954223633,35.72999954223633,35.7599983215332,6915000
BP,1,BP,2024-01-05,36.15999984741211,36.25,35.83000183105469,36.029998779296875,8369000
BP,1,BP,2024-01-08,35.369998931884766,35.459999084472656,35.0099983215332,35.43000030517578,11581400
BP,1,BP,2024-01-09,35.5,35.5099983215332,34.88999938964844,34.88999938964844,9485800
BP,1,BP,2024-01-10,35.06999969482422,35.099998474121094,34.619998931884766,34.70000076293945,9578500
BP,1,BP,2024-01-11,35,35.040000915527344,34.52000045776367,34.61000061035156,10093300
BP,1,BP,2024-01-12,35.11000061035156,35.20000076293945,34.709999084472656,34.86000061035156,9355200
BP,1,BP,2024-01-16,34.599998474121094,34.61000061035156,34.08000183105469,34.279998779296875,10905700
BP,1,BP,2024-01-17,33.77000045776367,34.150001525878906,33.52000045776367,33.900001525878906,9598300
BP,1,BP,2024-01-18,33.959999084472656,34.04999923706055,33.599998474121094,34.029998779296875,11095000
BP,1,BP,2024-01-19,34.02000045776367,34.02000045776367,33.75,33.849998474121094,9540500
BP,1,BP,2024-01-22,34,34.36000061035156,33.619998931884766,34.25,11724900
BP,1,BP,2024-01-23,34.09000015258789,34.41999816894531,34.08000183105469,34.25,8103400
BP,1,BP,2024-01-24,34.470001220703125,34.619998931884766,34.400001525878906,34.560001373291016,9333900
BP,1,BP,2024-01-25,34.849998474121094,35.15999984741211,34.63999938964844,35.150001525878906,8407900
BP,1,BP,2024-01-26,35.43000030517578,35.63999938964844,35.099998474121094,35.630001068115234,8554200
BP,1,BP,2024-01-29,35.68000030517578,35.70000076293945,35.290000915527344,35.630001068115234,7709000
BP,1,BP,2024-01-30,35.5,35.91999816894531,35.279998779296875,35.88999938964844,8170100
BP,1,BP,2024-01-31,35.61000061035156,35.709999084472656,35.08000183105469,35.099998474121094,9114000
BP,1,BP,2024-02-01,35.41999816894531,35.68000030517578,34.93000030517578,35.130001068115234,11885600
BP,1,BP,2024-02-02,34.84000015258789,34.900001525878906,34.459999084472656,34.63999938964844,14654800
BP,1,BP,2024-02-05,34.04999923706055,34.5,33.93000030517578,34.2400016784668,14072800
BP,1,BP,2024-02-06,35.7599983215332,36.529998779296875,35.7400016784668,36.38999938964844,19734900
BP,1,BP,2024-02-07,36.18000030517578,36.349998474121094,35.900001525878906,36.16999816894531,13891100
BP,1,BP,2024-02-08,36.130001068115234,36.310001373291016,35.970001220703125,36.209999084472656,8758400
BP,1,BP,2024-02-09,36.470001220703125,36.66999816894531,36.22999954223633,36.36000061035156,9577400
BP,1,BP,2024-02-12,36.349998474121094,36.54999923706055,36.220001220703125,36.43000030517578,7292600
BP,1,BP,2024-02-13,36.619998931884766,36.650001525878906,35.83000183105469,36.040000915527344,8375000
BP,1,BP,2024-02-14,36.20000076293945,36.290000915527344,35.599998474121094,35.7599983215332,11756200
BP,1,BP,2024-02-15,34.86000061035156,35.720001220703125,34.84000015258789,35.61000061035156,10280800
BP,1,BP,2024-02-16,35.72999954223633,35.77000045776367,35.45000076293945,35.45000076293945,7086800
BP,1,BP,2024-02-20,35.560001373291016,35.59000015258789,35.27000045776367,35.380001068115234,7849200
BP,1,BP,2024-02-21,35.40999984741211,35.77000045776367,35.279998779296875,35.70000076293945,9095700
BP,1,BP,2024-02-22,35.52000045776367,35.66999816894531,35.220001220703125,35.4900016784668,5497300
BP,1,BP,2024-02-23,35.22999954223633,35.459999084472656,35.04999923706055,35.380001068115234,6716100
BP,1,BP,2024-02-26,35.380001068115234,35.540000915527344,35.220001220703125,35.31999969482422,5200900
BP,1,BP,2024-02-27,35.54999923706055,35.63999938964844,35.31999969482422,35.41999816894531,10365600
BP,1,BP,2024-02-28,35.209999084472656,35.380001068115234,34.939998626708984,34.959999084472656,9406600
BP,1,BP,2024-02-29,35.06999969482422,35.189998626708984,34.869998931884766,34.9900016784668,9328600
BP,1,BP,2024-03-01,35.43000030517578,35.81999969482422,35.31999969482422,35.63999938964844,7269400
BP,1,BP,2024-03-04,36,36.029998779296875,35.61000061035156,35.66999816894531,7039700
BP,1,BP,2024-03-05,35.63999938964844,35.95000076293945,35.58000183105469,35.79999923706055,5517700
BP,1,BP,2024-03-06,36.439998626708984,36.63999938964844,36.33000183105469,36.41999816894531,12111500
BP,1,BP,2024-03-07,36.31999969482422,36.650001525878906,36.279998779296875,36.43000030517578,6869000
BP,1,BP,2024-03-08,36.599998474121094,36.689998626708984,36.2400016784668,36.40999984741211,8781800
BP,1,BP,2024-03-11,36.15999984741211,36.4900016784668,35.959999084472656,36.4900016784668,7315500
BP,1,BP,2024-03-12,36.70000076293945,36.7400016784668,36.4900016784668,36.650001525878906,5561400
BP,1,BP,2024-03-13,37,37.38999938964844,37,37.31999969482422,8308000
BP,1,BP,2024-03-14,37.439998626708984,37.5099983215332,37.13999938964844,37.4900016784668,6310000
BP,1,BP,2024-03-15,37.58000183105469,37.79999923706055,37.400001525878906,37.4900016784668,6677900
BP,1,BP,2024-03-18,37.7400016784668,37.939998626708984,37.470001220703125,37.790000915527344,5722200
BP,1,BP,2024-03-19,37.77000045776367,38.040000915527344,37.7400016784668,37.84000015258789,6784500
BP,1,BP,2024-03-20,37.45000076293945,38.02000045776367,37.41999816894531,37.88999938964844,5237900
BP,1,BP,2024-03-21,37.93000030517578,38.040000915527344,37.65999984741211,37.72999954223633,8087300
BP,1,BP,2024-03-22,37.869998931884766,37.869998931884766,37.65999984741211,37.79999923706055,3696200
BP,1,BP,2024-03-25,38.119998931884766,38.47999954223633,38.11000061035156,38.2599983215332,8388700
BP,1,BP,2024-03-26,38.189998626708984,38.220001220703125,37.560001373291016,37.56999969482422,7600900
BP,1,BP,2024-03-27,37.22999954223633,37.4900016784668,37.189998626708984,37.459999084472656,5929300
BP,1,BP,2024-03-28,37.63999938964844,37.810001373291016,37.4900016784668,37.68000030517578,4795500
BP,1,BP,2024-04-01,37.86000061035156,38.040000915527344,37.29999923706055,37.939998626708984,6296900
BP,1,BP,2024-04-02,38.380001068115234,38.709999084472656,38.16999816894531,38.650001525878906,7712900
BP,1,BP,2024-04-03,38.560001373291016,38.939998626708984,38.349998474121094,38.810001373291016,8960600
BP,1,BP,2024-04-04,38.650001525878906,38.72999954223633,38.310001373291016,38.400001525878906,13924400
BP,1,BP,2024-04-05,38.470001220703125,38.709999084472656,38.15999984741211,38.65999984741211,13131500
BP,1,BP,2024-04-08,38.810001373291016,39.189998626708984,38.54999923706055,38.90999984741211,13684900
BP,1,BP,2024-04-09,39.4900016784668,39.54999923706055,39.150001525878906,39.290000915527344,12545100
BP,1,BP,2024-04-10,39.13999938964844,39.459999084472656,38.91999816894531,39.41999816894531,13987900
BP,1,BP,2024-04-11,39.75,40,38.900001525878906,39.650001525878906,16238800
BP,1,BP,2024-04-12,40.06999969482422,40.400001525878906,39.349998474121094,39.439998626708984,21705300
BP,1,BP,2024-04-15,39.529998779296875,39.54999923706055,38.93000030517578,39.06999969482422,18249000
BP,1,BP,2024-04-16,38.63999938964844,38.779998779296875,38.189998626708984,38.630001068115234,13299800
BP,1,BP,2024-04-17,38.560001373291016,38.88999938964844,38.119998931884766,38.369998931884766,10024300
BP,1,BP,2024-04-18,38.290000915527344,38.459999084472656,37.869998931884766,37.91999816894531,10051700
BP,1,BP,2024-04-19,38.11000061035156,38.560001373291016,38.02000045776367,38.52000045776367,10389300
BP,1,BP,2024-04-22,38.43000030517578,39.150001525878906,38.130001068115234,38.90999984741211,13435700
BP,1,BP,2024-04-23,38.90999984741211,39.470001220703125,38.689998626708984,39.290000915527344,13510600
BP,1,BP,2024-04-24,39.58000183105469,39.58000183105469,39.08000183105469,39.34000015258789,8037800
BP,1,BP,2024-04-25,39.400001525878906,39.72999954223633,39.099998474121094,39.619998931884766,6369900
BP,1,BP,2024-04-26,39.5,39.599998474121094,39.11000061035156,39.470001220703125,6807200
BP,1,BP,2024-04-29,39.41999816894531,39.54999923706055,39.290000915527344,39.470001220703125,9570400
BP,1,BP,2024-04-30,39.59000015258789,39.65999984741211,38.72999954223633,38.77000045776367,12085000
BP,1,BP,2024-05-01,38.43000030517578,38.529998779296875,37.9900016784668,38.220001220703125,11142200
BP,1,BP,2024-05-02,38.5099983215332,38.84000015258789,38.439998626708984,38.66999816894531,10021200
BP,1,BP,2024-05-03,38.47999954223633,38.7400016784668,38.11000061035156,38.70000076293945,8070800
BP,1,BP,2024-05-06,38.97999954223633,39.47999954223633,38.91999816894531,39.040000915527344,9853600
BP,1,BP,2024-05-07,38.13999938964844,38.279998779296875,37.5099983215332,37.58000183105469,15953100
BP,1,BP,2024-05-08,37.13999938964844,37.59000015258789,37.040000915527344,37.529998779296875,9648400
BP,1,BP,2024-05-09,37.849998474121094,38.099998474121094,37.779998779296875,38.040000915527344,7583000
BP,1,BP,2024-05-10,38.369998931884766,38.439998626708984,37.779998779296875,37.84000015258789,6165200
BP,1,BP,2024-05-13,38.040000915527344,38.15999984741211,37.880001068115234,38.099998474121094,6142900
BP,1,BP,2024-05-14,38.13999938964844,38.15999984741211,37.779998779296875,37.959999084472656,5925100
BP,1,BP,2024-05-15,37.84000015258789,37.93000030517578,37.279998779296875,37.7599983215332,7873600
BP,1,BP,2024-05-16,37.33000183105469,37.38999938964844,37.0099983215332,37.11000061035156,7899500
BP,1,BP,2024-05-17,37.290000915527344,37.59000015258789,37.209999084472656,37.4900016784668,6458500
BP,1,BP,2024-05-20,37.540000915527344,37.599998474121094,37.220001220703125,37.2599983215332,3736900
BP,1,BP,2024-05-21,37.29999923706055,37.470001220703125,37.029998779296875,37.060001373291016,6526900
BP,1,BP,2024-05-22,36.790000915527344,36.900001525878906,36.439998626708984,36.560001373291016,9517000
BP,1,BP,2024-05-23,37,37.150001525878906,36.33000183105469,36.41999816894531,7323700
BP,1,BP,2024-05-24,36.720001220703125,36.88999938964844,36.63999938964844,36.720001220703125,8183700
BP,1,BP,2024-05-28,37.31999969482422,37.4900016784668,37.119998931884766,37.400001525878906,8891700
BP,1,BP,2024-05-29,37.5099983215332,37.52000045776367,37,37.119998931884766,5612100
BP,1,BP,2024-05-30,36.900001525878906,37.130001068115234,36.81999969482422,36.93000030517578,5244900
BP,1,BP,2024-05-31,37.130001068115234,37.58000183105469,37.060001373291016,37.56999969482422,4452700
BP,1,BP,2024-06-03,37.29999923706055,37.310001373291016,36.34000015258789,36.400001525878906,7013500
BP,1,BP,2024-06-04,35.58000183105469,35.65999984741211,35.290000915527344,35.560001373291016,14236100
BP,1,BP,2024-06-05,35.65999984741211,35.65999984741211,35.22999954223633,35.33000183105469,5522100
BP,1,BP,2024-06-06,35.38999938964844,35.560001373291016,35.27000045776367,35.45000076293945,7633100
BP,1,BP,2024-06-07,35.349998474121094,35.630001068115234,35.130001068115234,35.2599983215332,9836900
BP,1,BP,2024-06-10,35.58000183105469,36.13999938964844,35.470001220703125,35.91999816894531,10584600
BP,1,BP,2024-06-11,35.709999084472656,35.869998931884766,35.5099983215332,35.66999816894531,5439900
BP,1,BP,2024-06-12,36.290000915527344,36.29999923706055,35.43000030517578,35.560001373291016,8880500
BP,1,BP,2024-06-13,35.43000030517578,35.47999954223633,34.9900016784668,35.189998626708984,5188000
BP,1,BP,2024-06-14,35.06999969482422,35.150001525878906,34.709999084472656,34.88999938964844,7014300
BP,1,BP,2024-06-17,35.029998779296875,35.22999954223633,34.72999954223633,35.11000061035156,5230500
BP,1,BP,2024-06-18,35.47999954223633,35.63999938964844,35.31999969482422,35.38999938964844,6023200
BP,1,BP,2024-06-20,35.54999923706055,35.91999816894531,35.47999954223633,35.709999084472656,5149000
BP,1,BP,2024-06-21,35.709999084472656,35.810001373291016,35.459999084472656,35.5099983215332,6500500
BP,1,BP,2024-06-24,35.72999954223633,36.34000015258789,35.72999954223633,36.25,5293000
BP,1,BP,2024-06-25,36.130001068115234,36.130001068115234,35.90999984741211,36.08000183105469,3767100
BP,1,BP,2024-06-26,35.849998474121094,35.88999938964844,35.58000183105469,35.720001220703125,6383100
BP,1,BP,2024-06-27,36.099998474121094,36.15999984741211,35.779998779296875,35.970001220703125,4268500
BP,1,BP,2024-06-28,36.150001525878906,36.2599983215332,35.869998931884766,36.099998474121094,5322000
BP,1,BP,2024-07-01,36.25,36.59000015258789,36.130001068115234,36.43000030517578,5982100
BP,1,BP,2024-07-02,36.849998474121094,36.91999816894531,36.58000183105469,36.7599983215332,7291000
BP,1,BP,2024-07-03,36.869998931884766,37.09000015258789,36.83000183105469,36.970001220703125,3536700
BP,1,BP,2024-07-05,37.38999938964844,37.38999938964844,36.88999938964844,37.04999923706055,4845300
BP,1,BP,2024-07-08,36.599998474121094,36.81999969482422,36.40999984741211,36.54999923706055,4226300
BP,1,BP,2024-07-09,34.79999923706055,35.189998626708984,34.650001525878906,34.79999923706055,13463300
BP,1,BP,2024-07-10,35.0099983215332,35.13999938964844,34.779998779296875,34.900001525878906,7657300
BP,1,BP,2024-07-11,34.86000061035156,35.09000015258789,34.709999084472656,35.04999923706055,8519100
BP,1,BP,2024-07-12,35.47999954223633,35.47999954223633,35.119998931884766,35.189998626708984,7897500
BP,1,BP,2024-07-15,35.0099983215332,35.20000076293945,34.75,35.029998779296875,8696000
BP,1,BP,2024-07-16,34.4900016784668,34.88999938964844,34.380001068115234,34.88999938964844,8226700
BP,1,BP,2024-07-17,35.040000915527344,35.540000915527344,35.040000915527344,35.41999816894531,7683400
BP,1,BP,2024-07-18,35.709999084472656,35.83000183105469,35.470001220703125,35.59000015258789,5479100
BP,1,BP,2024-07-19,35.33000183105469,35.61000061035156,35.209999084472656,35.380001068115234,5153400
BP,1,BP,2024-07-22,35.380001068115234,35.5099983215332,35.209999084472656,35.33000183105469,4811000
BP,1,BP,2024-07-23,35.060001373291016,35.09000015258789,34.779998779296875,34.95000076293945,5203500
BP,1,BP,2024-07-24,35.11000061035156,35.279998779296875,34.619998931884766,34.650001525878906,7232000
BP,1,BP,2024-07-25,34.810001373291016,35.31999969482422,34.630001068115234,35.18000030517578,5355300
BP,1,BP,2024-07-26,35.209999084472656,35.41999816894531,34.959999084472656,35.25,7135500
BP,1,BP,2024-07-29,35.38999938964844,35.41999816894531,34.72999954223633,34.959999084472656,12769000
BP,1,BP,2024-07-30,35.099998474121094,35.349998474121094,34.58000183105469,34.810001373291016,13968300
BP,1,BP,2024-07-31,35.439998626708984,35.560001373291016,35.16999816894531,35.38999938964844,9430600
BP,1,BP,2024-08-01,35.40999984741211,35.459999084472656,34.540000915527344,34.7599983215332,8320400
BP,1,BP,2024-08-02,34.41999816894531,34.560001373291016,33.88999938964844,34.08000183105469,11411600
BP,1,BP,2024-08-05,33,33.290000915527344,32.720001220703125,32.9900016784668,10021000
BP,1,BP,2024-08-06,32.529998779296875,33.20000076293945,32.5099983215332,32.939998626708984,8457700
BP,1,BP,2024-08-07,33.099998474121094,33.400001525878906,33.02000045776367,33.04999923706055,8244700
BP,1,BP,2024-08-08,33.25,33.650001525878906,33.189998626708984,33.5,5262900
BP,1,BP,2024-08-09,33,33.380001068115234,32.88999938964844,33.2599983215332,5443000
BP,1,BP,2024-08-12,33.61000061035156,33.790000915527344,33.47999954223633,33.650001525878906,5847200
BP,1,BP,2024-08-13,33.61000061035156,33.790000915527344,33.459999084472656,33.709999084472656,5524600
BP,1,BP,2024-08-14,33.77000045776367,33.779998779296875,33.58000183105469,33.70000076293945,5685300
BP,1,BP,2024-08-15,34.099998474121094,34.209999084472656,33.959999084472656,34.119998931884766,4664700
BP,1,BP,2024-08-16,33.959999084472656,34.16999816894531,33.939998626708984,34.11000061035156,5158400
BP,1,BP,2024-08-19,34.279998779296875,34.540000915527344,34.119998931884766,34.13999938964844,4399700
BP,1,BP,2024-08-20,33.70000076293945,33.849998474121094,33.36000061035156,33.380001068115234,7044800
BP,1,BP,2024-08-21,33.72999954223633,33.790000915527344,33.47999954223633,33.52000045776367,4645200
BP,1,BP,2024-08-22,33.439998626708984,33.619998931884766,33.380001068115234,33.5,5308200
BP,1,BP,2024-08-23,33.779998779296875,34.119998931884766,33.66999816894531,34.11000061035156,5224600
BP,1,BP,2024-08-26,34.400001525878906,34.59000015258789,34.2400016784668,34.38999938964844,3711200
BP,1,BP,2024-08-27,34.5099983215332,34.52000045776367,34.16999816894531,34.380001068115234,4024700
BP,1,BP,2024-08-28,33.9900016784668,34.25,33.91999816894531,34.22999954223633,4091200
BP,1,BP,2024-08-29,34.310001373291016,34.5,34.13999938964844,34.470001220703125,4664900
BP,1,BP,2024-08-30,33.83000183105469,34,33.70000076293945,33.959999084472656,5680300
BP,1,BP,2024-09-03,33,33.06999969482422,32.709999084472656,32.869998931884766,9499500
BP,1,BP,2024-09-04,32.709999084472656,32.93000030517578,32.34000015258789,32.40999984741211,7381400
BP,1,BP,2024-09-05,32.75,32.7599983215332,32.310001373291016,32.349998474121094,7130100
BP,1,BP,2024-09-06,32.279998779296875,32.38999938964844,31.770000457763672,31.899999618530273,10259000
BP,1,BP,2024-09-09,31.889999389648438,32.04999923706055,31.780000686645508,31.799999237060547,8008000
BP,1,BP,2024-09-10,31.709999084472656,31.719999313354492,30.670000076293945,31.149999618530273,12806600
BP,1,BP,2024-09-11,31.43000030517578,31.450000762939453,30.969999313354492,31.290000915527344,8232600
BP,1,BP,2024-09-12,31.31999969482422,31.68000030517578,31.219999313354492,31.579999923706055,8157100
BP,1,BP,2024-09-13,31.860000610351562,32.02000045776367,31.709999084472656,31.84000015258789,6427300
BP,1,BP,2024-09-16,32.2599983215332,32.43000030517578,32.04999923706055,32.29999923706055,9370600
BP,1,BP,2024-09-17,32.2400016784668,32.59000015258789,32.189998626708984,32.54999923706055,6965600
BP,1,BP,2024-09-18,32.61000061035156,32.810001373291016,32.380001068115234,32.43000030517578,6125700
BP,1,BP,2024-09-19,33.11000061035156,33.20000076293945,32.709999084472656,32.7599983215332,11509400
BP,1,BP,2024-09-20,32.59000015258789,32.7599983215332,32.34000015258789,32.63999938964844,8271700
BP,1,BP,2024-09-23,32.720001220703125,33.09000015258789,32.65999984741211,32.86000061035156,7619300
BP,1,BP,2024-09-24,33.130001068115234,33.16999816894531,32.7400016784668,32.83000183105469,7696500
BP,1,BP,2024-09-25,32.38999938964844,32.41999816894531,31.65999984741211,31.68000030517578,8939100
BP,1,BP,2024-09-26,30.530000686645508,31,30.520000457763672,30.790000915527344,16447800
BP,1,BP,2024-09-27,31,31.469999313354492,30.899999618530273,31.420000076293945,11500200
BP,1,BP,2024-09-30,31.40999984741211,31.729999542236328,31.299999237060547,31.389999389648438,7312300
BP,0,BP.L,2024-01-02,468.79998779296875,472.70001220703125,468.2380065917969,471,33328827
BP,0,BP.L,2024-01-03,470.25,473.20001220703125,465.04998779296875,471.95001220703125,45614156
BP,0,BP.L,2024-01-04,478,481.3999938964844,473.45001220703125,473.45001220703125,42735951
BP,0,BP.L,2024-01-05,469.20001220703125,477,467.29998779296875,473.8500061035156,24320784
BP,0,BP.L,2024-01-08,468.8500061035156,471.54998779296875,459.25,461.45001220703125,55325731
BP,0,BP.L,2024-01-09,465.1000061035156,468.8999938964844,459.3500061035156,459.3500061035156,40706060
BP,0,BP.L,2024-01-10,457.79998779296875,462.29998779296875,455,456.45001220703125,37881695
BP,0,BP.L,2024-01-11,457,459.95001220703125,453.6000061035156,454.20001220703125,58744356
BP,0,BP.L,2024-01-12,457.75,462.1499938964844,454.1499938964844,454.1499938964844,52003173
BP,0,BP.L,2024-01-15,455.54998779296875,458.3999938964844,451.20001220703125,453,18140591
BP,0,BP.L,2024-01-16,450.79998779296875,458.70001220703125,448.20001220703125,452.29998779296875,59228159
BP,0,BP.L,2024-01-17,449,450.45001220703125,442.20001220703125,448.5,31448085
BP,0,BP.L,2024-01-18,446.8500061035156,448.79998779296875,442.8999938964844,444.25,41131760
BP,0,BP.L,2024-01-19,447.6000061035156,449.6499938964844,445.6000061035156,445.79998779296875,37796850
BP,0,BP.L,2024-01-22,444.8999938964844,448.70001220703125,441.04998779296875,446.04998779296875,49223741
BP,0,BP.L,2024-01-23,451,453.3999938964844,448.25,451.20001220703125,73316873
BP,0,BP.L,2024-01-24,448.95001220703125,453.20001220703125,447.95001220703125,452.95001220703125,32364493
BP,0,BP.L,2024-01-25,454.04998779296875,460.6000061035156,454.04998779296875,455.6499938964844,35277281
BP,0,BP.L,2024-01-26,461,465.04998779296875,461,461.70001220703125,62851396
BP,0,BP.L,2024-01-29,469.95001220703125,471.6499938964844,464.79998779296875,465.79998779296875,41911027
BP,0,BP.L,2024-01-30,466,470.70001220703125,465.3500061035156,468.70001220703125,37940033
BP,0,BP.L,2024-01-31,471.25,471.8999938964844,462.45001220703125,462.45001220703125,47790959
BP,0,BP.L,2024-02-01,466,470.20001220703125,463.8999938964844,465.6499938964844,61323779
BP,0,BP.L,2024-02-02,462.20001220703125,462.20001220703125,454.75,458.70001220703125,49932383
BP,0,BP.L,2024-02-05,457,459.75,450.95001220703125,454.1499938964844,80116015
BP,0,BP.L,2024-02-06,475.04998779296875,485.54998779296875,474.54998779296875,478.95001220703125,82162539
BP,0,BP.L,2024-02-07,478.45001220703125,483.29998779296875,474.29998779296875,474.6000061035156,38147418
BP,0,BP.L,2024-02-08,474.6000061035156,480.6499938964844,468.29998779296875,476.25,56004480
BP,0,BP.L,2024-02-09,477.25,485,476.9289855957031,478.45001220703125,36801010
BP,0,BP.L,2024-02-12,476.20001220703125,482.8500061035156,474.70001220703125,479.45001220703125,34478010
BP,0,BP.L,2024-02-13,480.04998779296875,486.95001220703125,477.75,479.75,64524012
BP,0,BP.L,2024-02-14,480.75,484.3500061035156,474.75,476.5,83053311
BP,0,BP.L,2024-02-15,468.95001220703125,471.1000061035156,461.70001220703125,468.75,47956226
BP,0,BP.L,2024-02-16,472.04998779296875,475.8999938964844,469.04998779296875,472,68994296
BP,0,BP.L,2024-02-19,469.54998779296875,476.70001220703125,468.75,474.79998779296875,42919187
BP,0,BP.L,2024-02-20,475.25,475.79998779296875,465.8500061035156,466.54998779296875,74569340
BP,0,BP.L,2024-02-21,466.45001220703125,471.20001220703125,464.70001220703125,470.3999938964844,21160072
BP,0,BP.L,2024-02-22,470.95001220703125,473.5,465.3999938964844,468.20001220703125,28685711
BP,0,BP.L,2024-02-23,467.70001220703125,470.3500061035156,460.6000061035156,466.1000061035156,38609321
BP,0,BP.L,2024-02-26,462.1499938964844,467.78399658203125,461.6000061035156,466.29998779296875,51036423
BP,0,BP.L,2024-02-27,464.75,469.29998779296875,464.6499938964844,466.25,26874287
BP,0,BP.L,2024-02-28,465.45001220703125,466.45001220703125,461.6189880371094,462.29998779296875,44063707
BP,0,BP.L,2024-02-29,461,463.95001220703125,459,460.70001220703125,82613316
BP,0,BP.L,2024-03-01,465.5,471.8500061035156,463.79998779296875,471.6499938964844,28020852
BP,0,BP.L,2024-03-04,475,479.54998779296875,469.3500061035156,469.75,28926170
BP,0,BP.L,2024-03-05,468.54998779296875,471.45001220703125,466.79998779296875,470.8999938964844,38759663
BP,0,BP.L,2024-03-06,470.8999938964844,480.3500061035156,470.54998779296875,478.8999938964844,60267530
BP,0,BP.L,2024-03-07,478,478.8999938964844,474.45001220703125,476.04998779296875,45702232
BP,0,BP.L,2024-03-08,476.8999938964844,480.29998779296875,471.95001220703125,472.1000061035156,28931120
BP,0,BP.L,2024-03-11,470.25,473.1499938964844,467.6000061035156,471.70001220703125,35867890
BP,0,BP.L,2024-03-12,474,480.45001220703125,474,477.45001220703125,31190073
BP,0,BP.L,2024-03-13,478.8999938964844,486.79998779296875,476.79998779296875,485,42579563
BP,0,BP.L,2024-03-14,485,490.04998779296875,483.8500061035156,490,35567441
BP,0,BP.L,2024-03-15,491.6499938964844,495,490.3999938964844,491,90759376
BP,0,BP.L,2024-03-18,493.3500061035156,496.45001220703125,491.1499938964844,493.29998779296875,25477960
BP,0,BP.L,2024-03-19,495,498.95001220703125,492.6000061035156,498.29998779296875,41509699
BP,0,BP.L,2024-03-20,496.1499938964844,497.3999938964844,491.6000061035156,493.6499938964844,38050619
BP,0,BP.L,2024-03-21,497.3999938964844,499.5,494.95001220703125,496.6499938964844,51406366
BP,0,BP.L,2024-03-22,496.54998779296875,503.40899658203125,495.79998779296875,498.8500061035156,30594894
BP,0,BP.L,2024-03-25,500.29998779296875,507.6000061035156,499.9259948730469,505.8999938964844,33098744
BP,0,BP.L,2024-03-26,505.20001220703125,505.34698486328125,497.8999938964844,499.79998779296875,76471060
BP,0,BP.L,2024-03-27,495.6499938964844,496.29998779296875,489.3949890136719,492.79998779296875,36217347
BP,0,BP.L,2024-03-28,495.45001220703125,498.75,493.29998779296875,495.70001220703125,36119907
BP,0,BP.L,2024-04-02,504.1000061035156,511.70001220703125,502.79998779296875,508.6000061035156,87644567
BP,0,BP.L,2024-04-03,510.70001220703125,511.8999938964844,505.29998779296875,511.6000061035156,66997272
BP,0,BP.L,2024-04-04,512,512.7999877929688,505.3999938964844,508.8999938964844,46518238
BP,0,BP.L,2024-04-05,509,511,504.8999938964844,506.1000061035156,66027941
BP,0,BP.L,2024-04-08,505.29998779296875,513.7999877929688,503.8999938964844,509.8999938964844,59384259
BP,0,BP.L,2024-04-09,514,520.2999877929688,513.4000244140625,516.5999755859375,57845460
BP,0,BP.L,2024-04-10,519.7000122070312,523.5,516.0999755859375,520.0999755859375,34307836
BP,0,BP.L,2024-04-11,523,531.5,518.4000244140625,520,36072573
BP,0,BP.L,2024-04-12,530,541,528.0999755859375,539.0999755859375,57022457
BP,0,BP.L,2024-04-15,528.5,534.2999877929688,522.5,527.2999877929688,45839250
BP,0,BP.L,2024-04-16,521.7000122070312,523,511.8999938964844,515.5999755859375,40501558
BP,0,BP.L,2024-04-17,513.2999877929688,520.0999755859375,512,516.7999877929688,41516392
BP,0,BP.L,2024-04-18,511.79998779296875,515.0999755859375,508.20001220703125,512.4000244140625,38651074
BP,0,BP.L,2024-04-19,510.79998779296875,516.0150146484375,504.5880126953125,514.9000244140625,50577770
BP,0,BP.L,2024-04-22,516.0999755859375,523.7999877929688,514.9000244140625,522.5,37823225
BP,0,BP.L,2024-04-23,524.2000122070312,530.5999755859375,521,523.0999755859375,56993159
BP,0,BP.L,2024-04-24,529.2000122070312,531.4000244140625,525.2999877929688,525.5999755859375,59957431
BP,0,BP.L,2024-04-25,523.2999877929688,529.5999755859375,520,526.2999877929688,65563155
BP,0,BP.L,2024-04-26,529.2999877929688,534.02001953125,522.2999877929688,524.7999877929688,26337593
BP,0,BP.L,2024-04-29,524.7999877929688,527.7999877929688,523,523.2999877929688,22279994
BP,0,BP.L,2024-04-30,526,529.2999877929688,520.4000244140625,520.4000244140625,28971121
BP,0,BP.L,2024-05-01,520,510.29998779296875,508.79998779296875,509.3999938964844,4659383
BP,0,BP.L,2024-05-02,508.5,520.4000244140625,503.3999938964844,515.7999877929688,31294101
BP,0,BP.L,2024-05-03,516.2999877929688,520,506.1000061035156,510.3999938964844,26147916
BP,0,BP.L,2024-05-07,506.3999938964844,515.5,499.6000061035156,503.70001220703125,57493548
BP,0,BP.L,2024-05-08,498,500.6000061035156,490.6499938964844,500.5,101765120
BP,0,BP.L,2024-05-09,502.1000061035156,508.20001220703125,497.45001220703125,504.1000061035156,88510542
BP,0,BP.L,2024-05-10,506.1000061035156,511.70001220703125,501,506.20001220703125,45039104
BP,0,BP.L,2024-05-13,505.20001220703125,509.29998779296875,502.1000061035156,505,25990894
BP,0,BP.L,2024-05-14,507.6000061035156,510.79998779296875,501.29998779296875,502.29998779296875,65513117
BP,0,BP.L,2024-05-15,504,507.1000061035156,492.6499938964844,496.95001220703125,28251819
BP,0,BP.L,2024-05-16,491.70001220703125,499.95001220703125,485.54998779296875,489.29998779296875,31637236
BP,0,BP.L,2024-05-17,491,493.1000061035156,487.1000061035156,491.29998779296875,66722822
BP,0,BP.L,2024-05-20,492.20001220703125,497.1000061035156,491.1499938964844,491.25,74139583
BP,0,BP.L,2024-05-21,488.79998779296875,494.20001220703125,485.54998779296875,490.79998779296875,74516350
BP,0,BP.L,2024-05-22,481.75,493.75,477.1000061035156,481.70001220703125,48069299
BP,0,BP.L,2024-05-23,479.8500061035156,486.5,476.70001220703125,482.54998779296875,35339546
BP,0,BP.L,2024-05-24,479.29998779296875,485.45001220703125,476.70001220703125,483,30736913
BP,0,BP.L,2024-05-28,488.25,490.79998779296875,480.1000061035156,487,96467106
BP,0,BP.L,2024-05-29,489.20001220703125,495.3999938964844,487.45001220703125,489.1000061035156,33714893
BP,0,BP.L,2024-05-30,485,492.04998779296875,482.04998779296875,485.25,59508416
BP,0,BP.L,2024-05-31,485.25,488.8500061035156,482.04998779296875,488.1499938964844,49747460
BP,0,BP.L,2024-06-03,491.6000061035156,494.3500061035156,480.45001220703125,481.20001220703125,51535949
BP,0,BP.L,2024-06-04,472.29998779296875,473,460.8999938964844,462.8999938964844,59374020
BP,0,BP.L,2024-06-05,463.8999938964844,466.54998779296875,460.1000061035156,460.3999938964844,37366840
BP,0,BP.L,2024-06-06,462.95001220703125,465.6000061035156,457.6000061035156,463.1499938964844,24191464
BP,0,BP.L,2024-06-07,463.3500061035156,467.20001220703125,460.3500061035156,462.70001220703125,28556083
BP,0,BP.L,2024-06-10,463.6000061035156,471.20001220703125,459.8999938964844,470.8500061035156,31405955
BP,0,BP.L,2024-06-11,471,473.79998779296875,465.8999938964844,468.3500061035156,36666931
BP,0,BP.L,2024-06-12,470.54998779296875,474.54998779296875,463.6499938964844,464.8999938964844,24703041
BP,0,BP.L,2024-06-13,464.3999938964844,465.54998779296875,457.7879943847656,460,34613400
BP,0,BP.L,2024-06-14,460.29998779296875,463.3500061035156,458.29998779296875,460,24629988
BP,0,BP.L,2024-06-17,459.95001220703125,462.1499938964844,457.5,460.6499938964844,21606961
BP,0,BP.L,2024-06-18,461.95001220703125,468,461.54998779296875,466.8500061035156,32364208
BP,0,BP.L,2024-06-19,466,469.1499938964844,465.41900634765625,466.3500061035156,22876709
BP,0,BP.L,2024-06-20,466.54998779296875,472.8999938964844,463.54998779296875,470.5,49565069
BP,0,BP.L,2024-06-21,468.3999938964844,473.3500061035156,464.54998779296875,471,86474396
BP,0,BP.L,2024-06-24,466.6000061035156,475.1000061035156,463.3999938964844,474.1499938964844,41705397
BP,0,BP.L,2024-06-25,475.70001220703125,480.8500061035156,472.95001220703125,473.8999938964844,32854319
BP,0,BP.L,2024-06-26,474.54998779296875,478.5,470.54998779296875,470.54998779296875,26737597
BP,0,BP.L,2024-06-27,472,477.1499938964844,467.70001220703125,472.79998779296875,20914870
BP,0,BP.L,2024-06-28,476.29998779296875,479.6000061035156,474.25,475.20001220703125,34507960
BP,0,BP.L,2024-07-01,479.29998779296875,482.20001220703125,472.29998779296875,478.5,20833173
BP,0,BP.L,2024-07-02,482.8500061035156,490.2489929199219,475.6000061035156,484.70001220703125,28157656
BP,0,BP.L,2024-07-03,485,487.5,481.70001220703125,482.6499938964844,40487574
BP,0,BP.L,2024-07-04,483.5,490.29998779296875,479.75,490.29998779296875,20860189
BP,0,BP.L,2024-07-05,489.3999938964844,493.25,482,482.20001220703125,68684950
BP,0,BP.L,2024-07-08,479.70001220703125,479.95001220703125,474.6499938964844,474.6499938964844,33327293
BP,0,BP.L,2024-07-09,460,463.7659912109375,451.25,454.25,94514575
BP,0,BP.L,2024-07-10,451.5,458.5,448.3999938964844,454.6499938964844,59103197
BP,0,BP.L,2024-07-11,452.79998779296875,457.3999938964844,448.29998779296875,451.79998779296875,27230410
BP,0,BP.L,2024-07-12,455,460.1000061035156,449.04998779296875,453.5,24153584
BP,0,BP.L,2024-07-15,447.45001220703125,456.25,444.29998779296875,449.3999938964844,22978638
BP,0,BP.L,2024-07-16,448.29998779296875,452.1000061035156,443,446.6000061035156,23748366
BP,0,BP.L,2024-07-17,446.79998779296875,454.4639892578125,445.8599853515625,452.70001220703125,21130713
BP,0,BP.L,2024-07-18,458,462.8999938964844,449.95001220703125,459,24358024
BP,0,BP.L,2024-07-19,457.79998779296875,467.29998779296875,449.95001220703125,457.29998779296875,23647860
BP,0,BP.L,2024-07-22,458,459.54998779296875,424.6300048828125,457.79998779296875,32925599
BP,0,BP.L,2024-07-23,456.1499938964844,457.75,450.20001220703125,450.6499938964844,64027598
BP,0,BP.L,2024-07-24,450.04998779296875,521.3400268554688,418,453.04998779296875,24766718
BP,0,BP.L,2024-07-25,448.75,453.95001220703125,444.8500061035156,453.5,18153449
BP,0,BP.L,2024-07-26,457.3500061035156,460,404.739990234375,454.5,19286977
BP,0,BP.L,2024-07-29,462.04998779296875,464.8999938964844,453,453,30170740
BP,0,BP.L,2024-07-30,467.95001220703125,467.95001220703125,450.6000061035156,451.6499938964844,28709940
BP,0,BP.L,2024-07-31,458.95001220703125,463.4100036621094,455.70001220703125,458.8500061035156,55453062
BP,0,BP.L,2024-08-01,459,464.3999938964844,432.92999267578125,453.8999938964844,20946819
BP,0,BP.L,2024-08-02,450.3999938964844,457.20001220703125,444.3500061035156,444.79998779296875,38462239
BP,0,BP.L,2024-08-05,433.45001220703125,521.3400268554688,424.6300048828125,431,80556024
BP,0,BP.L,2024-08-06,434.3999938964844,435.70001220703125,426.1000061035156,430.70001220703125,64260354
BP,0,BP.L,2024-08-07,430.3500061035156,438.8999938964844,418,437.25,53311556
BP,0,BP.L,2024-08-08,430.20001220703125,445.67999267578125,427.8500061035156,431.25,20697887
BP,0,BP.L,2024-08-09,432.45001220703125,434.8999938964844,430.70001220703125,433.75,34523577
BP,0,BP.L,2024-08-12,436,441.3500061035156,435,439.6000061035156,16891334
BP,0,BP.L,2024-08-13,440.95001220703125,441.25,435.54998779296875,437,36515280
BP,0,BP.L,2024-08-14,440.29998779296875,441.45001220703125,389.7699890136719,437,17216347
BP,0,BP.L,2024-08-15,438.8999938964844,445.20001220703125,432.92999267578125,443.45001220703125,24187011
BP,0,BP.L,2024-08-16,442,446.6000061035156,437.6000061035156,441.25,22988743
BP,0,BP.L,2024-08-19,439.3500061035156,443.8070068359375,424.6300048828125,442.04998779296875,20318176
BP,0,BP.L,2024-08-20,436,439.8500061035156,429.3999938964844,429.8500061035156,32364821
BP,0,BP.L,2024-08-21,428.95001220703125,437.1199951171875,418,430.3999938964844,24742499
BP,0,BP.L,2024-08-22,426.8999938964844,445.67999267578125,424.5,426.20001220703125,41043486
BP,0,BP.L,2024-08-23,428.75,430.8500061035156,427.8810119628906,429.29998779296875,33227687
BP,0,BP.L,2024-08-27,433.29998779296875,437.6000061035156,432.1000061035156,432.1499938964844,30872762
BP,0,BP.L,2024-08-28,431.8500061035156,433.5,427.95001220703125,431.54998779296875,16085937
BP,0,BP.L,2024-08-29,429.79998779296875,436.3500061035156,428.3500061035156,434.75,26449293
BP,0,BP.L,2024-08-30,435.8999938964844,438.20001220703125,427.6499938964844,429.3999938964844,53814676
BP,0,BP.L,2024-09-02,429.04998779296875,431.3500061035156,427.79998779296875,430.25,12103622
BP,0,BP.L,2024-09-03,429.1499938964844,430.04998779296875,415.75,416.3500061035156,43111786
BP,0,BP.L,2024-09-04,413.5,419.1000061035156,411.04998779296875,413.8500061035156,36693626
BP,0,BP.L,2024-09-05,411.54998779296875,415.29998779296875,410.5950012207031,411.70001220703125,46140205
BP,0,BP.L,2024-09-06,409.25,412.1499938964844,404.9429931640625,405.70001220703125,31827157
BP,0,BP.L,2024-09-09,407.04998779296875,409.04998779296875,404.8500061035156,406.6499938964844,33085523
BP,0,BP.L,2024-09-10,404.8500061035156,407.70001220703125,395.75,397.45001220703125,37034637
BP,0,BP.L,2024-09-11,399.3500061035156,404.6000061035156,397.5,398.25,36821119
BP,0,BP.L,2024-09-12,404.3500061035156,406.95001220703125,398.8999938964844,403,31903145
BP,0,BP.L,2024-09-13,403,406.45001220703125,402.3999938964844,404.20001220703125,24362540
BP,0,BP.L,2024-09-16,402.6000061035156,410,402.1000061035156,406.1499938964844,25543399
BP,0,BP.L,2024-09-17,408.70001220703125,411.75,407.04998779296875,410.45001220703125,29084397
BP,0,BP.L,2024-09-18,411,412.45001220703125,409.3999938964844,410.3500061035156,46564123
BP,0,BP.L,2024-09-19,414.95001220703125,420.20001220703125,414.63800048828125,417.45001220703125,37958785
BP,0,BP.L,2024-09-20,411.54998779296875,415.2799987792969,406.75,409.54998779296875,92290197
BP,0,BP.L,2024-09-23,411.95001220703125,413.8999938964844,408.8399963378906,411.75,20031081
BP,0,BP.L,2024-09-24,412.79998779296875,416.73699951171875,410.1499938964844,410.1499938964844,75926000
BP,0,BP.L,2024-09-25,407.6000061035156,409.79998779296875,398.6809997558594,400.25,71570657
BP,0,BP.L,2024-09-26,383,387.04998779296875,379.70001220703125,383.8500061035156,116231175
BP,0,BP.L,2024-09-27,385.20001220703125,390.6000061035156,384.45001220703125,388.1499938964844,94870761
BP,0,BP.L,2024-09-30,393,395.45001220703125,388.8500061035156,391.70001220703125,35750230
RioTinto,1,RIO,2024-01-02,74,74.72000122070312,73.97000122070312,74.26000213623047,3051800
RioTinto,1,RIO,2024-01-03,73.11000061035156,73.83999633789062,72.80000305175781,73.55000305175781,3408900
RioTinto,1,RIO,2024-01-04,73.12999725341797,73.38999938964844,72.93000030517578,73.04000091552734,1514100
RioTinto,1,RIO,2024-01-05,72.38999938964844,73.30000305175781,72.33999633789062,72.63999938964844,1759200
RioTinto,1,RIO,2024-01-08,72.2699966430664,72.9000015258789,71.93000030517578,72.83999633789062,2417300
RioTinto,1,RIO,2024-01-09,71.5,71.58000183105469,70.7699966430664,70.86000061035156,2660700
RioTinto,1,RIO,2024-01-10,70.5199966430664,70.63999938964844,70.1500015258789,70.30999755859375,2093200
RioTinto,1,RIO,2024-01-11,70.37999725341797,70.48999786376953,69.45999908447266,70.05999755859375,2225100
RioTinto,1,RIO,2024-01-12,70.70999908447266,70.83000183105469,70.05999755859375,70.18000030517578,1629800
RioTinto,1,RIO,2024-01-16,69.94000244140625,69.94000244140625,68.88999938964844,69.08999633789062,3565200
RioTinto,1,RIO,2024-01-17,68.02999877929688,68.41000366210938,67.86000061035156,68.19999694824219,2553500
RioTinto,1,RIO,2024-01-18,69.38999938964844,69.4000015258789,68.68000030517578,69.16999816894531,2904100
RioTinto,1,RIO,2024-01-19,68.87000274658203,68.9800033569336,68.23999786376953,68.75,3346700
RioTinto,1,RIO,2024-01-22,67.18000030517578,67.69000244140625,67.08999633789062,67.27999877929688,3576300
RioTinto,1,RIO,2024-01-23,68.61000061035156,69.37000274658203,68.44000244140625,68.73999786376953,3084800
RioTinto,1,RIO,2024-01-24,70.7699966430664,70.83999633789062,69.55000305175781,69.55000305175781,4866800
RioTinto,1,RIO,2024-01-25,69.80000305175781,70.11000061035156,69.43000030517578,70.0999984741211,3399000
RioTinto,1,RIO,2024-01-26,71.06999969482422,71.11000061035156,70.68000030517578,70.7699966430664,2157500
RioTinto,1,RIO,2024-01-29,70.75,71.08999633789062,70.30000305175781,71.05000305175781,2272900
RioTinto,1,RIO,2024-01-30,70.44000244140625,70.55999755859375,69.68000030517578,70.19999694824219,3244900
RioTinto,1,RIO,2024-01-31,70.22000122070312,70.79000091552734,69.2699966430664,69.2699966430664,2920100
RioTinto,1,RIO,2024-02-01,69.4800033569336,70.19000244140625,69.33000183105469,70.12000274658203,2094600
RioTinto,1,RIO,2024-02-02,68.87000274658203,69.04000091552734,68.45999908447266,68.4800033569336,2708900
RioTinto,1,RIO,2024-02-05,67.51000213623047,67.79000091552734,67.04000091552734,67.5,2714100
RioTinto,1,RIO,2024-02-06,67.79000091552734,68.44000244140625,67.79000091552734,68.31999969482422,2584000
RioTinto,1,RIO,2024-02-07,68.16000366210938,68.52999877929688,67.91000366210938,68.5199966430664,2188500
RioTinto,1,RIO,2024-02-08,68.0199966430664,68.31999969482422,67.72000122070312,68.11000061035156,2270500
RioTinto,1,RIO,2024-02-09,67.93000030517578,67.98999786376953,67.41999816894531,67.91999816894531,1784200
RioTinto,1,RIO,2024-02-12,67.83000183105469,68.29000091552734,67.73999786376953,68,1969200
RioTinto,1,RIO,2024-02-13,67.55999755859375,67.62000274658203,66.26000213623047,66.6500015258789,2617800
RioTinto,1,RIO,2024-02-14,66.8499984741211,67.12999725341797,66.70999908447266,67.08000183105469,1511300
RioTinto,1,RIO,2024-02-15,67.0199966430664,67.72000122070312,66.97000122070312,67.54000091552734,2668900
RioTinto,1,RIO,2024-02-16,69.41999816894531,69.91000366210938,69.04000091552734,69.12000274658203,3888400
RioTinto,1,RIO,2024-02-20,67.06999969482422,67.12000274658203,65.76000213623047,65.91999816894531,4613100
RioTinto,1,RIO,2024-02-21,65.56999969482422,65.87999725341797,64.86000061035156,65.4800033569336,2882600
RioTinto,1,RIO,2024-02-22,65.66000366210938,65.88999938964844,65.4000015258789,65.69000244140625,2931800
RioTinto,1,RIO,2024-02-23,66.22000122070312,66.48999786376953,65.83000183105469,65.9800033569336,2164200
RioTinto,1,RIO,2024-02-26,64.58999633789062,64.72000122070312,64.11000061035156,64.6500015258789,3414000
RioTinto,1,RIO,2024-02-27,65.33999633789062,65.4800033569336,64.6500015258789,64.9800033569336,3071200
RioTinto,1,RIO,2024-02-28,64,64.19999694824219,63.880001068115234,63.959999084472656,2158700
RioTinto,1,RIO,2024-02-29,64.80999755859375,65.02999877929688,64.27999877929688,64.52999877929688,2073200
RioTinto,1,RIO,2024-03-01,64.5999984741211,65.30000305175781,64.19999694824219,65.13999938964844,2482400
RioTinto,1,RIO,2024-03-04,64.56999969482422,64.94000244140625,64.48999786376953,64.8499984741211,2183700
RioTinto,1,RIO,2024-03-05,64.05999755859375,64.29000091552734,63.66999816894531,63.79999923706055,2912700
RioTinto,1,RIO,2024-03-06,65.19999694824219,65.48999786376953,64.83000183105469,64.8499984741211,2617900
RioTinto,1,RIO,2024-03-07,64.11000061035156,64.33000183105469,63.61000061035156,63.66999816894531,3408600
RioTinto,1,RIO,2024-03-08,63.40999984741211,63.47999954223633,62.58000183105469,62.689998626708984,3068300
RioTinto,1,RIO,2024-03-11,61.08000183105469,62.04999923706055,61.04999923706055,62,4636400
RioTinto,1,RIO,2024-03-12,63.54999923706055,63.560001373291016,62.58000183105469,62.720001220703125,4677700
RioTinto,1,RIO,2024-03-13,62.189998626708984,63.47999954223633,62.04999923706055,63.16999816894531,4825200
RioTinto,1,RIO,2024-03-14,62.63999938964844,62.75,61.68000030517578,62.04999923706055,3710700
RioTinto,1,RIO,2024-03-15,61.779998779296875,62.349998474121094,61.66999816894531,62.18000030517578,3743700
RioTinto,1,RIO,2024-03-18,62.959999084472656,63.040000915527344,62.25,62.27000045776367,2450800
RioTinto,1,RIO,2024-03-19,62.939998626708984,63.150001525878906,62.709999084472656,62.810001373291016,3095000
RioTinto,1,RIO,2024-03-20,62.93000030517578,64.0199966430664,62.84000015258789,63.869998931884766,1940500
RioTinto,1,RIO,2024-03-21,64.44000244140625,64.69999694824219,64.12000274658203,64.12999725341797,2504000
RioTinto,1,RIO,2024-03-22,63.400001525878906,63.54999923706055,63,63,2508200
RioTinto,1,RIO,2024-03-25,63.779998779296875,64.18000030517578,63.369998931884766,63.40999984741211,2368200
RioTinto,1,RIO,2024-03-26,63.029998779296875,63.06999969482422,62.150001525878906,62.16999816894531,2938000
RioTinto,1,RIO,2024-03-27,62.41999816894531,63.4900016784668,62.369998931884766,63.459999084472656,2216900
RioTinto,1,RIO,2024-03-28,63.529998779296875,63.900001525878906,63.22999954223633,63.7400016784668,3254600
RioTinto,1,RIO,2024-04-01,64.33000183105469,64.68000030517578,64.08000183105469,64.18000030517578,2363600
RioTinto,1,RIO,2024-04-02,65,65.33999633789062,64.61000061035156,65.08999633789062,3300400
RioTinto,1,RIO,2024-04-03,64.45999908447266,64.80000305175781,63.720001220703125,64.5999984741211,5273500
RioTinto,1,RIO,2024-04-04,65.26000213623047,65.26000213623047,63.290000915527344,63.29999923706055,3151900
RioTinto,1,RIO,2024-04-05,62.91999816894531,63.11000061035156,62.619998931884766,63,3896700
RioTinto,1,RIO,2024-04-08,65.1500015258789,66.2300033569336,65.1500015258789,66.08000183105469,4714100
RioTinto,1,RIO,2024-04-09,67.37999725341797,67.70999908447266,66.62999725341797,67.26000213623047,3708600
RioTinto,1,RIO,2024-04-10,65.72000122070312,66.54000091552734,65.48999786376953,66.51000213623047,3062500
RioTinto,1,RIO,2024-04-11,66.51000213623047,66.55000305175781,65.4000015258789,66.2699966430664,2101900
RioTinto,1,RIO,2024-04-12,67.5,68.05000305175781,65.98999786376953,65.98999786376953,4339900
RioTinto,1,RIO,2024-04-15,67.9000015258789,68.05000305175781,66.54000091552734,66.7699966430664,3848400
RioTinto,1,RIO,2024-04-16,65.37000274658203,65.86000061035156,64.8499984741211,65.69000244140625,3177000
RioTinto,1,RIO,2024-04-17,67.55000305175781,68.01000213623047,66.55999755859375,66.77999877929688,3839500
RioTinto,1,RIO,2024-04-18,67.54000091552734,67.62000274658203,66.2699966430664,66.68000030517578,3823300
RioTinto,1,RIO,2024-04-19,66.54000091552734,67.22000122070312,66.44000244140625,66.97000122070312,2774500
RioTinto,1,RIO,2024-04-22,66.97000122070312,67.44999694824219,66.47000122070312,67.19999694824219,3867100
RioTinto,1,RIO,2024-04-23,65.87000274658203,66.80000305175781,65.66000366210938,66.63999938964844,2522700
RioTinto,1,RIO,2024-04-24,68.3499984741211,68.3499984741211,67.41999816894531,68.13999938964844,3406800
RioTinto,1,RIO,2024-04-25,67.19000244140625,68.12000274658203,66.70999908447266,67.77999877929688,2964700
RioTinto,1,RIO,2024-04-26,68.86000061035156,68.86000061035156,67.9000015258789,68.23999786376953,3019700
RioTinto,1,RIO,2024-04-29,68.5999984741211,69.0199966430664,68.38999938964844,69.01000213623047,2379400
RioTinto,1,RIO,2024-04-30,68.69999694824219,68.80000305175781,67.7699966430664,67.83000183105469,3281700
RioTinto,1,RIO,2024-05-01,67.9000015258789,68.3499984741211,67.2699966430664,67.5,2330400
RioTinto,1,RIO,2024-05-02,67.91000366210938,68.37999725341797,67.55000305175781,68.27999877929688,2263000
RioTinto,1,RIO,2024-05-03,68.98999786376953,69.12000274658203,68.41999816894531,68.94000244140625,3193800
RioTinto,1,RIO,2024-05-06,69.5,69.93000030517578,69.16999816894531,69.81999969482422,1835900
RioTinto,1,RIO,2024-05-07,70,70.36000061035156,69.94999694824219,70.04000091552734,2081200
RioTinto,1,RIO,2024-05-08,68.8499984741211,69.20999908447266,68.70999908447266,69.0199966430664,1817500
RioTinto,1,RIO,2024-05-09,69.62000274658203,70.13999938964844,69.5199966430664,70,2214000
RioTinto,1,RIO,2024-05-10,70.5,70.56999969482422,69.7699966430664,69.80000305175781,2140000
RioTinto,1,RIO,2024-05-13,69.75,70.12000274658203,69.75,69.83999633789062,1725400
RioTinto,1,RIO,2024-05-14,70,70.08000183105469,69.52999877929688,69.69000244140625,2925700
RioTinto,1,RIO,2024-05-15,70.44999694824219,70.44999694824219,68.98999786376953,70.33000183105469,2576800
RioTinto,1,RIO,2024-05-16,71.08000183105469,72,70.80999755859375,71.91000366210938,4283200
RioTinto,1,RIO,2024-05-17,72.98999786376953,73.6500015258789,72.79000091552734,73.61000061035156,3545200
RioTinto,1,RIO,2024-05-20,73.31999969482422,73.58999633789062,73.02999877929688,73.38999938964844,3373900
RioTinto,1,RIO,2024-05-21,73.55999755859375,74.23999786376953,73.41000366210938,73.4800033569336,4017600
RioTinto,1,RIO,2024-05-22,72.94000244140625,73.06999969482422,71.81999969482422,72.22000122070312,3413700
RioTinto,1,RIO,2024-05-23,72.58999633789062,72.66000366210938,71.16000366210938,71.41999816894531,2580100
RioTinto,1,RIO,2024-05-24,72.1500015258789,72.30000305175781,71.70999908447266,71.8499984741211,1769300
RioTinto,1,RIO,2024-05-28,71.95999908447266,72.01000213623047,70.69000244140625,70.86000061035156,2478200
RioTinto,1,RIO,2024-05-29,69.91000366210938,69.97000122070312,69.41000366210938,69.52999877929688,2371800
RioTinto,1,RIO,2024-05-30,69.23999786376953,69.91999816894531,69.19000244140625,69.73999786376953,2409900
RioTinto,1,RIO,2024-05-31,70.0999984741211,70.25,69.30999755859375,70.0999984741211,1764200
RioTinto,1,RIO,2024-06-03,69.55000305175781,69.5999984741211,68.68000030517578,69.41999816894531,2100900
RioTinto,1,RIO,2024-06-04,68.26000213623047,68.4000015258789,67.87000274658203,68.30999755859375,2611800
RioTinto,1,RIO,2024-06-05,68.12999725341797,68.44000244140625,67.7300033569336,68.08000183105469,2125600
RioTinto,1,RIO,2024-06-06,68.23999786376953,69.2699966430664,68.06999969482422,69.19999694824219,1377000
RioTinto,1,RIO,2024-06-07,68.41999816894531,68.44999694824219,67.81999969482422,68,1775400
RioTinto,1,RIO,2024-06-10,67.83000183105469,68.45999908447266,67.66999816894531,68.25,1210800
RioTinto,1,RIO,2024-06-11,66.4800033569336,67.19999694824219,66.2300033569336,67.18000030517578,1962500
RioTinto,1,RIO,2024-06-12,68.16000366210938,68.2699966430664,66.91000366210938,67.08000183105469,2226400
RioTinto,1,RIO,2024-06-13,66.91000366210938,67.08999633789062,66.6500015258789,66.91999816894531,1818600
RioTinto,1,RIO,2024-06-14,66,66.6500015258789,65.8499984741211,66.51000213623047,1633300
RioTinto,1,RIO,2024-06-17,65.52999877929688,66.1500015258789,65.37999725341797,65.98999786376953,1797400
RioTinto,1,RIO,2024-06-18,65.80999755859375,66.5,65.7699966430664,66.26000213623047,1984400
RioTinto,1,RIO,2024-06-20,66.73999786376953,67.05000305175781,66.45999908447266,66.91999816894531,1823600
RioTinto,1,RIO,2024-06-21,66.02999877929688,66.44000244140625,66.01000213623047,66.4000015258789,1768700
RioTinto,1,RIO,2024-06-24,66.52999877929688,67.04000091552734,66.20999908447266,66.44999694824219,1681400
RioTinto,1,RIO,2024-06-25,66.6500015258789,66.83999633789062,66.33000183105469,66.5199966430664,1543200
RioTinto,1,RIO,2024-06-26,66.83999633789062,66.94999694824219,66.51000213623047,66.80000305175781,1368700
RioTinto,1,RIO,2024-06-27,66,66.16000366210938,65.5,65.81999969482422,2081200
RioTinto,1,RIO,2024-06-28,66.16999816894531,66.38999938964844,65.76000213623047,65.93000030517578,1756300
RioTinto,1,RIO,2024-07-01,66.38999938964844,66.91999816894531,66.12000274658203,66.41000366210938,1988700
RioTinto,1,RIO,2024-07-02,65.45999908447266,66.0199966430664,65.30000305175781,66.01000213623047,1718000
RioTinto,1,RIO,2024-07-03,67.69999694824219,68.43000030517578,67.66999816894531,67.9000015258789,2029400
RioTinto,1,RIO,2024-07-05,67.75,67.86000061035156,67.05000305175781,67.63999938964844,1950900
RioTinto,1,RIO,2024-07-08,67.16999816894531,67.37999725341797,66.73999786376953,67.16999816894531,1910800
RioTinto,1,RIO,2024-07-09,66.94999694824219,67.2699966430664,66.7300033569336,66.9800033569336,1784100
RioTinto,1,RIO,2024-07-10,66.9000015258789,67.58999633789062,66.7699966430664,67.48999786376953,1995300
RioTinto,1,RIO,2024-07-11,68.30999755859375,68.31999969482422,67.77999877929688,68.08000183105469,1673000
RioTinto,1,RIO,2024-07-12,68.25,68.87000274658203,68.22000122070312,68.5199966430664,1617300
RioTinto,1,RIO,2024-07-15,67.66000366210938,68.13999938964844,67.33999633789062,67.55000305175781,1936700
RioTinto,1,RIO,2024-07-16,65.01000213623047,66.3499984741211,64.66000366210938,66.31999969482422,4562100
RioTinto,1,RIO,2024-07-17,66.55999755859375,66.81999969482422,65.76000213623047,65.7699966430664,3407300
RioTinto,1,RIO,2024-07-18,65.83000183105469,65.87000274658203,64.19999694824219,64.37000274658203,3453600
RioTinto,1,RIO,2024-07-19,63.689998626708984,63.9900016784668,63.40999984741211,63.779998779296875,2312400
RioTinto,1,RIO,2024-07-22,63.84000015258789,64.1500015258789,63.709999084472656,63.9900016784668,2678500
RioTinto,1,RIO,2024-07-23,63,63.61000061035156,62.869998931884766,63.529998779296875,2702500
RioTinto,1,RIO,2024-07-24,64.01000213623047,64.16000366210938,63.459999084472656,63.4900016784668,3066000
RioTinto,1,RIO,2024-07-25,64.08999633789062,64.77999877929688,63.52000045776367,64.33000183105469,2484300
RioTinto,1,RIO,2024-07-26,65.12999725341797,65.44999694824219,64.61000061035156,65.05999755859375,2229500
RioTinto,1,RIO,2024-07-29,64.51000213623047,64.83999633789062,64.37000274658203,64.69999694824219,2285300
RioTinto,1,RIO,2024-07-30,63.52000045776367,63.81999969482422,63.279998779296875,63.529998779296875,3318000
RioTinto,1,RIO,2024-07-31,65.1500015258789,65.58000183105469,64.38999938964844,65.16000366210938,3822900
RioTinto,1,RIO,2024-08-01,64.81999969482422,65.22000122070312,63.310001373291016,63.4900016784668,3489200
RioTinto,1,RIO,2024-08-02,64.06999969482422,64.13999938964844,63.08000183105469,63.66999816894531,3892200
RioTinto,1,RIO,2024-08-05,62.349998474121094,63.34000015258789,62.11000061035156,62.970001220703125,4053700
RioTinto,1,RIO,2024-08-06,62.11000061035156,63.45000076293945,61.970001220703125,63.060001373291016,4396200
RioTinto,1,RIO,2024-08-07,63.11000061035156,63.27000045776367,62.369998931884766,62.540000915527344,3817800
RioTinto,1,RIO,2024-08-08,62.84000015258789,63.220001220703125,62.72999954223633,62.91999816894531,2487900
RioTinto,1,RIO,2024-08-09,63.189998626708984,63.599998474121094,62.54999923706055,63.2400016784668,2652500
RioTinto,1,RIO,2024-08-12,63.33000183105469,63.689998626708984,63.15999984741211,63.310001373291016,1919500
RioTinto,1,RIO,2024-08-13,63.27000045776367,63.810001373291016,63.18000030517578,63.75,1887500
RioTinto,1,RIO,2024-08-14,62.5099983215332,62.709999084472656,62.189998626708984,62.439998626708984,2904700
RioTinto,1,RIO,2024-08-15,63.20000076293945,63.2400016784668,62.65999984741211,62.75,3304400
RioTinto,1,RIO,2024-08-16,60.709999084472656,61.529998779296875,60.63999938964844,61.279998779296875,2820600
RioTinto,1,RIO,2024-08-19,62.349998474121094,62.91999816894531,62.279998779296875,62.47999954223633,2784100
RioTinto,1,RIO,2024-08-20,62.439998626708984,62.630001068115234,61.869998931884766,62,2242400
RioTinto,1,RIO,2024-08-21,63.5099983215332,63.59000015258789,63.119998931884766,63.38999938964844,2217400
RioTinto,1,RIO,2024-08-22,62.83000183105469,62.88999938964844,62.47999954223633,62.7400016784668,1761500
RioTinto,1,RIO,2024-08-23,62.56999969482422,63.08000183105469,62.29999923706055,63.02000045776367,2847000
RioTinto,1,RIO,2024-08-26,63.79999923706055,64.4000015258789,63.56999969482422,63.720001220703125,2463500
RioTinto,1,RIO,2024-08-27,63.91999816894531,64.12000274658203,63.619998931884766,64,2399300
RioTinto,1,RIO,2024-08-28,62.84000015258789,63.11000061035156,62.650001525878906,63,2070700
RioTinto,1,RIO,2024-08-29,62.959999084472656,63.58000183105469,62.83000183105469,63.31999969482422,1473900
RioTinto,1,RIO,2024-08-30,63.0099983215332,63.27000045776367,62.63999938964844,63.27000045776367,2238200
RioTinto,1,RIO,2024-09-03,61,61.06999969482422,60.099998474121094,60.34000015258789,3715700
RioTinto,1,RIO,2024-09-04,60.130001068115234,60.58000183105469,60.04999923706055,60.09000015258789,2096500
RioTinto,1,RIO,2024-09-05,60.529998779296875,60.86000061035156,60.369998931884766,60.38999938964844,2035100
RioTinto,1,RIO,2024-09-06,60.09000015258789,60.189998626708984,59.349998474121094,59.709999084472656,3387700
RioTinto,1,RIO,2024-09-09,60.06999969482422,60.459999084472656,59.9900016784668,60.0099983215332,2379100
RioTinto,1,RIO,2024-09-10,59.81999969482422,59.81999969482422,59.400001525878906,59.77000045776367,2092100
RioTinto,1,RIO,2024-09-11,60.7400016784668,61.310001373291016,60.20000076293945,61.209999084472656,2532200
RioTinto,1,RIO,2024-09-12,61.66999816894531,62.08000183105469,61.529998779296875,61.90999984741211,2776100
RioTinto,1,RIO,2024-09-13,62.619998931884766,62.790000915527344,62.47999954223633,62.54999923706055,2033900
RioTinto,1,RIO,2024-09-16,62.93000030517578,63.25,62.79999923706055,63.189998626708984,1845400
RioTinto,1,RIO,2024-09-17,63.5,63.58000183105469,62.779998779296875,62.91999816894531,1868300
RioTinto,1,RIO,2024-09-18,63.31999969482422,63.880001068115234,62.84000015258789,62.90999984741211,2078800
RioTinto,1,RIO,2024-09-19,65.5,65.5,64.63999938964844,65.18000030517578,5144600
RioTinto,1,RIO,2024-09-20,64.30000305175781,64.48999786376953,63.560001373291016,63.56999969482422,2044900
RioTinto,1,RIO,2024-09-23,63.7599983215332,64.61000061035156,63.70000076293945,64.58000183105469,2057000
RioTinto,1,RIO,2024-09-24,67.7699966430664,67.8499984741211,67.26000213623047,67.41999816894531,4128600
RioTinto,1,RIO,2024-09-25,67.94000244140625,67.95999908447266,67.55999755859375,67.66999816894531,3420200
RioTinto,1,RIO,2024-09-26,70.27999877929688,71.08000183105469,70.06999969482422,70.75,5285300
RioTinto,1,RIO,2024-09-27,71.08000183105469,71.45999908447266,70.98999786376953,71.2300033569336,2910600
RioTinto,1,RIO,2024-09-30,71.47000122070312,71.4800033569336,70.69000244140625,71.16999816894531,3347900
RioTinto,0,RIO.L,2024-01-02,5877,5899,5816,5891,1715146
RioTinto,0,RIO.L,2024-01-03,5825,5877,5730,5778,3050277
RioTinto,0,RIO.L,2024-01-04,5762,5809,5728,5754,5818851
RioTinto,0,RIO.L,2024-01-05,5693,5719,5640.658203125,5700,3085773
RioTinto,0,RIO.L,2024-01-08,5653,5689,5626,5685,3777067
RioTinto,0,RIO.L,2024-01-09,5642,5658.94921875,5552,5572,4310948
RioTinto,0,RIO.L,2024-01-10,5530,5541,5497,5505,2633101
RioTinto,0,RIO.L,2024-01-11,5552,5653,5443,5452,9460678
RioTinto,0,RIO.L,2024-01-12,5520,5535,5469.875,5486,2917092
RioTinto,0,RIO.L,2024-01-15,5432,5505,5421,5440,1526898
RioTinto,0,RIO.L,2024-01-16,5404,5521,5383,5465,3396095
RioTinto,0,RIO.L,2024-01-17,5357,5387,5315,5382,2724765
RioTinto,0,RIO.L,2024-01-18,5394,5484,5382,5435,3318032
RioTinto,0,RIO.L,2024-01-19,5476,5489,5379,5379,11379556
RioTinto,0,RIO.L,2024-01-22,5400,5412,5249.865234375,5288,3748888
RioTinto,0,RIO.L,2024-01-23,5390,5450,5357.89990234375,5410,5023839
RioTinto,0,RIO.L,2024-01-24,5500,5575,5467,5494,4348313
RioTinto,0,RIO.L,2024-01-25,5552,5552.375,5448,5481,3220555
RioTinto,0,RIO.L,2024-01-26,5492,5580,5479,5549,1779935
RioTinto,0,RIO.L,2024-01-29,5525,5593,5517.9169921875,5578,2595153
RioTinto,0,RIO.L,2024-01-30,5538,5576,5496,5512,3183516
RioTinto,0,RIO.L,2024-01-31,5545,5555,5482,5503,2311690
RioTinto,0,RIO.L,2024-02-01,5474,5512,5452,5487,3169322
RioTinto,0,RIO.L,2024-02-02,5471,5486,5409,5409,1878438
RioTinto,0,RIO.L,2024-02-05,5382,5430,5331.73193359375,5349,6329195
RioTinto,0,RIO.L,2024-02-06,5408,5443,5358,5394,5104072
RioTinto,0,RIO.L,2024-02-07,5420,5446,5366,5378,2220209
RioTinto,0,RIO.L,2024-02-08,5420,5462,5355,5362,3349957
RioTinto,0,RIO.L,2024-02-09,5369,5402,5321,5344,1642245
RioTinto,0,RIO.L,2024-02-12,5341,5390.125,5330,5355,3056810
RioTinto,0,RIO.L,2024-02-13,5397,5408,5286,5286,1877728
RioTinto,0,RIO.L,2024-02-14,5285,5318,5260.7890625,5309,4831633
RioTinto,0,RIO.L,2024-02-15,5307,5348.9951171875,5290,5328,1330625
RioTinto,0,RIO.L,2024-02-16,5400,5552,5400,5515,3508892
RioTinto,0,RIO.L,2024-02-19,5488,5488,5401,5428,1271424
RioTinto,0,RIO.L,2024-02-20,5365,5370,5210,5230,4366383
RioTinto,0,RIO.L,2024-02-21,5247,5253,5106,5151,2921323
RioTinto,0,RIO.L,2024-02-22,5240,5261,5169.79296875,5170,2567901
RioTinto,0,RIO.L,2024-02-23,5200,5230,5187,5197,2000633
RioTinto,0,RIO.L,2024-02-26,5115,5128,5041,5067,12448763
RioTinto,0,RIO.L,2024-02-27,5154,5164,5111.7958984375,5112,2121772
RioTinto,0,RIO.L,2024-02-28,5088,5094,5029.7900390625,5042,2483574
RioTinto,0,RIO.L,2024-02-29,5100,5132,5079,5079,6378214
RioTinto,0,RIO.L,2024-03-01,5109,5141,5078,5127,1940985
RioTinto,0,RIO.L,2024-03-04,5117,5123,5062,5090,2154073
RioTinto,0,RIO.L,2024-03-05,5074,5084,5001,5026,3723091
RioTinto,0,RIO.L,2024-03-06,5029,5132,5029,5075,7266462
RioTinto,0,RIO.L,2024-03-07,4911.5,5031,4905,4975.5,4679071
RioTinto,0,RIO.L,2024-03-08,4953,4958,4869.30517578125,4869.5,8543431
RioTinto,0,RIO.L,2024-03-11,4770,4809.5,4701,4809.5,12250809
RioTinto,0,RIO.L,2024-03-12,4845,4976.5,4832,4914,10703341
RioTinto,0,RIO.L,2024-03-13,4902,4938,4828,4904.5,5897695
RioTinto,0,RIO.L,2024-03-14,4920,4935.5,4820,4842,3074529
RioTinto,0,RIO.L,2024-03-15,4848,4862,4800,4862,7353990
RioTinto,0,RIO.L,2024-03-18,4876,4932,4872,4886,3424609
RioTinto,0,RIO.L,2024-03-19,4935,4969,4896.5,4937,5455687
RioTinto,0,RIO.L,2024-03-20,4938,4967.5,4906,4940.5,1780473
RioTinto,0,RIO.L,2024-03-21,5051,5081,5028,5048,2472239
RioTinto,0,RIO.L,2024-03-22,5028,5068,4989.5,4997,2528922
RioTinto,0,RIO.L,2024-03-25,5017,5050,4999.5,5013,5496059
RioTinto,0,RIO.L,2024-03-26,4978.5,4980,4904,4918.5,3593545
RioTinto,0,RIO.L,2024-03-27,4910,4978,4896.39990234375,4978,4464670
RioTinto,0,RIO.L,2024-03-28,5016,5050,4980.5,5017,3148055
RioTinto,0,RIO.L,2024-04-02,5101,5170,5098,5117,4723497
RioTinto,0,RIO.L,2024-04-03,5109,5122,5025,5078,3779632
RioTinto,0,RIO.L,2024-04-04,5100,5170,5061.79296875,5094,4923587
RioTinto,0,RIO.L,2024-04-05,4995,5041,4956.5,4974.5,5006298
RioTinto,0,RIO.L,2024-04-08,5066,5195,5049,5184,2889042
RioTinto,0,RIO.L,2024-04-09,5215,5315,5215,5251,6040073
RioTinto,0,RIO.L,2024-04-10,5340,5353,5185,5235,4446054
RioTinto,0,RIO.L,2024-04-11,5306,5332,5197,5230,2727253
RioTinto,0,RIO.L,2024-04-12,5281,5441,5281,5375,6238461
RioTinto,0,RIO.L,2024-04-15,5422,5466,5382,5410,5656133
RioTinto,0,RIO.L,2024-04-16,5300,5305,5199,5254,3120140
RioTinto,0,RIO.L,2024-04-17,5335,5449.35400390625,5317,5388,5836634
RioTinto,0,RIO.L,2024-04-18,5425,5435,5371,5371,4063340
RioTinto,0,RIO.L,2024-04-19,5326,5390,5298,5380,2221703
RioTinto,0,RIO.L,2024-04-22,5354,5455,5346,5386,4068696
RioTinto,0,RIO.L,2024-04-23,5340,5358,5264,5317,4956924
RioTinto,0,RIO.L,2024-04-24,5478,5522,5413,5450,3747275
RioTinto,0,RIO.L,2024-04-25,5509,5517,5344,5379,3845550
RioTinto,0,RIO.L,2024-04-26,5462,5504,5444,5453,2257634
RioTinto,0,RIO.L,2024-04-29,5460,5503,5450,5457,2587978
RioTinto,0,RIO.L,2024-04-30,5459,5459,5459,5472,1429719
RioTinto,0,RIO.L,2024-05-01,5421,5422,5422,5426,96765
RioTinto,0,RIO.L,2024-05-02,5435,5468,5393,5442,3878695
RioTinto,0,RIO.L,2024-05-03,5475,5508,5409,5467,1971474
RioTinto,0,RIO.L,2024-05-07,5556,5605,5553,5591,4626979
RioTinto,0,RIO.L,2024-05-08,5560,5570,5497,5528,3725520
RioTinto,0,RIO.L,2024-05-09,5540,5597,5494,5584,4805033
RioTinto,0,RIO.L,2024-05-10,5610,5682,5550,5605,2756514
RioTinto,0,RIO.L,2024-05-13,5550,5639,5516,5564,2114592
RioTinto,0,RIO.L,2024-05-14,5504,5598,5470,5555,6411373
RioTinto,0,RIO.L,2024-05-15,5605,5682,5463,5522,1741318
RioTinto,0,RIO.L,2024-05-16,5580,5656.0869140625,5488,5649,3009633
RioTinto,0,RIO.L,2024-05-17,5663,5799,5658,5785,3948659
RioTinto,0,RIO.L,2024-05-20,5832,5854,5753,5795,2167409
RioTinto,0,RIO.L,2024-05-21,5724,5839,5685,5825,3017434
RioTinto,0,RIO.L,2024-05-22,5780,5836,5670,5690,3541170
RioTinto,0,RIO.L,2024-05-23,5650,5725,5609,5680,2078933
RioTinto,0,RIO.L,2024-05-24,5640,5715,5602,5655,1689164
RioTinto,0,RIO.L,2024-05-28,5658,5692,5577,5589,2030429
RioTinto,0,RIO.L,2024-05-29,5557,5587,5462,5478,4261070
RioTinto,0,RIO.L,2024-05-30,5365,5511,5344,5488,7081675
RioTinto,0,RIO.L,2024-05-31,5519,5550,5455,5476,6090319
RioTinto,0,RIO.L,2024-06-03,5511,5524,5428,5434,6578287
RioTinto,0,RIO.L,2024-06-04,5414,5419,5315,5352,3286475
RioTinto,0,RIO.L,2024-06-05,5342,5385,5305,5311,4063267
RioTinto,0,RIO.L,2024-06-06,5335,5410,5279,5409,2027575
RioTinto,0,RIO.L,2024-06-07,5400,5442,5350,5352,1741737
RioTinto,0,RIO.L,2024-06-10,5333,5358,5300,5357,1215322
RioTinto,0,RIO.L,2024-06-11,5249,5390,5204,5251,3411502
RioTinto,0,RIO.L,2024-06-12,5268,5309,5219,5249,2748881
RioTinto,0,RIO.L,2024-06-13,5230,5261,5207,5236,2108497
RioTinto,0,RIO.L,2024-06-14,5219,5230,5167,5219,1545429
RioTinto,0,RIO.L,2024-06-17,5146,5181.38720703125,5121,5181,2237360
RioTinto,0,RIO.L,2024-06-18,5180,5213,5138,5208,4006972
RioTinto,0,RIO.L,2024-06-19,5215,5260,5202,5236,4478414
RioTinto,0,RIO.L,2024-06-20,5227,5284,5198,5271,10490145
RioTinto,0,RIO.L,2024-06-21,5250,5303,5201,5234,6924564
RioTinto,0,RIO.L,2024-06-24,5210,5303,5168,5228,2367417
RioTinto,0,RIO.L,2024-06-25,5255,5292,5196,5239,2036443
RioTinto,0,RIO.L,2024-06-26,5308,5343,5267,5267,2024430
RioTinto,0,RIO.L,2024-06-27,5241,5299,5176,5176,3090752
RioTinto,0,RIO.L,2024-06-28,5170,5249,5170,5201,1610436
RioTinto,0,RIO.L,2024-07-01,5218,5269,5169,5234,1645842
RioTinto,0,RIO.L,2024-07-02,5210,5266,5144.875,5170,1632338
RioTinto,0,RIO.L,2024-07-03,5307,5355,5262,5329,2005886
RioTinto,0,RIO.L,2024-07-04,5363,5392,5297,5359,1201137
RioTinto,0,RIO.L,2024-07-05,5350,5392,5230,5259,10915713
RioTinto,0,RIO.L,2024-07-08,5204,5392,5155,5206,1497211
RioTinto,0,RIO.L,2024-07-09,5261,5294,5206,5218,1869306
RioTinto,0,RIO.L,2024-07-10,5189,5250,5162,5224,2778544
RioTinto,0,RIO.L,2024-07-11,5232,5295,5192,5250,1954155
RioTinto,0,RIO.L,2024-07-12,5265,5311,5214,5260,1999282
RioTinto,0,RIO.L,2024-07-15,5250,5292,5173,5192,2711499
RioTinto,0,RIO.L,2024-07-16,5100,5124.3349609375,4978,5071,3193497
RioTinto,0,RIO.L,2024-07-17,5020,5116,5002,5071,3126634
RioTinto,0,RIO.L,2024-07-18,5078,5131,5001,5004,1835861
RioTinto,0,RIO.L,2024-07-19,4964,5102,4894.5,4916,1761584
RioTinto,0,RIO.L,2024-07-22,4920.5,4951,4906.701171875,4944.5,2618932
RioTinto,0,RIO.L,2024-07-23,4876.5,4909,4852.5,4872,2641739
RioTinto,0,RIO.L,2024-07-24,4872,4949.5,4857.5,4937.5,3049269
RioTinto,0,RIO.L,2024-07-25,4874,4975.5,4853,4975.5,2820657
RioTinto,0,RIO.L,2024-07-26,5041,5085,5010,5037,1837863
RioTinto,0,RIO.L,2024-07-29,5045,5066,4989.5,4989.5,2015817
RioTinto,0,RIO.L,2024-07-30,4911.5,4954.5,4891.5,4935.5,2085022
RioTinto,0,RIO.L,2024-07-31,4925,5073.30712890625,4925,5026,4227731
RioTinto,0,RIO.L,2024-08-01,5109,5130,4587.509765625,5004,1701348
RioTinto,0,RIO.L,2024-08-02,4980,5038,4925,4949.5,2119824
RioTinto,0,RIO.L,2024-08-05,4874,4949,4824,4936.5,8315804
RioTinto,0,RIO.L,2024-08-06,4939,4947,4857,4913,7233808
RioTinto,0,RIO.L,2024-08-07,4923.5,4951,4887.5,4923,2343858
RioTinto,0,RIO.L,2024-08-08,4885,4943,4843,4930.5,1309431
RioTinto,0,RIO.L,2024-08-09,4990.5,5016,4894.8017578125,4914.5,3089278
RioTinto,0,RIO.L,2024-08-12,4931.5,4958,4910.5,4942,1090421
RioTinto,0,RIO.L,2024-08-13,4930.5,4946.5,4911.5,4929,1788793
RioTinto,0,RIO.L,2024-08-14,4838.5,4878,4816.5,4853,2724944
RioTinto,0,RIO.L,2024-08-15,4745,4776.5,4587.509765625,4751,4187930
RioTinto,0,RIO.L,2024-08-16,4749.5,4750,4686,4742,2572370
RioTinto,0,RIO.L,2024-08-19,4756.5,4836.5,4522.56982421875,4824.5,1517054
RioTinto,0,RIO.L,2024-08-20,4804,4828,4764,4777,1328140
RioTinto,0,RIO.L,2024-08-21,4822,4891,4820.5,4835.5,5498284
RioTinto,0,RIO.L,2024-08-22,4792.5,4816.5,4769.5,4784,3308735
RioTinto,0,RIO.L,2024-08-23,4801,4812,4740.5,4761.5,1530812
RioTinto,0,RIO.L,2024-08-27,4865,4870,4802.5,4814,4274623
RioTinto,0,RIO.L,2024-08-28,4768,4776,4730.5,4757.5,1278658
RioTinto,0,RIO.L,2024-08-29,4762.5,4795,4751.5,4795,1002237
RioTinto,0,RIO.L,2024-08-30,4818,4829,4756,4770,3149666
RioTinto,0,RIO.L,2024-09-02,4726.5,4741.5,4627,4701.5,1833816
RioTinto,0,RIO.L,2024-09-03,4673,4695.990234375,4584.5,4596.5,3725963
RioTinto,0,RIO.L,2024-09-04,4550,4595,4550,4581,1850341
RioTinto,0,RIO.L,2024-09-05,4562,4619.5,4542.5,4591,1327831
RioTinto,0,RIO.L,2024-09-06,4564.5,4579,4509,4516,2011036
RioTinto,0,RIO.L,2024-09-09,4577,4605,4567,4577,1362294
RioTinto,0,RIO.L,2024-09-10,4587,4598,4534.5,4561,3562398
RioTinto,0,RIO.L,2024-09-11,4605,4653.5,4595.5,4630.5,1949426
RioTinto,0,RIO.L,2024-09-12,4707,4864.36181640625,4695.5,4720.5,6579392
RioTinto,0,RIO.L,2024-09-13,4729.5,4887.87890625,4726,4757,1995971
RioTinto,0,RIO.L,2024-09-16,4723,4777,4702,4774,1399735
RioTinto,0,RIO.L,2024-09-17,4774,4820,4766.5,4789.5,2757872
RioTinto,0,RIO.L,2024-09-18,4770,4783.14990234375,4738,4765.5,4243671
RioTinto,0,RIO.L,2024-09-19,4865,5043.912109375,4844.5,4911.5,3745100
RioTinto,0,RIO.L,2024-09-20,4886.5,4890,4802,4802.5,4779080
RioTinto,0,RIO.L,2024-09-23,4764.5,4834.5,4736,4829.5,1942434
RioTinto,0,RIO.L,2024-09-24,5064,5193.6640625,5000,5049,4660180
RioTinto,0,RIO.L,2024-09-25,5095,5120,5040,5077,2808460
RioTinto,0,RIO.L,2024-09-26,5223,5291.4990234375,5216,5257,7786340
RioTinto,0,RIO.L,2024-09-27,5349,5359,5283,5309,3290224
RioTinto,0,RIO.L,2024-09-30,5443,5474,5297,5299,3827969
SAP,1,SAP,2024-01-02,151.1699981689453,151.27999877929688,149.72999572753906,150.2100067138672,918400
SAP,1,SAP,2024-01-03,150,150.47000122070312,149.42999267578125,149.7899932861328,945400
SAP,1,SAP,2024-01-04,149.5399932861328,149.75,148.3800048828125,148.52000427246094,905700
SAP,1,SAP,2024-01-05,149.47000122070312,151.08999633789062,149.4499969482422,149.85000610351562,576300
SAP,1,SAP,2024-01-08,151.42999267578125,152.69000244140625,151.36000061035156,152.55999755859375,606100
SAP,1,SAP,2024-01-09,151.16000366210938,152.4499969482422,151.16000366210938,152.14999389648438,466600
SAP,1,SAP,2024-01-10,154.83999633789062,156.25999450683594,154.24000549316406,155.83999633789062,961800
SAP,1,SAP,2024-01-11,156.64999389648438,157.25999450683594,154.9600067138672,156.50999450683594,484700
SAP,1,SAP,2024-01-12,157.97999572753906,158.92999267578125,157.6699981689453,158.5399932861328,603900
SAP,1,SAP,2024-01-16,156.77999877929688,157.4499969482422,156.27999877929688,156.82000732421875,523800
SAP,1,SAP,2024-01-17,156.82000732421875,157.91000366210938,155.82000732421875,157.77999877929688,615700
SAP,1,SAP,2024-01-18,159.00999450683594,160.52999877929688,158.94000244140625,160.42999267578125,967100
SAP,1,SAP,2024-01-19,161.17999267578125,163.72000122070312,161.1300048828125,163.4499969482422,763800
SAP,1,SAP,2024-01-22,162.8800048828125,163.72999572753906,162.69000244140625,163.2100067138672,762700
SAP,1,SAP,2024-01-23,161.19000244140625,163.38999938964844,161.07000732421875,163.3800048828125,1157100
SAP,1,SAP,2024-01-24,174.5500030517578,176.38999938964844,173.25999450683594,174.61000061035156,2737500
SAP,1,SAP,2024-01-25,175.9499969482422,175.97000122070312,172.3300018310547,173.44000244140625,1773700
SAP,1,SAP,2024-01-26,173.30999755859375,174.1199951171875,173.0500030517578,173.67999267578125,1070500
SAP,1,SAP,2024-01-29,174.16000366210938,176.4499969482422,173.94000244140625,176.33999633789062,642000
SAP,1,SAP,2024-01-30,176.39999389648438,176.60000610351562,175.25,175.72999572753906,631600
SAP,1,SAP,2024-01-31,175.63999938964844,176.0800018310547,173.0500030517578,173.10000610351562,685900
SAP,1,SAP,2024-02-01,175.11000061035156,177.32000732421875,174.9499969482422,177.22000122070312,601600
SAP,1,SAP,2024-02-02,176.5,177.5500030517578,175.64999389648438,177.05999755859375,851500
SAP,1,SAP,2024-02-05,176.27999877929688,177.49000549316406,175.83999633789062,177.0399932861328,661000
SAP,1,SAP,2024-02-06,179.1699981689453,179.42999267578125,178.0500030517578,178.7899932861328,602300
SAP,1,SAP,2024-02-07,180.07000732421875,181.57000732421875,179.94000244140625,181.17999267578125,619900
SAP,1,SAP,2024-02-08,180.5,181.17999267578125,180.25999450683594,181.16000366210938,558000
SAP,1,SAP,2024-02-09,181.66000366210938,181.94000244140625,180.85000610351562,181.5500030517578,446900
SAP,1,SAP,2024-02-12,179.88999938964844,180.8300018310547,179.08999633789062,179.38999938964844,607300
SAP,1,SAP,2024-02-13,173.25,174.60000610351562,173.08999633789062,173.97999572753906,1023600
SAP,1,SAP,2024-02-14,175.8699951171875,177.50999450683594,175.8300018310547,177.47000122070312,583600
SAP,1,SAP,2024-02-15,177.25999450683594,177.6300048828125,176.3699951171875,177.60000610351562,581100
SAP,1,SAP,2024-02-16,176.6199951171875,178.08999633789062,175.9600067138672,176.91000366210938,456600
SAP,1,SAP,2024-02-20,177.0800018310547,177.6199951171875,175.7100067138672,176.60000610351562,471800
SAP,1,SAP,2024-02-21,175.36000061035156,176.0500030517578,174.8800048828125,175.9199981689453,494700
SAP,1,SAP,2024-02-22,180.3300018310547,181.6999969482422,180.2100067138672,181.69000244140625,573300
SAP,1,SAP,2024-02-23,183.5,184.4600067138672,183.17999267578125,184.22000122070312,731200
SAP,1,SAP,2024-02-26,187.83999633789062,188.13999938964844,187.2899932861328,187.50999450683594,612000
SAP,1,SAP,2024-02-27,188.44000244140625,189.8300018310547,188.0500030517578,189.1699981689453,786900
SAP,1,SAP,2024-02-28,186.99000549316406,187.08999633789062,186.08999633789062,186.6699981689453,533600
SAP,1,SAP,2024-02-29,187.33999633789062,188.1999969482422,186.1300048828125,187.8699951171875,591700
SAP,1,SAP,2024-03-01,187.02999877929688,188.57000732421875,186.80999755859375,188.52999877929688,641300
SAP,1,SAP,2024-03-04,189.36000061035156,191.3300018310547,189.17999267578125,190.82000732421875,659300
SAP,1,SAP,2024-03-05,191.22999572753906,191.33999633789062,186.58999633789062,187.4600067138672,816100
SAP,1,SAP,2024-03-06,190.1999969482422,191.77999877929688,189.9600067138672,190.67999267578125,599600
SAP,1,SAP,2024-03-07,193.25,195.99000549316406,193.1199951171875,195.57000732421875,961400
SAP,1,SAP,2024-03-08,194.25,194.82000732421875,192.38999938964844,192.99000549316406,647400
SAP,1,SAP,2024-03-11,188.52000427246094,190.10000610351562,188.3699951171875,189.8300018310547,1213400
SAP,1,SAP,2024-03-12,191.3000030517578,193.92999267578125,190.6699981689453,193.8300018310547,668200
SAP,1,SAP,2024-03-13,192.8800048828125,193.02999877929688,191.35000610351562,192.50999450683594,676500
SAP,1,SAP,2024-03-14,191.9600067138672,192.52000427246094,189.5,190.4499969482422,659000
SAP,1,SAP,2024-03-15,188.72000122070312,188.85000610351562,187.1999969482422,188.30999755859375,756500
SAP,1,SAP,2024-03-18,188.60000610351562,189.0399932861328,186.57000732421875,186.77000427246094,684500
SAP,1,SAP,2024-03-19,187.67999267578125,188.75,187.10000610351562,188.7100067138672,442600
SAP,1,SAP,2024-03-20,188.77000427246094,190.5399932861328,188.0500030517578,190.3800048828125,412400
SAP,1,SAP,2024-03-21,192.39999389648438,196.61000061035156,192.07000732421875,194.80999755859375,617700
SAP,1,SAP,2024-03-22,194.52000427246094,195.9499969482422,193.72000122070312,195.35000610351562,533300
SAP,1,SAP,2024-03-25,195.14999389648438,196.24000549316406,194.77999877929688,195.27999877929688,419500
SAP,1,SAP,2024-03-26,197.67999267578125,198.55999755859375,196.5800018310547,196.66000366210938,556900
SAP,1,SAP,2024-03-27,199.1999969482422,199.2899932861328,196.27999877929688,197.08999633789062,852700
SAP,1,SAP,2024-03-28,195.49000549316406,196.3000030517578,194.5,195.02999877929688,376200
SAP,1,SAP,2024-04-01,196.3699951171875,197.02000427246094,195.3800048828125,196.02999877929688,554200
SAP,1,SAP,2024-04-02,192.3300018310547,192.5500030517578,190.3300018310547,192.1199951171875,644900
SAP,1,SAP,2024-04-03,190.9600067138672,193.5800018310547,190.8699951171875,193.24000549316406,870000
SAP,1,SAP,2024-04-04,193.22000122070312,194.02000427246094,191.02999877929688,191.02999877929688,1249400
SAP,1,SAP,2024-04-05,191.41000366210938,193.22999572753906,190.9499969482422,191.82000732421875,639300
SAP,1,SAP,2024-04-08,192.77999877929688,193.4600067138672,191.58999633789062,191.6300048828125,519600
SAP,1,SAP,2024-04-09,189.8000030517578,190.1300048828125,186.7100067138672,187.88999938964844,995400
SAP,1,SAP,2024-04-10,184.8800048828125,185.8300018310547,183.5,184.22000122070312,682400
SAP,1,SAP,2024-04-11,183.97999572753906,185.97000122070312,181.99000549316406,185.6699981689453,1037200
SAP,1,SAP,2024-04-12,181.58999633789062,182.75,180.57000732421875,180.77999877929688,987000
SAP,1,SAP,2024-04-15,184.1699981689453,184.4499969482422,180.1999969482422,180.22999572753906,529700
SAP,1,SAP,2024-04-16,181.5,182.33999633789062,180.1300048828125,180.55999755859375,799400
SAP,1,SAP,2024-04-17,181.75999450683594,181.75999450683594,179.22999572753906,179.94000244140625,489600
SAP,1,SAP,2024-04-18,179.91000366210938,180.8300018310547,178.0800018310547,178.63999938964844,1502900
SAP,1,SAP,2024-04-19,178.2100067138672,178.6300048828125,175.0800018310547,175.77000427246094,954100
SAP,1,SAP,2024-04-22,176.58999633789062,178.99000549316406,176.13999938964844,178.17999267578125,1062900
SAP,1,SAP,2024-04-23,184.8300018310547,188.25,184.82000732421875,188.00999450683594,1649200
SAP,1,SAP,2024-04-24,188.52999877929688,189.27000427246094,186.61000061035156,188.07000732421875,1188900
SAP,1,SAP,2024-04-25,181.3699951171875,185.27000427246094,180.16000366210938,185.08999633789062,1557100
SAP,1,SAP,2024-04-26,185.69000244140625,186.8699951171875,185.5800018310547,186.17999267578125,920900
SAP,1,SAP,2024-04-29,184.77000427246094,184.85000610351562,183.07000732421875,183.77000427246094,476700
SAP,1,SAP,2024-04-30,182.64999389648438,183.4600067138672,180.9199981689453,181.2100067138672,773200
SAP,1,SAP,2024-05-01,181.6999969482422,183.42999267578125,179.14999389648438,180.07000732421875,622200
SAP,1,SAP,2024-05-02,181.49000549316406,181.63999938964844,179.7100067138672,180.63999938964844,731400
SAP,1,SAP,2024-05-03,183.61000061035156,184.25999450683594,182.8300018310547,183.4499969482422,377200
SAP,1,SAP,2024-05-06,183.99000549316406,185.47000122070312,183.72000122070312,185.41000366210938,419200
SAP,1,SAP,2024-05-07,187.0399932861328,188.30999755859375,186.64999389648438,187.5399932861328,483600
SAP,1,SAP,2024-05-08,188.88999938964844,190.3699951171875,188.63999938964844,190.30999755859375,907600
SAP,1,SAP,2024-05-09,190.41000366210938,192.02999877929688,190.17999267578125,191.99000549316406,652600
SAP,1,SAP,2024-05-10,189.6999969482422,190.69000244140625,189.41000366210938,190.0500030517578,541800
SAP,1,SAP,2024-05-13,190.91000366210938,191.1999969482422,189.7100067138672,189.9600067138672,356200
SAP,1,SAP,2024-05-14,189.14999389648438,189.92999267578125,188.52999877929688,189.6999969482422,495700
SAP,1,SAP,2024-05-15,189.97999572753906,192.4499969482422,189.83999633789062,192.44000244140625,528300
SAP,1,SAP,2024-05-16,192.5500030517578,192.91000366210938,190.63999938964844,190.6699981689453,855300
SAP,1,SAP,2024-05-17,191.1199951171875,193.08999633789062,190.8000030517578,192.8000030517578,570000
SAP,1,SAP,2024-05-20,194.13999938964844,195.75,193.85000610351562,195.3000030517578,701800
SAP,1,SAP,2024-05-21,195.19000244140625,195.80999755859375,194.58999633789062,194.72000122070312,843000
SAP,1,SAP,2024-05-22,194,195.0800018310547,193.6300048828125,193.91000366210938,540800
SAP,1,SAP,2024-05-23,196.75,196.99000549316406,193.97000122070312,195.02000427246094,844100
SAP,1,SAP,2024-05-24,194.6199951171875,195.63999938964844,193.25999450683594,195.3800048828125,651800
SAP,1,SAP,2024-05-28,193.91000366210938,194.0399932861328,191.6699981689453,192.52000427246094,794900
SAP,1,SAP,2024-05-29,189.9600067138672,191.13999938964844,189.74000549316406,190.3699951171875,747400
SAP,1,SAP,2024-05-30,185.25,185.52999877929688,179.75999450683594,180.25,1950600
SAP,1,SAP,2024-05-31,181.97999572753906,182.64999389648438,179.42999267578125,182.44000244140625,848700
SAP,1,SAP,2024-06-03,183.89999389648438,184.39999389648438,181.83999633789062,184.24000549316406,755000
SAP,1,SAP,2024-06-04,184,184.99000549316406,183.22999572753906,184.22000122070312,470500
SAP,1,SAP,2024-06-05,186.1699981689453,188.77999877929688,185.3699951171875,188.75,697700
SAP,1,SAP,2024-06-06,194.30999755859375,194.47000122070312,192.6999969482422,193.0399932861328,852100
SAP,1,SAP,2024-06-07,191.72999572753906,192.3300018310547,190.91000366210938,191.10000610351562,512900
SAP,1,SAP,2024-06-10,188.8300018310547,190.52000427246094,188.75999450683594,190.24000549316406,456300
SAP,1,SAP,2024-06-11,187.19000244140625,189.5500030517578,186.39999389648438,188.74000549316406,1006300
SAP,1,SAP,2024-06-12,195.1699981689453,197.42999267578125,194.89999389648438,197.1999969482422,1325100
SAP,1,SAP,2024-06-13,195.10000610351562,195.52000427246094,190.3300018310547,192.4199981689453,909600
SAP,1,SAP,2024-06-14,188.16000366210938,188.69000244140625,186.5,187.82000732421875,1359700
SAP,1,SAP,2024-06-17,188.7100067138672,190.41000366210938,188.1699981689453,190.02000427246094,1070100
SAP,1,SAP,2024-06-18,188.8000030517578,189.82000732421875,188.4499969482422,188.6199951171875,681600
SAP,1,SAP,2024-06-20,190.49000549316406,193.44000244140625,190.2100067138672,191.47000122070312,1168800
SAP,1,SAP,2024-06-21,192.8800048828125,194.3000030517578,192.00999450683594,194.16000366210938,650800
SAP,1,SAP,2024-06-24,192.13999938964844,193.3300018310547,191.58999633789062,191.69000244140625,709900
SAP,1,SAP,2024-06-25,193.00999450683594,195.7899932861328,192.41000366210938,195.74000549316406,696100
SAP,1,SAP,2024-06-26,197.3300018310547,199.33999633789062,197.0399932861328,198.58999633789062,1205700
SAP,1,SAP,2024-06-27,199.6699981689453,201.4499969482422,199.61000061035156,200.75,763100
SAP,1,SAP,2024-06-28,201.75999450683594,204.3300018310547,200.88999938964844,201.7100067138672,843300
SAP,1,SAP,2024-07-01,200.5399932861328,200.83999633789062,198.5800018310547,199.4199981689453,753400
SAP,1,SAP,2024-07-02,197.67999267578125,199.3300018310547,197.5500030517578,198.5800018310547,596300
SAP,1,SAP,2024-07-03,201.16000366210938,203.25,201.11000061035156,203.02000427246094,471600
SAP,1,SAP,2024-07-05,205.7100067138672,206.0800018310547,203.72999572753906,205.94000244140625,552300
SAP,1,SAP,2024-07-08,205.64999389648438,205.72999572753906,202.4600067138672,202.7899932861328,544900
SAP,1,SAP,2024-07-09,202.64999389648438,202.64999389648438,199.58999633789062,200.27999877929688,654000
SAP,1,SAP,2024-07-10,201.27000427246094,202.4199981689453,200.58999633789062,202.2899932861328,465900
SAP,1,SAP,2024-07-11,203.77000427246094,204.13999938964844,201.3699951171875,201.72999572753906,613000
SAP,1,SAP,2024-07-12,202.8800048828125,206.33999633789062,202.47000122070312,205.11000061035156,635300
SAP,1,SAP,2024-07-15,205.3300018310547,205.7100067138672,203.25,203.50999450683594,493700
SAP,1,SAP,2024-07-16,204.49000549316406,204.91000366210938,203.5,204.8699951171875,425800
SAP,1,SAP,2024-07-17,201.50999450683594,202.16000366210938,199.1699981689453,200.00999450683594,790500
SAP,1,SAP,2024-07-18,200.6300048828125,200.77000427246094,196.13999938964844,197.22999572753906,795700
SAP,1,SAP,2024-07-19,196.75999450683594,198.6199951171875,196.66000366210938,197.2100067138672,699600
SAP,1,SAP,2024-07-22,199.22999572753906,201.3000030517578,199.0399932861328,200.47000122070312,1058500
SAP,1,SAP,2024-07-23,212.55999755859375,214.94000244140625,211,214.75999450683594,2594000
SAP,1,SAP,2024-07-24,211.85000610351562,212.3300018310547,208.97000122070312,209.39999389648438,1380700
SAP,1,SAP,2024-07-25,210.27999877929688,213.77000427246094,208.89999389648438,210.80999755859375,1378100
SAP,1,SAP,2024-07-26,211.7100067138672,214.0500030517578,210.91000366210938,213.4499969482422,688300
SAP,1,SAP,2024-07-29,211.27000427246094,211.85000610351562,208.69000244140625,209.1999969482422,1005100
SAP,1,SAP,2024-07-30,207.7899932861328,208.67999267578125,206.3699951171875,206.75999450683594,1045500
SAP,1,SAP,2024-07-31,210.7100067138672,212.44000244140625,209.6999969482422,211.60000610351562,491500
SAP,1,SAP,2024-08-01,208.69000244140625,211.08999633789062,204.35000610351562,205.55999755859375,681900
SAP,1,SAP,2024-08-02,204.0800018310547,204.99000549316406,202.6699981689453,204.72000122070312,1144600
SAP,1,SAP,2024-08-05,195.10000610351562,200.77999877929688,194.92999267578125,199.02999877929688,1473800
SAP,1,SAP,2024-08-06,201.2899932861328,204.5500030517578,201.02999877929688,201.72999572753906,898700
SAP,1,SAP,2024-08-07,203.8800048828125,205.91000366210938,201.36000061035156,201.58999633789062,715100
SAP,1,SAP,2024-08-08,203.08999633789062,206.9499969482422,201.7100067138672,206.27999877929688,1038200
SAP,1,SAP,2024-08-09,205.75999450683594,208.99000549316406,205.75999450683594,208.52999877929688,593300
SAP,1,SAP,2024-08-12,207.0800018310547,207.8000030517578,205.50999450683594,205.97999572753906,521200
SAP,1,SAP,2024-08-13,208.4600067138672,211.36000061035156,208.24000549316406,211.02000427246094,413200
SAP,1,SAP,2024-08-14,211.97000122070312,212.7899932861328,210.8300018310547,212.5500030517578,711000
SAP,1,SAP,2024-08-15,213.47999572753906,215.52000427246094,213.44000244140625,214.94000244140625,543200
SAP,1,SAP,2024-08-16,215.6300048828125,217.10000610351562,215.16000366210938,216.1699981689453,546500
SAP,1,SAP,2024-08-19,216.16000366210938,219.05999755859375,215.89999389648438,219.0399932861328,558700
SAP,1,SAP,2024-08-20,219.17999267578125,220.1199951171875,217.1300048828125,217.77000427246094,567900
SAP,1,SAP,2024-08-21,218.82000732421875,219.5,217.8000030517578,218.8699951171875,471800
SAP,1,SAP,2024-08-22,219.67999267578125,220.10000610351562,217.14999389648438,217.25,1449600
SAP,1,SAP,2024-08-23,218.02999877929688,220.1300048828125,217.4600067138672,219.14999389648438,1285100
SAP,1,SAP,2024-08-26,217.41000366210938,217.7899932861328,215.86000061035156,215.86000061035156,1566600
SAP,1,SAP,2024-08-27,216.5500030517578,218.66000366210938,216.3800048828125,217.8300018310547,1007400
SAP,1,SAP,2024-08-28,218.6300048828125,219.0399932861328,216.58999633789062,216.92999267578125,642900
SAP,1,SAP,2024-08-29,219.4499969482422,221.24000549316406,218.25,218.77999877929688,736400
SAP,1,SAP,2024-08-30,218.85000610351562,219.85000610351562,217.58999633789062,219.7100067138672,355900
SAP,1,SAP,2024-09-03,220.33999633789062,220.52999877929688,215.52000427246094,216.49000549316406,779600
SAP,1,SAP,2024-09-04,213.74000549316406,216.22000122070312,213.41000366210938,215.42999267578125,586800
SAP,1,SAP,2024-09-05,212.50999450683594,214.19000244140625,211.9199981689453,212.60000610351562,1305000
SAP,1,SAP,2024-09-06,214.30999755859375,214.80999755859375,210.3800048828125,211.3300018310547,682400
SAP,1,SAP,2024-09-09,212.0800018310547,214.5399932861328,211.66000366210938,213.97999572753906,836000
SAP,1,SAP,2024-09-10,213.39999389648438,214.55999755859375,210.80999755859375,213.9199981689453,1422100
SAP,1,SAP,2024-09-11,214.82000732421875,217.92999267578125,212.11000061035156,217.6199951171875,732700
SAP,1,SAP,2024-09-12,218.4600067138672,221.17999267578125,217.8800048828125,221.00999450683594,562700
SAP,1,SAP,2024-09-13,221.1999969482422,222.64999389648438,220.72999572753906,221.27999877929688,549100
SAP,1,SAP,2024-09-16,223.52000427246094,223.89999389648438,222.3000030517578,223.60000610351562,646000
SAP,1,SAP,2024-09-17,223.25999450683594,223.50999450683594,221.33999633789062,222.05999755859375,621800
SAP,1,SAP,2024-09-18,222.4600067138672,224.0500030517578,221.14999389648438,221.8800048828125,591000
SAP,1,SAP,2024-09-19,229.13999938964844,230.19000244140625,228.27000427246094,228.97000122070312,784400
SAP,1,SAP,2024-09-20,229.17999267578125,229.27999877929688,227.00999450683594,228.80999755859375,577800
SAP,1,SAP,2024-09-23,230.47000122070312,230.85000610351562,229.77000427246094,230.44000244140625,374900
SAP,1,SAP,2024-09-24,229.9199981689453,231.1300048828125,228.25999450683594,230.92999267578125,572900
SAP,1,SAP,2024-09-25,224.9600067138672,225.9199981689453,223.2899932861328,223.2899932861328,1305200
SAP,1,SAP,2024-09-26,229.63999938964844,229.63999938964844,226.66000366210938,228.11000061035156,1057000
SAP,1,SAP,2024-09-27,228.63999938964844,229.67999267578125,227.72999572753906,228,618100
SAP,1,SAP,2024-09-30,229.60000610351562,229.88999938964844,227.27999877929688,229.10000610351562,488500
SAP,0,SAP.DE,2024-01-02,140,140.6999969482422,136.60000610351562,137.33999633789062,1442435
SAP,0,SAP.DE,2024-01-03,136.97999572753906,138.6199951171875,136.60000610351562,137.1199951171875,1311703
SAP,0,SAP.DE,2024-01-04,136.9199981689453,137.75999450683594,136.17999267578125,136.44000244140625,1114133
SAP,0,SAP.DE,2024-01-05,134.82000732421875,137.5800018310547,134.4199981689453,137.0800018310547,1171604
SAP,0,SAP.DE,2024-01-08,136.97999572753906,139,136.9600067138672,138.77999877929688,992579
SAP,0,SAP.DE,2024-01-09,139.0399932861328,139.83999633789062,137.4199981689453,139.27999877929688,1043679
SAP,0,SAP.DE,2024-01-10,139.8800048828125,142.10000610351562,139.66000366210938,142.0399932861328,1619033
SAP,0,SAP.DE,2024-01-11,142.44000244140625,143.74000549316406,141.8800048828125,141.8800048828125,1354264
SAP,0,SAP.DE,2024-01-12,142.52000427246094,144.86000061035156,142.52000427246094,144.86000061035156,1155152
SAP,0,SAP.DE,2024-01-15,144.13999938964844,145.1199951171875,143.94000244140625,144.55999755859375,732435
SAP,0,SAP.DE,2024-01-16,144.10000610351562,144.72000122070312,143.25999450683594,144.5800018310547,966319
SAP,0,SAP.DE,2024-01-17,143.66000366210938,144.82000732421875,143.36000061035156,144.82000732421875,1359745
SAP,0,SAP.DE,2024-01-18,145.5,147.5,144.83999633789062,147.25999450683594,1346568
SAP,0,SAP.DE,2024-01-19,147.5,149.17999267578125,147.22000122070312,148.8800048828125,1962585
SAP,0,SAP.DE,2024-01-22,149.10000610351562,150.33999633789062,149,150.33999633789062,1744799
SAP,0,SAP.DE,2024-01-23,150,150.17999267578125,147.86000061035156,149.36000061035156,1451296
SAP,0,SAP.DE,2024-01-24,159.77999877929688,161.97999572753906,157.33999633789062,160.75999450683594,5268147
SAP,0,SAP.DE,2024-01-25,159.67999267578125,162.4199981689453,157.66000366210938,160.75999450683594,3408973
SAP,0,SAP.DE,2024-01-26,158.10000610351562,160.3800048828125,157.74000549316406,160,2548387
SAP,0,SAP.DE,2024-01-29,159.39999389648438,162.1999969482422,159.3800048828125,162,1669174
SAP,0,SAP.DE,2024-01-30,162.0399932861328,163.0800018310547,161.6199951171875,162.4199981689453,1411612
SAP,0,SAP.DE,2024-01-31,161.5800018310547,162.44000244140625,160.24000549316406,160.8000030517578,2021425
SAP,0,SAP.DE,2024-02-01,161.9600067138672,162.33999633789062,159.83999633789062,162.3000030517578,1471326
SAP,0,SAP.DE,2024-02-02,165,165.94000244140625,162.52000427246094,163.63999938964844,2044525
SAP,0,SAP.DE,2024-02-05,163.4199981689453,164.63999938964844,163,164.52000427246094,1127795
SAP,0,SAP.DE,2024-02-06,164.8800048828125,167.74000549316406,164.83999633789062,166.39999389648438,1503647
SAP,0,SAP.DE,2024-02-07,166.3000030517578,168.1199951171875,165.74000549316406,168,1544181
SAP,0,SAP.DE,2024-02-08,168.75999450683594,169.39999389648438,167.05999755859375,168,1209001
SAP,0,SAP.DE,2024-02-09,167.60000610351562,169.0800018310547,166.9199981689453,168.32000732421875,1478147
SAP,0,SAP.DE,2024-02-12,167.89999389648438,168.67999267578125,166.4600067138672,167.75999450683594,1233518
SAP,0,SAP.DE,2024-02-13,166.13999938964844,166.13999938964844,160.44000244140625,162.75999450683594,2057512
SAP,0,SAP.DE,2024-02-14,162.89999389648438,165.22000122070312,162.77999877929688,164.8800048828125,1179352
SAP,0,SAP.DE,2024-02-15,167.33999633789062,167.39999389648438,163.6199951171875,164.3800048828125,1089783
SAP,0,SAP.DE,2024-02-16,165,165.4199981689453,163.4600067138672,165.0800018310547,1707937
SAP,0,SAP.DE,2024-02-19,163.5800018310547,164.89999389648438,163.4199981689453,164.24000549316406,645852
SAP,0,SAP.DE,2024-02-20,164.10000610351562,164.5399932861328,162.44000244140625,163.05999755859375,973697
SAP,0,SAP.DE,2024-02-21,163,163.5,161.67999267578125,162.27999877929688,1086418
SAP,0,SAP.DE,2024-02-22,165.52000427246094,168.0399932861328,164.6999969482422,167.22000122070312,1980493
SAP,0,SAP.DE,2024-02-23,167.39999389648438,170.0800018310547,167.3000030517578,169.8000030517578,1716818
SAP,0,SAP.DE,2024-02-26,169.5,173.39999389648438,169.25999450683594,173,1969921
SAP,0,SAP.DE,2024-02-27,173.47999572753906,175.05999755859375,172.94000244140625,174.8000030517578,1766566
SAP,0,SAP.DE,2024-02-28,174.13999938964844,174.5399932861328,171.9199981689453,172.1199951171875,1393703
SAP,0,SAP.DE,2024-02-29,171.97999572753906,173.60000610351562,171.52000427246094,172.8800048828125,2284190
SAP,0,SAP.DE,2024-03-01,174.16000366210938,174.9199981689453,171.66000366210938,173.33999633789062,1776258
SAP,0,SAP.DE,2024-03-04,174.6199951171875,175.86000061035156,173.8800048828125,175.22000122070312,1156868
SAP,0,SAP.DE,2024-03-05,175.05999755859375,176.39999389648438,173.47999572753906,173.47999572753906,1368352
SAP,0,SAP.DE,2024-03-06,173.39999389648438,175.39999389648438,173.1999969482422,175.27999877929688,1774570
SAP,0,SAP.DE,2024-03-07,174.6999969482422,178.47999572753906,174.6999969482422,177.77999877929688,1630633
SAP,0,SAP.DE,2024-03-08,177.6999969482422,177.89999389648438,176.5,176.94000244140625,1433244
SAP,0,SAP.DE,2024-03-11,175.1999969482422,176.16000366210938,172.32000732421875,173.52000427246094,1958225
SAP,0,SAP.DE,2024-03-12,175.8000030517578,177.17999267578125,173.5,177,1618728
SAP,0,SAP.DE,2024-03-13,176.63999938964844,176.8800048828125,174.83999633789062,175.52000427246094,1547290
SAP,0,SAP.DE,2024-03-14,175.67999267578125,176.17999267578125,174.33999633789062,174.89999389648438,1644378
SAP,0,SAP.DE,2024-03-15,174,175.94000244140625,171.9199981689453,171.9199981689453,7926548
SAP,0,SAP.DE,2024-03-18,173.8000030517578,173.86000061035156,171.72000122070312,172.22000122070312,1391680
SAP,0,SAP.DE,2024-03-19,172,173.5,170.67999267578125,173.24000549316406,1335001
SAP,0,SAP.DE,2024-03-20,174.83999633789062,175.02000427246094,173.17999267578125,173.5399932861328,895431
SAP,0,SAP.DE,2024-03-21,175,180.55999755859375,174.33999633789062,180.55999755859375,2663237
SAP,0,SAP.DE,2024-03-22,179.55999755859375,180.3000030517578,178.8800048828125,180.27999877929688,1568110
SAP,0,SAP.DE,2024-03-25,180.17999267578125,180.97999572753906,177.9199981689453,180.74000549316406,1189286
SAP,0,SAP.DE,2024-03-26,180.83999633789062,183.17999267578125,180.52000427246094,182.60000610351562,1468078
SAP,0,SAP.DE,2024-03-27,182,184.47999572753906,181.4600067138672,182.0399932861328,1489216
SAP,0,SAP.DE,2024-03-28,181.82000732421875,181.86000061035156,179.10000610351562,180.4600067138672,1700825
SAP,0,SAP.DE,2024-04-02,181,181.9199981689453,177.05999755859375,177.05999755859375,1838833
SAP,0,SAP.DE,2024-04-03,178.32000732421875,179.52000427246094,176.55999755859375,178.22000122070312,1501774
SAP,0,SAP.DE,2024-04-04,177.9199981689453,178.4600067138672,176.33999633789062,178.02000427246094,1126985
SAP,0,SAP.DE,2024-04-05,175.39999389648438,177.9600067138672,174.77999877929688,177.4199981689453,2099406
SAP,0,SAP.DE,2024-04-08,176.6999969482422,178.25999450683594,176.0399932861328,177.22000122070312,1024504
SAP,0,SAP.DE,2024-04-09,176.3800048828125,176.74000549316406,172.4199981689453,172.4199981689453,1532856
SAP,0,SAP.DE,2024-04-10,173.13999938964844,173.33999633789062,169.0800018310547,171.3000030517578,1647893
SAP,0,SAP.DE,2024-04-11,171.17999267578125,171.5,169.55999755859375,171.22000122070312,1897428
SAP,0,SAP.DE,2024-04-12,173,174.22000122070312,169.9199981689453,171.05999755859375,1863432
SAP,0,SAP.DE,2024-04-15,170.89999389648438,173.4600067138672,170.82000732421875,171.66000366210938,1159676
SAP,0,SAP.DE,2024-04-16,168.77999877929688,171.36000061035156,167.16000366210938,170.3800048828125,1610192
SAP,0,SAP.DE,2024-04-17,169.60000610351562,171.1199951171875,168.75999450683594,168.75999450683594,1501420
SAP,0,SAP.DE,2024-04-18,169.32000732421875,169.4199981689453,167.44000244140625,169.17999267578125,1286396
SAP,0,SAP.DE,2024-04-19,166.32000732421875,168.24000549316406,164.8000030517578,165.8000030517578,2620339
SAP,0,SAP.DE,2024-04-22,165.4600067138672,167.0800018310547,163.82000732421875,166.10000610351562,1546846
SAP,0,SAP.DE,2024-04-23,174.17999267578125,174.86000061035156,171.22000122070312,174.86000061035156,2601142
SAP,0,SAP.DE,2024-04-24,175.17999267578125,177.5,175.16000366210938,175.55999755859375,2201986
SAP,0,SAP.DE,2024-04-25,174.8800048828125,174.8800048828125,168.47999572753906,170.1999969482422,2274169
SAP,0,SAP.DE,2024-04-26,172.5,174.75999450683594,172.47999572753906,174,1498070
SAP,0,SAP.DE,2024-04-29,173.9600067138672,174.33999633789062,171.36000061035156,171.4199981689453,984218
SAP,0,SAP.DE,2024-04-30,171.16000366210938,171.4199981689453,169.55999755859375,169.6999969482422,1875887
SAP,0,SAP.DE,2024-05-02,169.17999267578125,169.74000549316406,167.5800018310547,168.5399932861328,1211893
SAP,0,SAP.DE,2024-05-03,169.77999877929688,171.17999267578125,169.24000549316406,170.72000122070312,996637
SAP,0,SAP.DE,2024-05-06,170.24000549316406,171.5,169.3800048828125,171.47999572753906,742062
SAP,0,SAP.DE,2024-05-07,172.22000122070312,174.72000122070312,171.0399932861328,174.36000061035156,1181157
SAP,0,SAP.DE,2024-05-08,174.67999267578125,176.8800048828125,174.5399932861328,176.4600067138672,1521683
SAP,0,SAP.DE,2024-05-09,176.13999938964844,177.8800048828125,175.72000122070312,177.77999877929688,1180733
SAP,0,SAP.DE,2024-05-10,177.67999267578125,178.16000366210938,175.33999633789062,176.05999755859375,1414795
SAP,0,SAP.DE,2024-05-13,176.0399932861328,177.02000427246094,175.72000122070312,176.67999267578125,804978
SAP,0,SAP.DE,2024-05-14,176.4600067138672,176.52000427246094,173.9199981689453,174.67999267578125,1119753
SAP,0,SAP.DE,2024-05-15,175.3800048828125,176.47999572753906,174.55999755859375,176.10000610351562,1286900
SAP,0,SAP.DE,2024-05-16,176.77999877929688,177.5,175.39999389648438,176.74000549316406,1688001
SAP,0,SAP.DE,2024-05-17,175.6999969482422,177.10000610351562,174.24000549316406,177.02000427246094,1774671
SAP,0,SAP.DE,2024-05-20,176.9199981689453,179.4199981689453,176.9199981689453,179.3800048828125,684234
SAP,0,SAP.DE,2024-05-21,179.89999389648438,180.5800018310547,178.89999389648438,180,1505866
SAP,0,SAP.DE,2024-05-22,179.24000549316406,179.75999450683594,178.67999267578125,179.32000732421875,966502
SAP,0,SAP.DE,2024-05-23,180.52000427246094,182.32000732421875,179.97999572753906,181.36000061035156,1349522
SAP,0,SAP.DE,2024-05-24,178.66000366210938,180.9199981689453,178.10000610351562,180.05999755859375,1204046
SAP,0,SAP.DE,2024-05-27,179.4199981689453,180.5399932861328,178.6999969482422,180.4199981689453,490359
SAP,0,SAP.DE,2024-05-28,180.5800018310547,181.63999938964844,176.63999938964844,177.22000122070312,1144320
SAP,0,SAP.DE,2024-05-29,178.39999389648438,178.63999938964844,174.89999389648438,175.82000732421875,1298147
SAP,0,SAP.DE,2024-05-30,171.0800018310547,171.6999969482422,168.1999969482422,168.5800018310547,2404444
SAP,0,SAP.DE,2024-05-31,165.4600067138672,168.02000427246094,165.25999450683594,165.9600067138672,3854601
SAP,0,SAP.DE,2024-06-03,169.74000549316406,169.82000732421875,166.9600067138672,168.25999450683594,1531728
SAP,0,SAP.DE,2024-06-04,168.52000427246094,170.44000244140625,167.66000366210938,168.60000610351562,1592071
SAP,0,SAP.DE,2024-06-05,170,171.82000732421875,169.0800018310547,171.52000427246094,1352916
SAP,0,SAP.DE,2024-06-06,176.02000427246094,180.24000549316406,176,177.72000122070312,2089549
SAP,0,SAP.DE,2024-06-07,177.5,178.25999450683594,175.6999969482422,177.36000061035156,1224863
SAP,0,SAP.DE,2024-06-10,176.8800048828125,177.22000122070312,175.36000061035156,176.82000732421875,1029546
SAP,0,SAP.DE,2024-06-11,176.4600067138672,176.82000732421875,173.83999633789062,175.39999389648438,1421351
SAP,0,SAP.DE,2024-06-12,177.02000427246094,181.39999389648438,175.9600067138672,181.39999389648438,1904045
SAP,0,SAP.DE,2024-06-13,181.5,183.16000366210938,177.97999572753906,177.97999572753906,1926754
SAP,0,SAP.DE,2024-06-14,178.97999572753906,180.4600067138672,174.77999877929688,174.77999877929688,2246839
SAP,0,SAP.DE,2024-06-17,175.75999450683594,177.47999572753906,175.55999755859375,175.75999450683594,1420250
SAP,0,SAP.DE,2024-06-18,176.5,177.16000366210938,174.75999450683594,176,1468498
SAP,0,SAP.DE,2024-06-19,175.60000610351562,176.3800048828125,174.6999969482422,176.27999877929688,757514
SAP,0,SAP.DE,2024-06-20,177.0399932861328,179.6999969482422,177.0399932861328,179.6999969482422,2451414
SAP,0,SAP.DE,2024-06-21,179.1999969482422,181.47999572753906,179.1199951171875,181.05999755859375,5121555
SAP,0,SAP.DE,2024-06-24,180.94000244140625,181.75999450683594,177.83999633789062,179.4600067138672,1430166
SAP,0,SAP.DE,2024-06-25,179.39999389648438,181.72000122070312,177.63999938964844,181.72000122070312,1240447
SAP,0,SAP.DE,2024-06-26,184,187.55999755859375,183.97999572753906,186.02000427246094,1857493
SAP,0,SAP.DE,2024-06-27,185.5,187.86000061035156,185.47999572753906,187.44000244140625,1478536
SAP,0,SAP.DE,2024-06-28,188.10000610351562,190.9600067138672,187.33999633789062,189.52000427246094,1961708
SAP,0,SAP.DE,2024-07-01,188.6999969482422,189.39999389648438,185.1199951171875,185.67999267578125,1486789
SAP,0,SAP.DE,2024-07-02,186,186.6999969482422,182.33999633789062,185.1999969482422,1059935
SAP,0,SAP.DE,2024-07-03,185.83999633789062,187.8000030517578,185.5,187.66000366210938,1235392
SAP,0,SAP.DE,2024-07-04,188.8800048828125,189.13999938964844,186.60000610351562,187.02000427246094,508674
SAP,0,SAP.DE,2024-07-05,188.0399932861328,190.83999633789062,187.9600067138672,189.0800018310547,1003301
SAP,0,SAP.DE,2024-07-08,190,190.97999572753906,187.74000549316406,187.83999633789062,1064391
SAP,0,SAP.DE,2024-07-09,186.6999969482422,188.1199951171875,184.5800018310547,184.75999450683594,1175247
SAP,0,SAP.DE,2024-07-10,185.55999755859375,186.9600067138672,184.89999389648438,185.8000030517578,895266
SAP,0,SAP.DE,2024-07-11,186.3000030517578,188.47999572753906,184.10000610351562,186.4600067138672,1046828
SAP,0,SAP.DE,2024-07-12,186.27999877929688,189.24000549316406,185.44000244140625,188.74000549316406,1401019
SAP,0,SAP.DE,2024-07-15,188.67999267578125,189.66000366210938,187.6199951171875,187.75999450683594,850866
SAP,0,SAP.DE,2024-07-16,187.22000122070312,188.36000061035156,186.44000244140625,187.22000122070312,796666
SAP,0,SAP.DE,2024-07-17,185.8800048828125,187.44000244140625,183.25999450683594,183.25999450683594,1089930
SAP,0,SAP.DE,2024-07-18,183.5,184.3800048828125,180.25999450683594,180.5800018310547,1486221
SAP,0,SAP.DE,2024-07-19,180.9199981689453,181.75999450683594,178.86000061035156,181.5,2036212
SAP,0,SAP.DE,2024-07-22,181.1999969482422,184.4199981689453,180.5800018310547,183.6199951171875,1193070
SAP,0,SAP.DE,2024-07-23,193.89999389648438,196.97999572753906,192.8800048828125,196.74000549316406,2570273
SAP,0,SAP.DE,2024-07-24,195.55999755859375,196.4199981689453,193.16000366210938,193.82000732421875,2111569
SAP,0,SAP.DE,2024-07-25,192.5,195.83999633789062,191.44000244140625,195.22000122070312,1790785
SAP,0,SAP.DE,2024-07-26,194.74000549316406,196.44000244140625,193.3800048828125,195.77999877929688,1081655
SAP,0,SAP.DE,2024-07-29,196,197.4600067138672,192.8800048828125,192.8800048828125,1263955
SAP,0,SAP.DE,2024-07-30,193.3000030517578,194.0399932861328,190.4199981689453,192.02000427246094,1201382
SAP,0,SAP.DE,2024-07-31,191.5800018310547,195.16000366210938,191.39999389648438,195.02000427246094,1551667
SAP,0,SAP.DE,2024-08-01,196,196.44000244140625,191.4600067138672,191.4600067138672,1443589
SAP,0,SAP.DE,2024-08-02,189,189.8000030517578,185.24000549316406,186.16000366210938,2112796
SAP,0,SAP.DE,2024-08-05,179.63999938964844,182.22000122070312,176.72000122070312,181.22000122070312,2794360
SAP,0,SAP.DE,2024-08-06,181.89999389648438,186.5399932861328,181.77999877929688,185.39999389648438,1986171
SAP,0,SAP.DE,2024-08-07,185.94000244140625,188.47999572753906,185.72000122070312,187.97999572753906,1632195
SAP,0,SAP.DE,2024-08-08,184.8000030517578,188.27999877929688,183.74000549316406,188.27999877929688,1490720
SAP,0,SAP.DE,2024-08-09,188.22000122070312,189.97999572753906,187.63999938964844,189.9199981689453,1000726
SAP,0,SAP.DE,2024-08-12,190.17999267578125,190.72000122070312,188.10000610351562,189.3000030517578,874018
SAP,0,SAP.DE,2024-08-13,190,191.5800018310547,189.22000122070312,191.5800018310547,723583
SAP,0,SAP.DE,2024-08-14,192,192.8800048828125,190.94000244140625,192.0800018310547,765834
SAP,0,SAP.DE,2024-08-15,193.82000732421875,196.10000610351562,192.5,195.97999572753906,1016214
SAP,0,SAP.DE,2024-08-16,195.5,197.67999267578125,195.5,196.8000030517578,1397093
SAP,0,SAP.DE,2024-08-19,195.83999633789062,197.24000549316406,194.67999267578125,197.24000549316406,924167
SAP,0,SAP.DE,2024-08-20,198.44000244140625,199.1999969482422,195.89999389648438,195.89999389648438,1097210
SAP,0,SAP.DE,2024-08-21,196.67999267578125,197.5800018310547,195.8000030517578,196.5,818786
SAP,0,SAP.DE,2024-08-22,196.3000030517578,197.82000732421875,195.67999267578125,196.5399932861328,966824
SAP,0,SAP.DE,2024-08-23,196.1999969482422,197.24000549316406,194.9199981689453,195.6199951171875,1083718
SAP,0,SAP.DE,2024-08-26,194.97999572753906,196,193.5800018310547,194.1999969482422,753252
SAP,0,SAP.DE,2024-08-27,194.17999267578125,195.25999450683594,192.86000061035156,195.25999450683594,842989
SAP,0,SAP.DE,2024-08-28,196.72000122070312,197.66000366210938,195.13999938964844,195.1999969482422,887710
SAP,0,SAP.DE,2024-08-29,195.17999267578125,199.02000427246094,194.5800018310547,199.02000427246094,1098807
SAP,0,SAP.DE,2024-08-30,197.4199981689453,198.4199981689453,196.89999389648438,197.72000122070312,1653279
SAP,0,SAP.DE,2024-09-02,198.25999450683594,199.86000061035156,197.24000549316406,199.86000061035156,844698
SAP,0,SAP.DE,2024-09-03,199.86000061035156,201.0500030517578,198.0399932861328,198.1999969482422,1387171
SAP,0,SAP.DE,2024-09-04,194.27999877929688,195.8000030517578,192.74000549316406,193.5800018310547,1490229
SAP,0,SAP.DE,2024-09-05,193.52000427246094,195.1199951171875,190.74000549316406,191.44000244140625,1066320
SAP,0,SAP.DE,2024-09-06,190.82000732421875,193.6999969482422,190.0399932861328,190.72000122070312,1563474
SAP,0,SAP.DE,2024-09-09,192.02000427246094,193.24000549316406,191.5399932861328,192.5800018310547,1242997
SAP,0,SAP.DE,2024-09-10,194.74000549316406,194.9600067138672,192.0800018310547,192.5399932861328,1829506
SAP,0,SAP.DE,2024-09-11,193.3800048828125,195.44000244140625,191.6199951171875,194.4199981689453,1677725
SAP,0,SAP.DE,2024-09-12,198,199.67999267578125,197.3800048828125,199.17999267578125,1586240
SAP,0,SAP.DE,2024-09-13,199,200.9499969482422,198.02000427246094,200.64999389648438,1655805
SAP,0,SAP.DE,2024-09-16,198.67999267578125,203.64999389648438,198.0399932861328,200.14999389648438,1145884
SAP,0,SAP.DE,2024-09-17,200.25,201.1999969482422,199.36000061035156,200.64999389648438,1320645
SAP,0,SAP.DE,2024-09-18,200.35000610351562,200.75,198.39999389648438,199.5800018310547,1154885
SAP,0,SAP.DE,2024-09-19,201.75,206.6999969482422,200.25,206.10000610351562,1749391
SAP,0,SAP.DE,2024-09-20,205.3000030517578,206.39999389648438,203.60000610351562,204.5,2904866
SAP,0,SAP.DE,2024-09-23,205.5500030517578,207.5,205.35000610351562,206.85000610351562,810622
SAP,0,SAP.DE,2024-09-24,207.85000610351562,208.0500030517578,204.60000610351562,206.85000610351562,1014546
SAP,0,SAP.DE,2024-09-25,199,202.4499969482422,198,201.8000030517578,1927510
SAP,0,SAP.DE,2024-09-26,205.8000030517578,206.39999389648438,203.10000610351562,204.5,1454845
SAP,0,SAP.DE,2024-09-27,203.8000030517578,205.6999969482422,201,205.6999969482422,1830530
SAP,0,SAP.DE,2024-09-30,204.5500030517578,207.0500030517578,204.39999389648438,204.39999389648438,1774113
TotalEnergies,1,TTE,2024-01-02,67.70999908447266,68.13999938964844,67.4800033569336,67.56999969482422,1173100
TotalEnergies,1,TTE,2024-01-03,67.25,67.98999786376953,66.87999725341797,67.61000061035156,1238100
TotalEnergies,1,TTE,2024-01-04,68.77999877929688,68.91999816894531,67.95999908447266,68.05000305175781,1311100
TotalEnergies,1,TTE,2024-01-05,68.44999694824219,68.7699966430664,68.08000183105469,68.22000122070312,817000
TotalEnergies,1,TTE,2024-01-08,66.9000015258789,66.9000015258789,66.3499984741211,66.6500015258789,923100
TotalEnergies,1,TTE,2024-01-09,66.16000366210938,66.18000030517578,65.4000015258789,65.4800033569336,1188700
TotalEnergies,1,TTE,2024-01-10,65.73999786376953,65.79000091552734,64.88999938964844,65.0199966430664,2157800
TotalEnergies,1,TTE,2024-01-11,65.79000091552734,65.86000061035156,64.8499984741211,65.37000274658203,2139000
TotalEnergies,1,TTE,2024-01-12,66.27999877929688,66.4800033569336,65.86000061035156,66.33000183105469,1646300
TotalEnergies,1,TTE,2024-01-16,65.0999984741211,65.33000183105469,64.30000305175781,64.4800033569336,1456500
TotalEnergies,1,TTE,2024-01-17,63,63.349998474121094,62.720001220703125,63.18000030517578,1532900
TotalEnergies,1,TTE,2024-01-18,63.43000030517578,64.01000213623047,62.95000076293945,63.970001220703125,1407200
TotalEnergies,1,TTE,2024-01-19,63.790000915527344,63.86000061035156,63.36000061035156,63.86000061035156,1717800
TotalEnergies,1,TTE,2024-01-22,62.91999816894531,63.33000183105469,62.59000015258789,63.2599983215332,2022300
TotalEnergies,1,TTE,2024-01-23,62.90999984741211,63.29999923706055,62.83000183105469,63.27000045776367,2305600
TotalEnergies,1,TTE,2024-01-24,64.29000091552734,64.45999908447266,63.75,64.23999786376953,3297600
TotalEnergies,1,TTE,2024-01-25,64.16000366210938,64.91000366210938,63.7400016784668,64.91000366210938,2061700
TotalEnergies,1,TTE,2024-01-26,65.05999755859375,65.69000244140625,64.66000366210938,65.54000091552734,1934500
TotalEnergies,1,TTE,2024-01-29,65.41999816894531,65.5999984741211,64.80000305175781,65.55000305175781,1901300
TotalEnergies,1,TTE,2024-01-30,65.41999816894531,66.12999725341797,65.2300033569336,66.01000213623047,1227000
TotalEnergies,1,TTE,2024-01-31,65.91999816894531,66.0199966430664,65.08000183105469,65.18000030517578,2379900
TotalEnergies,1,TTE,2024-02-01,65.47000122070312,66.22000122070312,65.2300033569336,65.44999694824219,2668600
TotalEnergies,1,TTE,2024-02-02,64.76000213623047,64.80999755859375,64.30999755859375,64.37000274658203,1378100
TotalEnergies,1,TTE,2024-02-05,63.52000045776367,64.20999908447266,63.25,63.869998931884766,1440000
TotalEnergies,1,TTE,2024-02-06,64.69000244140625,65.36000061035156,64.63999938964844,65.05000305175781,2270800
TotalEnergies,1,TTE,2024-02-07,62.900001525878906,63.2599983215332,62.650001525878906,63.04999923706055,6332500
TotalEnergies,1,TTE,2024-02-08,63.38999938964844,64.33000183105469,63.279998779296875,64.19000244140625,3348900
TotalEnergies,1,TTE,2024-02-09,64.41000366210938,64.52999877929688,64.08999633789062,64.30999755859375,3474600
TotalEnergies,1,TTE,2024-02-12,64.4000015258789,64.81999969482422,64.19000244140625,64.62999725341797,3213300
TotalEnergies,1,TTE,2024-02-13,65.20999908447266,65.27999877929688,64.11000061035156,64.43000030517578,3306700
TotalEnergies,1,TTE,2024-02-14,64.7300033569336,65.04000091552734,64.37999725341797,64.62999725341797,4014500
TotalEnergies,1,TTE,2024-02-15,63.650001525878906,65,63.599998474121094,65,2849900
TotalEnergies,1,TTE,2024-02-16,64.55999755859375,64.77999877929688,64.2699966430664,64.44999694824219,1664700
TotalEnergies,1,TTE,2024-02-20,63.93000030517578,63.93000030517578,63.11000061035156,63.2599983215332,1282700
TotalEnergies,1,TTE,2024-02-21,63.61000061035156,64.13999938964844,63.38999938964844,64.08999633789062,1905700
TotalEnergies,1,TTE,2024-02-22,64.16000366210938,64.41999816894531,63.599998474121094,64.13999938964844,1253800
TotalEnergies,1,TTE,2024-02-23,64.19999694824219,64.7300033569336,63.83000183105469,64.51000213623047,1004700
TotalEnergies,1,TTE,2024-02-26,63.77000045776367,64.31999969482422,63.63999938964844,64.30000305175781,1026900
TotalEnergies,1,TTE,2024-02-27,64.73999786376953,64.94000244140625,64.44999694824219,64.54000091552734,736600
TotalEnergies,1,TTE,2024-02-28,64.41000366210938,64.63999938964844,63.91999816894531,63.91999816894531,1000500
TotalEnergies,1,TTE,2024-02-29,64.31999969482422,64.37999725341797,63.59000015258789,64.06999969482422,991800
TotalEnergies,1,TTE,2024-03-01,64.4000015258789,64.9000015258789,64.06999969482422,64.5,889900
TotalEnergies,1,TTE,2024-03-04,64.80999755859375,64.86000061035156,64.19000244140625,64.33000183105469,787000
TotalEnergies,1,TTE,2024-03-05,63.959999084472656,64.47000122070312,63.880001068115234,64.16000366210938,1594900
TotalEnergies,1,TTE,2024-03-06,65.3499984741211,65.68000030517578,65.11000061035156,65.23999786376953,1238100
TotalEnergies,1,TTE,2024-03-07,65.37000274658203,65.8499984741211,65.33000183105469,65.6500015258789,841700
TotalEnergies,1,TTE,2024-03-08,66.12999725341797,66.25,65.58000183105469,65.79000091552734,732300
TotalEnergies,1,TTE,2024-03-11,65.7300033569336,66.11000061035156,65.41000366210938,66.0999984741211,716900
TotalEnergies,1,TTE,2024-03-12,66.08000183105469,66.43000030517578,65.88999938964844,66.2699966430664,760700
TotalEnergies,1,TTE,2024-03-13,67.33000183105469,68.05999755859375,67.30999755859375,67.79000091552734,2218300
TotalEnergies,1,TTE,2024-03-14,67.86000061035156,68.30000305175781,67.58000183105469,68.06999969482422,1116600
TotalEnergies,1,TTE,2024-03-15,68.31999969482422,68.63999938964844,67.75,68.0999984741211,1406500
TotalEnergies,1,TTE,2024-03-18,67.55000305175781,68.29000091552734,67.12999725341797,68.0999984741211,2143600
TotalEnergies,1,TTE,2024-03-19,68.63999938964844,69.12999725341797,68.38999938964844,68.4000015258789,2297200
TotalEnergies,1,TTE,2024-03-20,68.3499984741211,69.30999755859375,68.25,69.19000244140625,1312300
TotalEnergies,1,TTE,2024-03-21,68.62000274658203,69.02999877929688,67.93000030517578,68.0199966430664,3114700
TotalEnergies,1,TTE,2024-03-22,68.08000183105469,68.1500015258789,67.83000183105469,67.83999633789062,878200
TotalEnergies,1,TTE,2024-03-25,68.12999725341797,68.6500015258789,67.4000015258789,68.29000091552734,1557800
TotalEnergies,1,TTE,2024-03-26,68.72000122070312,68.72000122070312,67.58999633789062,67.6500015258789,1713100
TotalEnergies,1,TTE,2024-03-27,68.12999725341797,68.58999633789062,67.98999786376953,68.41999816894531,1781100
TotalEnergies,1,TTE,2024-03-28,68.51000213623047,69.0199966430664,68.41999816894531,68.83000183105469,821200
TotalEnergies,1,TTE,2024-04-01,69.27999877929688,69.80999755859375,68.6500015258789,69.73999786376953,943400
TotalEnergies,1,TTE,2024-04-02,70.73999786376953,71.69999694824219,70.45999908447266,71.69999694824219,3379200
TotalEnergies,1,TTE,2024-04-03,71.79000091552734,72.33999633789062,71.54000091552734,72.19999694824219,1091800
TotalEnergies,1,TTE,2024-04-04,72.86000061035156,72.97000122070312,72.41000366210938,72.55999755859375,1098700
TotalEnergies,1,TTE,2024-04-05,72.63999938964844,72.91000366210938,72.16999816894531,72.87000274658203,950400
TotalEnergies,1,TTE,2024-04-08,73.54000091552734,74.05999755859375,73.43000030517578,73.66999816894531,1087700
TotalEnergies,1,TTE,2024-04-09,73.7300033569336,73.87999725341797,72.77999877929688,73.02999877929688,805600
TotalEnergies,1,TTE,2024-04-10,72.81999969482422,73.37000274658203,72.43000030517578,73.36000061035156,1374600
TotalEnergies,1,TTE,2024-04-11,73.93000030517578,73.93000030517578,72.25,72.94999694824219,930500
TotalEnergies,1,TTE,2024-04-12,73.30999755859375,73.73999786376953,72.37000274658203,72.48999786376953,974600
TotalEnergies,1,TTE,2024-04-15,72.91000366210938,73.06999969482422,72,72.16999816894531,3077300
TotalEnergies,1,TTE,2024-04-16,71.83000183105469,72,71.22000122070312,71.75,1326400
TotalEnergies,1,TTE,2024-04-17,71.98999786376953,72.41999816894531,71.08999633789062,71.75,1680600
TotalEnergies,1,TTE,2024-04-18,71.80000305175781,71.98999786376953,70.70999908447266,70.83000183105469,2048900
TotalEnergies,1,TTE,2024-04-19,71.22000122070312,72.06999969482422,71.0999984741211,72.05000305175781,1361600
TotalEnergies,1,TTE,2024-04-22,71.93000030517578,72.83000183105469,71.58999633789062,72.58999633789062,864600
TotalEnergies,1,TTE,2024-04-23,72.52999877929688,73.16000366210938,72.19999694824219,72.97000122070312,775700
TotalEnergies,1,TTE,2024-04-24,72.86000061035156,72.94000244140625,72.26000213623047,72.73999786376953,1125200
TotalEnergies,1,TTE,2024-04-25,72.47000122070312,73.76000213623047,72.25,73.75,1390400
TotalEnergies,1,TTE,2024-04-26,74.70999908447266,74.97000122070312,74,74.55999755859375,2495400
TotalEnergies,1,TTE,2024-04-29,74.45999908447266,74.66000366210938,74.16999816894531,74.4800033569336,1499800
TotalEnergies,1,TTE,2024-04-30,74.30000305175781,74.31999969482422,72.44999694824219,72.47000122070312,1735400
TotalEnergies,1,TTE,2024-05-01,72.5199966430664,72.5999984741211,71.52999877929688,71.68000030517578,894400
TotalEnergies,1,TTE,2024-05-02,71.30000305175781,72.05000305175781,71.30000305175781,71.4000015258789,1322200
TotalEnergies,1,TTE,2024-05-03,71.58000183105469,71.66999816894531,71.0999984741211,71.62999725341797,744300
TotalEnergies,1,TTE,2024-05-06,72.44000244140625,72.69000244140625,72.02999877929688,72.02999877929688,1079100
TotalEnergies,1,TTE,2024-05-07,72.37000274658203,72.52999877929688,71.94000244140625,71.94000244140625,719100
TotalEnergies,1,TTE,2024-05-08,71.88999938964844,72.3499984741211,71.76000213623047,72.1500015258789,1027900
TotalEnergies,1,TTE,2024-05-09,73.26000213623047,73.9000015258789,73.16999816894531,73.70999908447266,1009600
TotalEnergies,1,TTE,2024-05-10,74.16000366210938,74.20999908447266,73.62000274658203,73.81999969482422,625400
TotalEnergies,1,TTE,2024-05-13,73.81999969482422,74.43000030517578,73.81999969482422,74.05999755859375,648300
TotalEnergies,1,TTE,2024-05-14,74.1500015258789,74.20999908447266,73.73999786376953,73.97000122070312,717800
TotalEnergies,1,TTE,2024-05-15,73.6500015258789,73.86000061035156,72.75,73.4800033569336,881900
TotalEnergies,1,TTE,2024-05-16,72.62000274658203,72.77999877929688,72.02999877929688,72.1500015258789,1049500
TotalEnergies,1,TTE,2024-05-17,72.80000305175781,73.30999755859375,72.69999694824219,73.19000244140625,944200
TotalEnergies,1,TTE,2024-05-20,73.06999969482422,73.11000061035156,72.41000366210938,72.44000244140625,505600
TotalEnergies,1,TTE,2024-05-21,72.06999969482422,72.26000213623047,71.70999908447266,71.8499984741211,838500
TotalEnergies,1,TTE,2024-05-22,70.80999755859375,70.91999816894531,70.05000305175781,70.47000122070312,1219700
TotalEnergies,1,TTE,2024-05-23,71.5,71.68000030517578,70.3499984741211,70.5,1034300
TotalEnergies,1,TTE,2024-05-24,71.3499984741211,71.75,71.12999725341797,71.5199966430664,836400
TotalEnergies,1,TTE,2024-05-28,71.94999694824219,72.25,71.7300033569336,72.13999938964844,566500
TotalEnergies,1,TTE,2024-05-29,71.55000305175781,71.55000305175781,70.7300033569336,71.0199966430664,737000
TotalEnergies,1,TTE,2024-05-30,70.30000305175781,71.01000213623047,70.27999877929688,70.9000015258789,940500
TotalEnergies,1,TTE,2024-05-31,72.08000183105469,73.12000274658203,71.9800033569336,73.12000274658203,1716100
TotalEnergies,1,TTE,2024-06-03,72.44999694824219,72.45999908447266,71.06999969482422,71.12999725341797,941000
TotalEnergies,1,TTE,2024-06-04,69.93000030517578,70.37000274658203,69.41000366210938,70.33000183105469,1343400
TotalEnergies,1,TTE,2024-06-05,71.11000061035156,71.11000061035156,70.20999908447266,70.4800033569336,2383000
TotalEnergies,1,TTE,2024-06-06,70.22000122070312,70.94000244140625,70.13999938964844,70.83000183105469,1104200
TotalEnergies,1,TTE,2024-06-07,70.27999877929688,70.66999816894531,69.69999694824219,69.7300033569336,1437000
TotalEnergies,1,TTE,2024-06-10,69.55999755859375,70.69000244140625,69.33000183105469,70.4000015258789,2729200
TotalEnergies,1,TTE,2024-06-11,68.87000274658203,69.19000244140625,68.56999969482422,68.63999938964844,2498200
TotalEnergies,1,TTE,2024-06-12,69.4800033569336,69.69000244140625,68.80999755859375,69.01000213623047,1304100
TotalEnergies,1,TTE,2024-06-13,67.91999816894531,68,67.01000213623047,67.37000274658203,2158200
TotalEnergies,1,TTE,2024-06-14,65.62999725341797,65.93000030517578,65.12999725341797,65.77999877929688,4347900
TotalEnergies,1,TTE,2024-06-17,66.87000274658203,66.87000274658203,66.05000305175781,66.55999755859375,1396300
TotalEnergies,1,TTE,2024-06-18,66.45999908447266,66.95999908447266,66.33000183105469,66.66000366210938,1112000
TotalEnergies,1,TTE,2024-06-20,66.33000183105469,67.16000366210938,66.22000122070312,66.4800033569336,1840200
TotalEnergies,1,TTE,2024-06-21,65.88999938964844,66.26000213623047,65.5999984741211,65.76000213623047,1366800
TotalEnergies,1,TTE,2024-06-24,66.48999786376953,67.5199966430664,66.4800033569336,67.41999816894531,1385300
TotalEnergies,1,TTE,2024-06-25,67.23999786376953,67.77999877929688,66.97000122070312,67.75,998100
TotalEnergies,1,TTE,2024-06-26,66.26000213623047,66.47000122070312,66.08999633789062,66.22000122070312,1222200
TotalEnergies,1,TTE,2024-06-27,66.7699966430664,66.83999633789062,66.2699966430664,66.58999633789062,874300
TotalEnergies,1,TTE,2024-06-28,66.66999816894531,67.19999694824219,66.31999969482422,66.68000030517578,1788000
TotalEnergies,1,TTE,2024-07-01,68.52999877929688,68.83000183105469,67.98999786376953,68.61000061035156,1227300
TotalEnergies,1,TTE,2024-07-02,68.87000274658203,69.12999725341797,68.47000122070312,68.6500015258789,1377600
TotalEnergies,1,TTE,2024-07-03,69.94000244140625,70.13999938964844,69.70999908447266,69.97000122070312,892700
TotalEnergies,1,TTE,2024-07-05,71,71.02999877929688,70.2300033569336,70.88999938964844,1277000
TotalEnergies,1,TTE,2024-07-08,70.41999816894531,70.63999938964844,69.44999694824219,69.6500015258789,1377400
TotalEnergies,1,TTE,2024-07-09,68.20999908447266,68.6500015258789,68.05000305175781,68.08999633789062,902100
TotalEnergies,1,TTE,2024-07-10,68.31999969482422,68.5,67.87999725341797,68.13999938964844,694700
TotalEnergies,1,TTE,2024-07-11,68.19999694824219,68.54000091552734,67.95999908447266,68.41000366210938,637500
TotalEnergies,1,TTE,2024-07-12,69.26000213623047,69.52999877929688,68.87000274658203,69.33000183105469,853500
TotalEnergies,1,TTE,2024-07-15,68.95999908447266,69.44000244140625,68.80999755859375,69.12999725341797,1455400
TotalEnergies,1,TTE,2024-07-16,67.91000366210938,68.33999633789062,67.56999969482422,68.31999969482422,1318200
TotalEnergies,1,TTE,2024-07-17,68.4000015258789,69.20999908447266,68.23999786376953,68.47000122070312,1289000
TotalEnergies,1,TTE,2024-07-18,69.68000030517578,69.83000183105469,68.94999694824219,69.29000091552734,1327500
TotalEnergies,1,TTE,2024-07-19,68.36000061035156,68.54000091552734,68.06999969482422,68.25,1168600
TotalEnergies,1,TTE,2024-07-22,68.61000061035156,68.9800033569336,68.44000244140625,68.58000183105469,1175000
TotalEnergies,1,TTE,2024-07-23,67.79000091552734,67.87999725341797,67.1500015258789,67.19000244140625,1200200
TotalEnergies,1,TTE,2024-07-24,67.54000091552734,67.91000366210938,67.20999908447266,67.26000213623047,1012000
TotalEnergies,1,TTE,2024-07-25,66.9800033569336,68.19000244140625,66.48999786376953,67.62999725341797,1319000
TotalEnergies,1,TTE,2024-07-26,67.43000030517578,68.05000305175781,67.3499984741211,67.8499984741211,696900
TotalEnergies,1,TTE,2024-07-29,67.48999786376953,67.5199966430664,66.62000274658203,67.31999969482422,1023400
TotalEnergies,1,TTE,2024-07-30,66.91999816894531,67.76000213623047,66.80000305175781,67.56999969482422,1045900
TotalEnergies,1,TTE,2024-07-31,68.08000183105469,68.26000213623047,67.52999877929688,67.77999877929688,1120900
TotalEnergies,1,TTE,2024-08-01,67.41000366210938,67.58999633789062,66.43000030517578,66.93000030517578,1116300
TotalEnergies,1,TTE,2024-08-02,67.29000091552734,67.3499984741211,66.02999877929688,66.55999755859375,1572700
TotalEnergies,1,TTE,2024-08-05,65.12000274658203,65.79000091552734,64.66000366210938,65.61000061035156,1307900
TotalEnergies,1,TTE,2024-08-06,64.08999633789062,65.4800033569336,63.9900016784668,64.9800033569336,1222600
TotalEnergies,1,TTE,2024-08-07,66.12000274658203,66.77999877929688,66.05000305175781,66.18000030517578,878300
TotalEnergies,1,TTE,2024-08-08,66.30000305175781,67,66.22000122070312,66.76000213623047,1133900
TotalEnergies,1,TTE,2024-08-09,66.66999816894531,67.36000061035156,66.54000091552734,67.13999938964844,683200
TotalEnergies,1,TTE,2024-08-12,67.6500015258789,67.7699966430664,67.13999938964844,67.45999908447266,730900
TotalEnergies,1,TTE,2024-08-13,67.1500015258789,67.68000030517578,66.86000061035156,67.62000274658203,936800
TotalEnergies,1,TTE,2024-08-14,67.7699966430664,68.0999984741211,67.70999908447266,67.94000244140625,485100
TotalEnergies,1,TTE,2024-08-15,68.4000015258789,68.68000030517578,68.16999816894531,68.37000274658203,835100
TotalEnergies,1,TTE,2024-08-16,68.30999755859375,68.79000091552734,68.16000366210938,68.6500015258789,653000
TotalEnergies,1,TTE,2024-08-19,69.45999908447266,69.8499984741211,69.0199966430664,69.02999877929688,847400
TotalEnergies,1,TTE,2024-08-20,69.27999877929688,69.27999877929688,68.61000061035156,68.6500015258789,920000
TotalEnergies,1,TTE,2024-08-21,69.02999877929688,69.2699966430664,68.7300033569336,68.79000091552734,910100
TotalEnergies,1,TTE,2024-08-22,68.5999984741211,68.69999694824219,68.31999969482422,68.44999694824219,834000
TotalEnergies,1,TTE,2024-08-23,68.79000091552734,69.73999786376953,68.7699966430664,69.7300033569336,879300
TotalEnergies,1,TTE,2024-08-26,70.1500015258789,70.5,70.08999633789062,70.41999816894531,2259200
TotalEnergies,1,TTE,2024-08-27,70.33999633789062,70.37000274658203,69.77999877929688,70.16999816894531,2658200
TotalEnergies,1,TTE,2024-08-28,69.41000366210938,69.68000030517578,69.22000122070312,69.51000213623047,571200
TotalEnergies,1,TTE,2024-08-29,69.41000366210938,69.70999908447266,69.12999725341797,69.5999984741211,754800
TotalEnergies,1,TTE,2024-08-30,69.2300033569336,69.36000061035156,68.51000213623047,69,1112800
TotalEnergies,1,TTE,2024-09-03,67.72000122070312,67.72000122070312,66.77999877929688,66.87999725341797,1178100
TotalEnergies,1,TTE,2024-09-04,67.05000305175781,67.55999755859375,66.37000274658203,66.4800033569336,1255000
TotalEnergies,1,TTE,2024-09-05,67.5,67.55999755859375,66.76000213623047,66.80999755859375,1135100
TotalEnergies,1,TTE,2024-09-06,67.05999755859375,67.16000366210938,65.94000244140625,66.30000305175781,885100
TotalEnergies,1,TTE,2024-09-09,66.70999908447266,67.75,66.68000030517578,67.37000274658203,935400
TotalEnergies,1,TTE,2024-09-10,66.73999786376953,66.73999786376953,64.81999969482422,65.91000366210938,1317400
TotalEnergies,1,TTE,2024-09-11,66.4000015258789,66.69999694824219,65.68000030517578,66.36000061035156,1618600
TotalEnergies,1,TTE,2024-09-12,66.68000030517578,67.41999816894531,66.48999786376953,67.33000183105469,1246200
TotalEnergies,1,TTE,2024-09-13,67.62999725341797,67.81999969482422,67.2699966430664,67.6500015258789,1798900
TotalEnergies,1,TTE,2024-09-16,67.9000015258789,68.22000122070312,67.81999969482422,68.08999633789062,1111600
TotalEnergies,1,TTE,2024-09-17,68.30000305175781,68.62000274658203,67.91999816894531,68.31999969482422,1651800
TotalEnergies,1,TTE,2024-09-18,68.2300033569336,68.94000244140625,67.8499984741211,68.04000091552734,1347800
TotalEnergies,1,TTE,2024-09-19,69.3499984741211,69.80999755859375,69.05999755859375,69.13999938964844,1308500
TotalEnergies,1,TTE,2024-09-20,69.44999694824219,69.48999786376953,68.6500015258789,69.08999633789062,1334400
TotalEnergies,1,TTE,2024-09-23,69.22000122070312,69.75,68.80000305175781,69.16999816894531,1167200
TotalEnergies,1,TTE,2024-09-24,69.37999725341797,69.44000244140625,68.58999633789062,68.68000030517578,1448600
TotalEnergies,1,TTE,2024-09-25,68.30000305175781,68.37000274658203,66.66000366210938,66.66000366210938,2001200
TotalEnergies,1,TTE,2024-09-26,65.2300033569336,66.41999816894531,65.12000274658203,65.66999816894531,2513500
TotalEnergies,1,TTE,2024-09-27,66,66.37000274658203,65.56999969482422,66.1500015258789,1373900
TotalEnergies,1,TTE,2024-09-30,65.19000244140625,65.44000244140625,64.43000030517578,64.62000274658203,2824600
TotalEnergies,0,TTE.PA,2024-01-02,61.849998474121094,62.310001373291016,61.63999938964844,61.9900016784668,4444831
TotalEnergies,0,TTE.PA,2024-01-03,61.90999984741211,62.06999969482422,61.27000045776367,61.7400016784668,3492054
TotalEnergies,0,TTE.PA,2024-01-04,62.18000030517578,63,62.04999923706055,62.47999954223633,3956219
TotalEnergies,0,TTE.PA,2024-01-05,62.220001220703125,62.70000076293945,61.91999816894531,62.5,2376845
TotalEnergies,0,TTE.PA,2024-01-08,62,62.04999923706055,60.54999923706055,60.54999923706055,3900649
TotalEnergies,0,TTE.PA,2024-01-09,60.849998474121094,61.16999816894531,60.119998931884766,60.119998931884766,3053098
TotalEnergies,0,TTE.PA,2024-01-10,60,60.29999923706055,59.70000076293945,59.77000045776367,2757095
TotalEnergies,0,TTE.PA,2024-01-11,59.709999084472656,60.18000030517578,59.36000061035156,59.47999954223633,4264632
TotalEnergies,0,TTE.PA,2024-01-12,60.25,60.84000015258789,60.09000015258789,60.13999938964844,3034026
TotalEnergies,0,TTE.PA,2024-01-15,60.130001068115234,60.27000045776367,59.65999984741211,59.939998626708984,2068080
TotalEnergies,0,TTE.PA,2024-01-16,59.5,60.09000015258789,59.220001220703125,59.58000183105469,3483825
TotalEnergies,0,TTE.PA,2024-01-17,58.72999954223633,58.75,57.77000045776367,58.2599983215332,4637885
TotalEnergies,0,TTE.PA,2024-01-18,58.06999969482422,58.56999969482422,57.91999816894531,58.5099983215332,3715641
TotalEnergies,0,TTE.PA,2024-01-19,58.95000076293945,59.220001220703125,58.27000045776367,58.279998779296875,3426875
TotalEnergies,0,TTE.PA,2024-01-22,58.380001068115234,58.7599983215332,57.45000076293945,57.75,4019036
TotalEnergies,0,TTE.PA,2024-01-23,58.310001373291016,58.470001220703125,57.7599983215332,58.119998931884766,3795632
TotalEnergies,0,TTE.PA,2024-01-24,58.13999938964844,59.0099983215332,57.90999984741211,58.86000061035156,4325754
TotalEnergies,0,TTE.PA,2024-01-25,59.189998626708984,59.65999984741211,58.709999084472656,58.939998626708984,3108343
TotalEnergies,0,TTE.PA,2024-01-26,59.77000045776367,60.279998779296875,59.52000045776367,59.619998931884766,3519412
TotalEnergies,0,TTE.PA,2024-01-29,60.65999984741211,61.130001068115234,59.939998626708984,60.209999084472656,3413933
TotalEnergies,0,TTE.PA,2024-01-30,60.099998474121094,60.59000015258789,59.97999954223633,60.43000030517578,2824518
TotalEnergies,0,TTE.PA,2024-01-31,61,61.060001373291016,60.099998474121094,60.099998474121094,5020356
TotalEnergies,0,TTE.PA,2024-02-01,60.810001373291016,61,60.130001068115234,60.58000183105469,3477664
TotalEnergies,0,TTE.PA,2024-02-02,60.31999969482422,60.43000030517578,59.54999923706055,59.79999923706055,3260710
TotalEnergies,0,TTE.PA,2024-02-05,59.599998474121094,59.779998779296875,58.880001068115234,59.220001220703125,3591602
TotalEnergies,0,TTE.PA,2024-02-06,60.06999969482422,60.70000076293945,59.970001220703125,60.29999923706055,4251414
TotalEnergies,0,TTE.PA,2024-02-07,58.5,59.970001220703125,58.16999816894531,58.38999938964844,5782026
TotalEnergies,0,TTE.PA,2024-02-08,58.29999923706055,59.29999923706055,57.59000015258789,59.18000030517578,3394759
TotalEnergies,0,TTE.PA,2024-02-09,59.41999816894531,59.900001525878906,59.27000045776367,59.720001220703125,3136947
TotalEnergies,0,TTE.PA,2024-02-12,59.75,60.09000015258789,59.459999084472656,59.81999969482422,3055670
TotalEnergies,0,TTE.PA,2024-02-13,59.970001220703125,60.90999984741211,59.56999969482422,60.29999923706055,3140127
TotalEnergies,0,TTE.PA,2024-02-14,60.43000030517578,60.689998626708984,60.060001373291016,60.41999816894531,2957326
TotalEnergies,0,TTE.PA,2024-02-15,59.75,60.2400016784668,58.66999816894531,59.75,5495770
TotalEnergies,0,TTE.PA,2024-02-16,60.310001373291016,60.41999816894531,59.560001373291016,59.88999938964844,4848959
TotalEnergies,0,TTE.PA,2024-02-19,60.08000183105469,60.2400016784668,59.47999954223633,59.689998626708984,2312753
TotalEnergies,0,TTE.PA,2024-02-20,59.459999084472656,59.65999984741211,58.58000183105469,58.599998474121094,3442884
TotalEnergies,0,TTE.PA,2024-02-21,58.5,59.130001068115234,58.31999969482422,58.91999816894531,3222466
TotalEnergies,0,TTE.PA,2024-02-22,59.220001220703125,59.7599983215332,58.779998779296875,59.130001068115234,3543583
TotalEnergies,0,TTE.PA,2024-02-23,59.11000061035156,59.720001220703125,58.93000030517578,59.65999984741211,3264682
TotalEnergies,0,TTE.PA,2024-02-26,59.18000030517578,59.27000045776367,58.56999969482422,59.189998626708984,2855778
TotalEnergies,0,TTE.PA,2024-02-27,59.08000183105469,59.88999938964844,59.04999923706055,59.5,2365829
TotalEnergies,0,TTE.PA,2024-02-28,59.439998626708984,59.66999816894531,59.08000183105469,59.400001525878906,2786832
TotalEnergies,0,TTE.PA,2024-02-29,59.13999938964844,59.61000061035156,58.9900016784668,58.9900016784668,14240651
TotalEnergies,0,TTE.PA,2024-03-01,59.220001220703125,59.84000015258789,59.13999938964844,59.79999923706055,3010134
TotalEnergies,0,TTE.PA,2024-03-04,59.4900016784668,60.040000915527344,59.22999954223633,59.38999938964844,2741093
TotalEnergies,0,TTE.PA,2024-03-05,59.04999923706055,59.290000915527344,58.709999084472656,59.15999984741211,3098188
TotalEnergies,0,TTE.PA,2024-03-06,59.2599983215332,60.25,59.18000030517578,59.97999954223633,3491791
TotalEnergies,0,TTE.PA,2024-03-07,59.68000030517578,60.209999084472656,59.529998779296875,59.91999816894531,3151539
TotalEnergies,0,TTE.PA,2024-03-08,60.209999084472656,60.72999954223633,60.040000915527344,60.04999923706055,3278520
TotalEnergies,0,TTE.PA,2024-03-11,59.869998931884766,60.290000915527344,59.77000045776367,60.130001068115234,2712053
TotalEnergies,0,TTE.PA,2024-03-12,60.619998931884766,60.900001525878906,60.310001373291016,60.66999816894531,3505196
TotalEnergies,0,TTE.PA,2024-03-13,60.689998626708984,61.869998931884766,60.529998779296875,61.7400016784668,4217299
TotalEnergies,0,TTE.PA,2024-03-14,61.90999984741211,62.75,61.7599983215332,62.709999084472656,6905212
TotalEnergies,0,TTE.PA,2024-03-15,62.72999954223633,63.41999816894531,62.47999954223633,62.47999954223633,14595607
TotalEnergies,0,TTE.PA,2024-03-18,62.47999954223633,63,62.369998931884766,62.630001068115234,3014932
TotalEnergies,0,TTE.PA,2024-03-19,62.9900016784668,64.41999816894531,62.810001373291016,64.30000305175781,4728370
TotalEnergies,0,TTE.PA,2024-03-20,63.349998474121094,63.56999969482422,62.959999084472656,63.20000076293945,4243839
TotalEnergies,0,TTE.PA,2024-03-21,63.5,63.77000045776367,62.77000045776367,62.91999816894531,3750719
TotalEnergies,0,TTE.PA,2024-03-22,62.70000076293945,63.2400016784668,62.5099983215332,62.849998474121094,2400377
TotalEnergies,0,TTE.PA,2024-03-25,62.75,63.380001068115234,62.720001220703125,63.22999954223633,2815602
TotalEnergies,0,TTE.PA,2024-03-26,63,63.47999954223633,62.7599983215332,62.97999954223633,2681684
TotalEnergies,0,TTE.PA,2024-03-27,62.599998474121094,63.459999084472656,62.290000915527344,63.040000915527344,2687714
TotalEnergies,0,TTE.PA,2024-03-28,63.38999938964844,63.65999984741211,63.18000030517578,63.470001220703125,3452878
TotalEnergies,0,TTE.PA,2024-04-02,64.19999694824219,66.05999755859375,64.19999694824219,65.95999908447266,6167933
TotalEnergies,0,TTE.PA,2024-04-03,66.29000091552734,66.76000213623047,65.9800033569336,66.66000366210938,3604306
TotalEnergies,0,TTE.PA,2024-04-04,66.56999969482422,67.19000244140625,66.5,67.05000305175781,3487338
TotalEnergies,0,TTE.PA,2024-04-05,67.19000244140625,67.37999725341797,66.73999786376953,66.80000305175781,3537494
TotalEnergies,0,TTE.PA,2024-04-08,66.7300033569336,68.11000061035156,66.68000030517578,67.93000030517578,3533695
TotalEnergies,0,TTE.PA,2024-04-09,67.7300033569336,68.08999633789062,67.18000030517578,67.4000015258789,3013797
TotalEnergies,0,TTE.PA,2024-04-10,67.86000061035156,68.30000305175781,67.30000305175781,68.08000183105469,3069874
TotalEnergies,0,TTE.PA,2024-04-11,68.4000015258789,69.0999984741211,67.51000213623047,67.69999694824219,3406929
TotalEnergies,0,TTE.PA,2024-04-12,68.55000305175781,69.31999969482422,68.4800033569336,69.08999633789062,3391229
TotalEnergies,0,TTE.PA,2024-04-15,68.9000015258789,69.1500015258789,68.16000366210938,68.29000091552734,3609707
TotalEnergies,0,TTE.PA,2024-04-16,67.41999816894531,67.7300033569336,65.4000015258789,67.25,3252933
TotalEnergies,0,TTE.PA,2024-04-17,67.22000122070312,68.01000213623047,67.20999908447266,67.66000366210938,2967935
TotalEnergies,0,TTE.PA,2024-04-18,67.2699966430664,67.6500015258789,66.75,67.41999816894531,3721241
TotalEnergies,0,TTE.PA,2024-04-19,66.9800033569336,67.54000091552734,66.18000030517578,67.27999877929688,4151819
TotalEnergies,0,TTE.PA,2024-04-22,67.55000305175781,68.05000305175781,67.25,67.9000015258789,2603386
TotalEnergies,0,TTE.PA,2024-04-23,68,68.48999786376953,67.62000274658203,67.91000366210938,2651398
TotalEnergies,0,TTE.PA,2024-04-24,68.48999786376953,68.69999694824219,67.63999938964844,67.91000366210938,2559602
TotalEnergies,0,TTE.PA,2024-04-25,67.80999755859375,68.18000030517578,67.44000244140625,68.05999755859375,2708031
TotalEnergies,0,TTE.PA,2024-04-26,67.87999725341797,70.11000061035156,67.79000091552734,69.4800033569336,4902657
TotalEnergies,0,TTE.PA,2024-04-29,69.06999969482422,69.75,68.87999725341797,69.25,3282811
TotalEnergies,0,TTE.PA,2024-04-30,69.68000030517578,69.8499984741211,68.58000183105469,68.58999633789062,3628541
TotalEnergies,0,TTE.PA,2024-05-02,67.73999786376953,67.93000030517578,66.26000213623047,66.8499984741211,4081964
TotalEnergies,0,TTE.PA,2024-05-03,66.8499984741211,67.16000366210938,65.98999786376953,66.36000061035156,2803917
TotalEnergies,0,TTE.PA,2024-05-06,66.93000030517578,67.48999786376953,66.72000122070312,67.26000213623047,1730316
TotalEnergies,0,TTE.PA,2024-05-07,67.19000244140625,67.48999786376953,66.91999816894531,67.06999969482422,2163667
TotalEnergies,0,TTE.PA,2024-05-08,66.9800033569336,67.30999755859375,66.62000274658203,67.2300033569336,2516216
TotalEnergies,0,TTE.PA,2024-05-09,67.41000366210938,68.43000030517578,67.41000366210938,68.3499984741211,2421906
TotalEnergies,0,TTE.PA,2024-05-10,68.66999816894531,69.19999694824219,68.56999969482422,68.68000030517578,3111904
TotalEnergies,0,TTE.PA,2024-05-13,68.61000061035156,68.91999816894531,68.33000183105469,68.75,1627993
TotalEnergies,0,TTE.PA,2024-05-14,68.75,69.02999877929688,68.23999786376953,68.31999969482422,1723131
TotalEnergies,0,TTE.PA,2024-05-15,68.75,68.91999816894531,67.0999984741211,67.47000122070312,2714425
TotalEnergies,0,TTE.PA,2024-05-16,67.55999755859375,67.7300033569336,66.12999725341797,66.45999908447266,3434553
TotalEnergies,0,TTE.PA,2024-05-17,66.61000061035156,67.36000061035156,66.55000305175781,66.94999694824219,3520169
TotalEnergies,0,TTE.PA,2024-05-20,67.38999938964844,67.94999694824219,67,67,2152355
TotalEnergies,0,TTE.PA,2024-05-21,66.80000305175781,66.97000122070312,66.08000183105469,66.4000015258789,2660592
TotalEnergies,0,TTE.PA,2024-05-22,65.9000015258789,65.93000030517578,65.12999725341797,65.16999816894531,3025648
TotalEnergies,0,TTE.PA,2024-05-23,65.20999908447266,66.04000091552734,65.16000366210938,65.69999694824219,2051948
TotalEnergies,0,TTE.PA,2024-05-24,65.4800033569336,66.08999633789062,65.12999725341797,65.98999786376953,2351491
TotalEnergies,0,TTE.PA,2024-05-27,66.0199966430664,66.51000213623047,65.87999725341797,66.4000015258789,1545713
TotalEnergies,0,TTE.PA,2024-05-28,66.72000122070312,66.94999694824219,66.02999877929688,66.13999938964844,1878177
TotalEnergies,0,TTE.PA,2024-05-29,66.3499984741211,66.94000244140625,65.56999969482422,65.62999725341797,3239603
TotalEnergies,0,TTE.PA,2024-05-30,65.43000030517578,65.58000183105469,64.87000274658203,65.30999755859375,3499796
TotalEnergies,0,TTE.PA,2024-05-31,65.62000274658203,67.01000213623047,65.5999984741211,67.01000213623047,9410554
TotalEnergies,0,TTE.PA,2024-06-03,67.4000015258789,67.76000213623047,65.83999633789062,65.91999816894531,2959073
TotalEnergies,0,TTE.PA,2024-06-04,64.87000274658203,65.11000061035156,63.88999938964844,64.33000183105469,4535748
TotalEnergies,0,TTE.PA,2024-06-05,64.69999694824219,65.47000122070312,64.29000091552734,64.72000122070312,2946877
TotalEnergies,0,TTE.PA,2024-06-06,64.88999938964844,64.97000122070312,64.31999969482422,64.97000122070312,2705044
TotalEnergies,0,TTE.PA,2024-06-07,64.93000030517578,65.3499984741211,64.62999725341797,64.94000244140625,3178823
TotalEnergies,0,TTE.PA,2024-06-10,64.3499984741211,65.20999908447266,63.880001068115234,65.20999908447266,3702340
TotalEnergies,0,TTE.PA,2024-06-11,65.29000091552734,65.76000213623047,63.959999084472656,64.0999984741211,3744259
TotalEnergies,0,TTE.PA,2024-06-12,64.0999984741211,64.5999984741211,63.70000076293945,63.939998626708984,3028206
TotalEnergies,0,TTE.PA,2024-06-13,63.849998474121094,64.05000305175781,62.22999954223633,62.310001373291016,4992598
TotalEnergies,0,TTE.PA,2024-06-14,62.38999938964844,62.630001068115234,60.849998474121094,61.41999816894531,6707644
TotalEnergies,0,TTE.PA,2024-06-17,61.22999954223633,62.290000915527344,61.209999084472656,62,3550252
TotalEnergies,0,TTE.PA,2024-06-18,62.040000915527344,63.040000915527344,61.689998626708984,62.86000061035156,3657541
TotalEnergies,0,TTE.PA,2024-06-19,62.27000045776367,62.63999938964844,61.7400016784668,61.779998779296875,3879374
TotalEnergies,0,TTE.PA,2024-06-20,61.86000061035156,62.689998626708984,61.540000915527344,62.310001373291016,4946318
TotalEnergies,0,TTE.PA,2024-06-21,62,62.290000915527344,61.40999984741211,61.77000045776367,7655355
TotalEnergies,0,TTE.PA,2024-06-24,61.43000030517578,62.630001068115234,61.38999938964844,62.5099983215332,2740180
TotalEnergies,0,TTE.PA,2024-06-25,62.91999816894531,63.369998931884766,62.630001068115234,62.880001068115234,2926768
TotalEnergies,0,TTE.PA,2024-06-26,63.220001220703125,63.369998931884766,61.880001068115234,62.040000915527344,3708769
TotalEnergies,0,TTE.PA,2024-06-27,62.119998931884766,62.36000061035156,61.880001068115234,62.040000915527344,2275177
TotalEnergies,0,TTE.PA,2024-06-28,62.75,62.91999816894531,61.959999084472656,62.33000183105469,3842392
TotalEnergies,0,TTE.PA,2024-07-01,63.400001525878906,64.4000015258789,63.189998626708984,63.61000061035156,3968464
TotalEnergies,0,TTE.PA,2024-07-02,64,64.43000030517578,63.2400016784668,64.01000213623047,3568058
TotalEnergies,0,TTE.PA,2024-07-03,64.05999755859375,64.93000030517578,64.04000091552734,64.83000183105469,3733317
TotalEnergies,0,TTE.PA,2024-07-04,64.91999816894531,65.79000091552734,64.80999755859375,65.79000091552734,2692925
TotalEnergies,0,TTE.PA,2024-07-05,65.6500015258789,65.87999725341797,64.95999908447266,65.36000061035156,3001682
TotalEnergies,0,TTE.PA,2024-07-08,64.81999969482422,65.41999816894531,64.63999938964844,64.68000030517578,2731401
TotalEnergies,0,TTE.PA,2024-07-09,64.16000366210938,64.20999908447266,62.91999816894531,63.220001220703125,3564862
TotalEnergies,0,TTE.PA,2024-07-10,63,63.45000076293945,62.79999923706055,63.040000915527344,3029126
TotalEnergies,0,TTE.PA,2024-07-11,63.060001373291016,63.349998474121094,62.470001220703125,62.81999969482422,3134492
TotalEnergies,0,TTE.PA,2024-07-12,63.529998779296875,63.939998626708984,63.220001220703125,63.5,3135787
TotalEnergies,0,TTE.PA,2024-07-15,63.470001220703125,63.70000076293945,62.939998626708984,63.279998779296875,3073244
TotalEnergies,0,TTE.PA,2024-07-16,63.20000076293945,63.20000076293945,62.06999969482422,62.29999923706055,2557447
TotalEnergies,0,TTE.PA,2024-07-17,62.29999923706055,63.279998779296875,62.27000045776367,62.83000183105469,2858921
TotalEnergies,0,TTE.PA,2024-07-18,63.09000015258789,63.97999954223633,63.060001373291016,63.79999923706055,3422747
TotalEnergies,0,TTE.PA,2024-07-19,63.5,63.65999984741211,62.560001373291016,62.72999954223633,4161797
TotalEnergies,0,TTE.PA,2024-07-22,62.939998626708984,63.310001373291016,62.540000915527344,63.13999938964844,2462653
TotalEnergies,0,TTE.PA,2024-07-23,62.83000183105469,63.130001068115234,62.060001373291016,62.130001068115234,2672344
TotalEnergies,0,TTE.PA,2024-07-24,61.88999938964844,62.540000915527344,61.470001220703125,62.459999084472656,2478368
TotalEnergies,0,TTE.PA,2024-07-25,61.41999816894531,62.11000061035156,60.52000045776367,61.970001220703125,2587208
TotalEnergies,0,TTE.PA,2024-07-26,62.689998626708984,62.939998626708984,61.97999954223633,62.130001068115234,2587272
TotalEnergies,0,TTE.PA,2024-07-29,62.790000915527344,63.08000183105469,61.52000045776367,61.7400016784668,1951085
TotalEnergies,0,TTE.PA,2024-07-30,62.189998626708984,62.45000076293945,61.7599983215332,62.08000183105469,2382486
TotalEnergies,0,TTE.PA,2024-07-31,62.59000015258789,63.20000076293945,62.33000183105469,62.47999954223633,4072989
TotalEnergies,0,TTE.PA,2024-08-01,62.31999969482422,62.88999938964844,61.65999984741211,61.90999984741211,3223324
TotalEnergies,0,TTE.PA,2024-08-02,61.29999923706055,62.209999084472656,61.060001373291016,61.13999938964844,4188934
TotalEnergies,0,TTE.PA,2024-08-05,59.52000045776367,59.7400016784668,57.9900016784668,59.5,5144823
TotalEnergies,0,TTE.PA,2024-08-06,59.93000030517578,59.959999084472656,58.31999969482422,59.22999954223633,3930534
TotalEnergies,0,TTE.PA,2024-08-07,59.349998474121094,61.31999969482422,59.33000183105469,60.91999816894531,4208443
TotalEnergies,0,TTE.PA,2024-08-08,60.75,61.119998931884766,60.290000915527344,60.90999984741211,2571282
TotalEnergies,0,TTE.PA,2024-08-09,61.290000915527344,61.599998474121094,60.880001068115234,61.349998474121094,1895672
TotalEnergies,0,TTE.PA,2024-08-12,61.65999984741211,61.9900016784668,61.380001068115234,61.720001220703125,2429529
TotalEnergies,0,TTE.PA,2024-08-13,61.939998626708984,62.040000915527344,61.029998779296875,61.34000015258789,2281396
TotalEnergies,0,TTE.PA,2024-08-14,61.58000183105469,61.79999923706055,61.0099983215332,61.459999084472656,2127767
TotalEnergies,0,TTE.PA,2024-08-15,61.880001068115234,62.59000015258789,61.61000061035156,62.47999954223633,2235687
TotalEnergies,0,TTE.PA,2024-08-16,62.43000030517578,62.66999816894531,61.93000030517578,62.33000183105469,3093759
TotalEnergies,0,TTE.PA,2024-08-19,62.290000915527344,63.11000061035156,62.13999938964844,62.91999816894531,2036242
TotalEnergies,0,TTE.PA,2024-08-20,62.5,62.68000030517578,61.970001220703125,61.970001220703125,2187536
TotalEnergies,0,TTE.PA,2024-08-21,61.9900016784668,62.25,61.720001220703125,62.130001068115234,1811404
TotalEnergies,0,TTE.PA,2024-08-22,61.5099983215332,61.9900016784668,61.47999954223633,61.619998931884766,2050324
TotalEnergies,0,TTE.PA,2024-08-23,61.9900016784668,62.2400016784668,61.91999816894531,62.15999984741211,2355294
TotalEnergies,0,TTE.PA,2024-08-26,62.36000061035156,63.130001068115234,62.150001525878906,62.86000061035156,2112563
TotalEnergies,0,TTE.PA,2024-08-27,63.279998779296875,63.439998626708984,62.709999084472656,62.720001220703125,1876471
TotalEnergies,0,TTE.PA,2024-08-28,62.77000045776367,62.90999984741211,62.279998779296875,62.40999984741211,2202823
TotalEnergies,0,TTE.PA,2024-08-29,62.150001525878906,62.7400016784668,61.869998931884766,62.709999084472656,2226817
TotalEnergies,0,TTE.PA,2024-08-30,62.86000061035156,63.40999984741211,62.06999969482422,62.189998626708984,4432349
TotalEnergies,0,TTE.PA,2024-09-02,62.15999984741211,62.59000015258789,61.970001220703125,62.47999954223633,1391271
TotalEnergies,0,TTE.PA,2024-09-03,62.40999984741211,62.650001525878906,60.459999084472656,60.5099983215332,3566724
TotalEnergies,0,TTE.PA,2024-09-04,60.38999938964844,61.02000045776367,59.90999984741211,60.16999816894531,3561212
TotalEnergies,0,TTE.PA,2024-09-05,60.16999816894531,60.9900016784668,60.13999938964844,60.560001373291016,3766255
TotalEnergies,0,TTE.PA,2024-09-06,60.099998474121094,60.650001525878906,59.720001220703125,59.86000061035156,4014800
TotalEnergies,0,TTE.PA,2024-09-09,60.290000915527344,61.06999969482422,60.220001220703125,60.959999084472656,3953410
TotalEnergies,0,TTE.PA,2024-09-10,60.79999923706055,61.209999084472656,59.47999954223633,59.869998931884766,3670909
TotalEnergies,0,TTE.PA,2024-09-11,59.90999984741211,60.459999084472656,59.63999938964844,60.189998626708984,3497158
TotalEnergies,0,TTE.PA,2024-09-12,60.72999954223633,61.150001525878906,60.29999923706055,60.90999984741211,3350991
TotalEnergies,0,TTE.PA,2024-09-13,60.970001220703125,61.400001525878906,60.88999938964844,61.06999969482422,2596972
TotalEnergies,0,TTE.PA,2024-09-16,60.709999084472656,61.290000915527344,60.68000030517578,61.220001220703125,2240585
TotalEnergies,0,TTE.PA,2024-09-17,61.380001068115234,61.7400016784668,61.2599983215332,61.400001525878906,3261846
TotalEnergies,0,TTE.PA,2024-09-18,61.58000183105469,61.650001525878906,61.040000915527344,61.22999954223633,2815423
TotalEnergies,0,TTE.PA,2024-09-19,62.0099983215332,62.7599983215332,61.91999816894531,62.650001525878906,3887980
TotalEnergies,0,TTE.PA,2024-09-20,62.130001068115234,62.58000183105469,61.7400016784668,61.9900016784668,7466641
TotalEnergies,0,TTE.PA,2024-09-23,62.58000183105469,62.810001373291016,61.849998474121094,62.119998931884766,3232740
TotalEnergies,0,TTE.PA,2024-09-24,62.4900016784668,63.16999816894531,62.439998626708984,62.70000076293945,3726537
TotalEnergies,0,TTE.PA,2024-09-25,61.13999938964844,61.560001373291016,60.36000061035156,60.709999084472656,5128839
TotalEnergies,0,TTE.PA,2024-09-26,59.310001373291016,59.56999969482422,58.25,59.29999923706055,7503258
TotalEnergies,0,TTE.PA,2024-09-27,58.83000183105469,59.619998931884766,58.83000183105469,59.150001525878906,4691916
TotalEnergies,0,TTE.PA,2024-09-30,59.61000061035156,59.63999938964844,58.209999084472656,58.5,5762846
Novartis,1,NVS,2024-01-02,100.0999984741211,101.91000366210938,100.0999984741211,101,1306300
Novartis,1,NVS,2024-01-03,103.12999725341797,105.05000305175781,102.95999908447266,104.81999969482422,2391000
Novartis,1,NVS,2024-01-04,104.98999786376953,105.76000213623047,104.86000061035156,105.56999969482422,1035500
Novartis,1,NVS,2024-01-05,105.91000366210938,106.9000015258789,105.81999969482422,106.30999755859375,1262200
Novartis,1,NVS,2024-01-08,107.26000213623047,107.38999938964844,105.4800033569336,107.08000183105469,2403500
Novartis,1,NVS,2024-01-09,106.58999633789062,107.37999725341797,106.22000122070312,106.38999938964844,1886700
Novartis,1,NVS,2024-01-10,107.05999755859375,107.80000305175781,107.04000091552734,107.44000244140625,1578600
Novartis,1,NVS,2024-01-11,107.19999694824219,107.66000366210938,106.5199966430664,107.5999984741211,1171200
Novartis,1,NVS,2024-01-12,107.43000030517578,107.88999938964844,107.22000122070312,107.44999694824219,958100
Novartis,1,NVS,2024-01-16,107.62000274658203,108.08999633789062,107.3499984741211,107.69000244140625,940300
Novartis,1,NVS,2024-01-17,108.22000122070312,108.41000366210938,107.5,108.26000213623047,1445500
Novartis,1,NVS,2024-01-18,107.41999816894531,108.05000305175781,107.05000305175781,108.02999877929688,1020700
Novartis,1,NVS,2024-01-19,107.55000305175781,108.23999786376953,107.0999984741211,108.2300033569336,1202600
Novartis,1,NVS,2024-01-22,108.36000061035156,108.77999877929688,108.19000244140625,108.47000122070312,1101300
Novartis,1,NVS,2024-01-23,107.43000030517578,107.75,106.87999725341797,107.7300033569336,1346900
Novartis,1,NVS,2024-01-24,107.97000122070312,108.43000030517578,107.55000305175781,107.55000305175781,1163400
Novartis,1,NVS,2024-01-25,107.08000183105469,107.27999877929688,106.58000183105469,106.98999786376953,947000
Novartis,1,NVS,2024-01-26,107.30000305175781,107.45999908447266,106.80999755859375,107.16000366210938,953900
Novartis,1,NVS,2024-01-29,107.5,107.95999908447266,107.22000122070312,107.94999694824219,926200
Novartis,1,NVS,2024-01-30,107.30999755859375,107.83999633789062,106.72000122070312,107.75,1376100
Novartis,1,NVS,2024-01-31,105.55000305175781,105.75,102.5999984741211,103.47000122070312,3348700
Novartis,1,NVS,2024-02-01,105.06999969482422,105.9000015258789,104.58999633789062,105.33000183105469,1983900
Novartis,1,NVS,2024-02-02,104.80000305175781,105.06999969482422,103.16999816894531,103.72000122070312,1652000
Novartis,1,NVS,2024-02-05,103.54000091552734,103.97000122070312,103.31999969482422,103.47000122070312,1414500
Novartis,1,NVS,2024-02-06,103.30999755859375,103.93000030517578,102.95999908447266,103.73999786376953,1014900
Novartis,1,NVS,2024-02-07,103.83000183105469,104.23999786376953,103.41999816894531,103.45999908447266,892100
Novartis,1,NVS,2024-02-08,101.83999633789062,102.0999984741211,100.58999633789062,101.36000061035156,1635300
Novartis,1,NVS,2024-02-09,100.9800033569336,101.19000244140625,100.72000122070312,101.02999877929688,1150800
Novartis,1,NVS,2024-02-12,99.55999755859375,100.5999984741211,99.4800033569336,100.52999877929688,1150500
Novartis,1,NVS,2024-02-13,100.19000244140625,100.41999816894531,98.80999755859375,99.05999755859375,1584400
Novartis,1,NVS,2024-02-14,99.04000091552734,99.27999877929688,98.70999908447266,99.05000305175781,1329000
Novartis,1,NVS,2024-02-15,99.30999755859375,100.16999816894531,99.30999755859375,99.62999725341797,1145300
Novartis,1,NVS,2024-02-16,100,100.56999969482422,99.88999938964844,100.19000244140625,888600
Novartis,1,NVS,2024-02-20,103.11000061035156,103.47000122070312,102.25,102.72000122070312,2000400
Novartis,1,NVS,2024-02-21,102.05000305175781,102.68000030517578,102.05000305175781,102.55999755859375,1958900
Novartis,1,NVS,2024-02-22,102.5,102.97000122070312,102.30999755859375,102.80000305175781,1741600
Novartis,1,NVS,2024-02-23,103.72000122070312,104.13999938964844,103.62000274658203,103.9000015258789,1768700
Novartis,1,NVS,2024-02-26,104.58000183105469,104.6500015258789,103.18000030517578,103.25,2055200
Novartis,1,NVS,2024-02-27,103.08999633789062,103.41000366210938,102.87999725341797,103.1500015258789,1269100
Novartis,1,NVS,2024-02-28,103.19999694824219,103.26000213623047,102.05000305175781,102.22000122070312,2120500
Novartis,1,NVS,2024-02-29,102.37000274658203,102.37000274658203,100.91999816894531,100.97000122070312,3248500
Novartis,1,NVS,2024-03-01,102.01000213623047,102.1500015258789,101.5,102.05999755859375,1598000
Novartis,1,NVS,2024-03-04,101.44999694824219,102.13999938964844,101.3499984741211,101.97000122070312,836300
Novartis,1,NVS,2024-03-05,102.30000305175781,102.5199966430664,101.69999694824219,102.0999984741211,750900
Novartis,1,NVS,2024-03-06,102.30000305175781,103.02999877929688,102.25,102.63999938964844,1245500
Novartis,1,NVS,2024-03-07,100.5,100.62999725341797,99.56999969482422,99.93000030517578,1497300
Novartis,1,NVS,2024-03-08,100.01000213623047,100.87000274658203,99.97000122070312,100.70999908447266,888400
Novartis,1,NVS,2024-03-11,101.05000305175781,101.80999755859375,100.52999877929688,101.37000274658203,1592200
Novartis,1,NVS,2024-03-12,99.80000305175781,100.02999877929688,99.33000183105469,99.7699966430664,1495900
Novartis,1,NVS,2024-03-13,99.69999694824219,99.79000091552734,98.86000061035156,99,916000
Novartis,1,NVS,2024-03-14,98.41000366210938,98.4800033569336,97.81999969482422,98.12999725341797,834400
Novartis,1,NVS,2024-03-15,98.18000030517578,98.31999969482422,96.69000244140625,97.2699966430664,1541100
Novartis,1,NVS,2024-03-18,96.94999694824219,97.0199966430664,95.91000366210938,95.91999816894531,1223900
Novartis,1,NVS,2024-03-19,96.18000030517578,96.5,95.9000015258789,96.31999969482422,1221400
Novartis,1,NVS,2024-03-20,95.72000122070312,96.1500015258789,95.25,96.05000305175781,934900
Novartis,1,NVS,2024-03-21,96.4000015258789,96.79000091552734,96.04000091552734,96.08000183105469,943800
Novartis,1,NVS,2024-03-22,96.23999786376953,96.51000213623047,96.08000183105469,96.2300033569336,657600
Novartis,1,NVS,2024-03-25,96.1500015258789,96.29000091552734,95.7300033569336,95.7300033569336,3641800
Novartis,1,NVS,2024-03-26,95.5,95.55999755859375,95.06999969482422,95.2699966430664,944200
Novartis,1,NVS,2024-03-27,95.5,95.9000015258789,95.2699966430664,95.87999725341797,2432100
Novartis,1,NVS,2024-03-28,96.27999877929688,97.19999694824219,96.1500015258789,96.7300033569336,1524700
Novartis,1,NVS,2024-04-01,96.83000183105469,97.05999755859375,95.44999694824219,95.87000274658203,1258600
Novartis,1,NVS,2024-04-02,94.63999938964844,94.63999938964844,93.91999816894531,94.41000366210938,1468600
Novartis,1,NVS,2024-04-03,94.44999694824219,94.87999725341797,94.18000030517578,94.37000274658203,1168900
Novartis,1,NVS,2024-04-04,97.25,98.20999908447266,96.54000091552734,96.88999938964844,2544700
Novartis,1,NVS,2024-04-05,95.30000305175781,95.93000030517578,95.12999725341797,95.79000091552734,1916900
Novartis,1,NVS,2024-04-08,95.73999786376953,96.1500015258789,95.25,95.4800033569336,1535100
Novartis,1,NVS,2024-04-09,95.66999816894531,95.9000015258789,95.38999938964844,95.80999755859375,1373900
Novartis,1,NVS,2024-04-10,94.56999969482422,94.66999816894531,94.04000091552734,94.37999725341797,2399100
Novartis,1,NVS,2024-04-11,94.87000274658203,94.91000366210938,93.75,94.33999633789062,1623300
Novartis,1,NVS,2024-04-12,94.98999786376953,95.05000305175781,93.41000366210938,93.5199966430664,2099600
Novartis,1,NVS,2024-04-15,94.19999694824219,94.97000122070312,94.11000061035156,94.41000366210938,1501000
Novartis,1,NVS,2024-04-16,92.8499984741211,93.37000274658203,92.63999938964844,93.19999694824219,1914800
Novartis,1,NVS,2024-04-17,93.62999725341797,93.77999877929688,92.87000274658203,93.08000183105469,1168700
Novartis,1,NVS,2024-04-18,92.8499984741211,92.93000030517578,92.3499984741211,92.56999969482422,1054600
Novartis,1,NVS,2024-04-19,93.19999694824219,94.5,93.1500015258789,94.36000061035156,2338300
Novartis,1,NVS,2024-04-22,94.76000213623047,96.02999877929688,94.72000122070312,95.12000274658203,2447800
Novartis,1,NVS,2024-04-23,98.73999786376953,99.5,97.02999877929688,97.27999877929688,3837400
Novartis,1,NVS,2024-04-24,98.5,98.55000305175781,97.41000366210938,98.3499984741211,2473000
Novartis,1,NVS,2024-04-25,98.62999725341797,99.23999786376953,98.26000213623047,99.05999755859375,2421300
Novartis,1,NVS,2024-04-26,97.76000213623047,98.22000122070312,97.44000244140625,97.44000244140625,1562800
Novartis,1,NVS,2024-04-29,97.76000213623047,97.91000366210938,96.86000061035156,97.08999633789062,2144400
Novartis,1,NVS,2024-04-30,97.08000183105469,97.81999969482422,96.91999816894531,97.12999725341797,1630700
Novartis,1,NVS,2024-05-01,96.97000122070312,97.87000274658203,96.72000122070312,97.5,1284200
Novartis,1,NVS,2024-05-02,97.20999908447266,97.47000122070312,96.8499984741211,97.33999633789062,1426100
Novartis,1,NVS,2024-05-03,97.75,97.91000366210938,97.06999969482422,97.2699966430664,1045700
Novartis,1,NVS,2024-05-06,97.5,97.83000183105469,97.11000061035156,97.7300033569336,1180800
Novartis,1,NVS,2024-05-07,98.5999984741211,99.19000244140625,98.54000091552734,99.06999969482422,1159700
Novartis,1,NVS,2024-05-08,99.6500015258789,99.77999877929688,99.26000213623047,99.5999984741211,1153300
Novartis,1,NVS,2024-05-09,99.72000122070312,100.29000091552734,99.44000244140625,100.20999908447266,1384400
Novartis,1,NVS,2024-05-10,101.12999725341797,102.13999938964844,101.04000091552734,102.0999984741211,1843400
Novartis,1,NVS,2024-05-13,102.44000244140625,102.69000244140625,102.1500015258789,102.26000213623047,1101800
Novartis,1,NVS,2024-05-14,102.7699966430664,103.38999938964844,102.72000122070312,103.30999755859375,1951100
Novartis,1,NVS,2024-05-15,103.25,103.55000305175781,102.95999908447266,103.22000122070312,1058300
Novartis,1,NVS,2024-05-16,102.5,102.7699966430664,102.12999725341797,102.69000244140625,812000
Novartis,1,NVS,2024-05-17,102.87000274658203,102.93000030517578,102.5,102.56999969482422,781500
Novartis,1,NVS,2024-05-20,102.69999694824219,103,102.27999877929688,102.83999633789062,984700
Novartis,1,NVS,2024-05-21,102.80000305175781,103.12999725341797,102.76000213623047,102.83999633789062,882100
Novartis,1,NVS,2024-05-22,101.80999755859375,102.04000091552734,101.62999725341797,101.95999908447266,1051700
Novartis,1,NVS,2024-05-23,101.93000030517578,101.97000122070312,101,101.11000061035156,932600
Novartis,1,NVS,2024-05-24,100.29000091552734,100.77999877929688,100.06999969482422,100.52999877929688,1177500
Novartis,1,NVS,2024-05-28,100.26000213623047,100.33000183105469,99.44999694824219,99.68000030517578,1033500
Novartis,1,NVS,2024-05-29,99.3499984741211,99.5199966430664,98.91000366210938,99.36000061035156,1108400
Novartis,1,NVS,2024-05-30,100.33999633789062,101.01000213623047,100.33999633789062,100.69999694824219,1258100
Novartis,1,NVS,2024-05-31,102.13999938964844,103.37000274658203,101.94999694824219,103.12999725341797,1981400
Novartis,1,NVS,2024-06-03,103.2300033569336,103.69999694824219,102.72000122070312,102.76000213623047,1594300
Novartis,1,NVS,2024-06-04,103.81999969482422,104.94999694824219,103.51000213623047,104.91999816894531,1685700
Novartis,1,NVS,2024-06-05,105.47000122070312,105.58999633789062,105.05999755859375,105.36000061035156,1109100
Novartis,1,NVS,2024-06-06,105.68000030517578,106.45999908447266,105.6500015258789,106.12999725341797,1031400
Novartis,1,NVS,2024-06-07,106.19999694824219,106.22000122070312,105.26000213623047,105.33000183105469,849700
Novartis,1,NVS,2024-06-10,105.06999969482422,105.45999908447266,104.77999877929688,105.4000015258789,1255800
Novartis,1,NVS,2024-06-11,104.9800033569336,104.9800033569336,104.20999908447266,104.51000213623047,1523000
Novartis,1,NVS,2024-06-12,106.33000183105469,106.37000274658203,105.5199966430664,105.55000305175781,1939000
Novartis,1,NVS,2024-06-13,105.77999877929688,106.19000244140625,104.94000244140625,106.0199966430664,1077600
Novartis,1,NVS,2024-06-14,106.66000366210938,106.7699966430664,104.94999694824219,105.72000122070312,2565100
Novartis,1,NVS,2024-06-17,104.44000244140625,105.16000366210938,104.2300033569336,104.93000030517578,997100
Novartis,1,NVS,2024-06-18,105.33000183105469,105.56999969482422,104.86000061035156,104.94000244140625,1051800
Novartis,1,NVS,2024-06-20,104.66000366210938,105.8499984741211,104.4000015258789,105.73999786376953,1285700
Novartis,1,NVS,2024-06-21,105.38999938964844,105.70999908447266,104.44000244140625,105.22000122070312,1302100
Novartis,1,NVS,2024-06-24,107.47000122070312,107.66999816894531,106.91000366210938,106.94999694824219,1551200
Novartis,1,NVS,2024-06-25,107.22000122070312,107.4000015258789,106.79000091552734,107.37000274658203,819400
Novartis,1,NVS,2024-06-26,106.76000213623047,107.33999633789062,106.52999877929688,107.06999969482422,1547200
Novartis,1,NVS,2024-06-27,106.6500015258789,106.77999877929688,106.11000061035156,106.55000305175781,1268700
Novartis,1,NVS,2024-06-28,106.75,107.12000274658203,106.23999786376953,106.45999908447266,1516900
Novartis,1,NVS,2024-07-01,106.58000183105469,107.62000274658203,106.30000305175781,106.54000091552734,1194200
Novartis,1,NVS,2024-07-02,106.31999969482422,106.68000030517578,105.9000015258789,106.44000244140625,1211300
Novartis,1,NVS,2024-07-03,106.56999969482422,107.02999877929688,106.51000213623047,106.77999877929688,516200
Novartis,1,NVS,2024-07-05,108.18000030517578,108.22000122070312,107.2699966430664,108.12999725341797,1465900
Novartis,1,NVS,2024-07-08,108.68000030517578,108.79000091552734,107.87000274658203,108.05999755859375,1426600
Novartis,1,NVS,2024-07-09,108.87999725341797,108.87999725341797,107.81999969482422,108.2300033569336,1530600
Novartis,1,NVS,2024-07-10,108.29000091552734,109.94999694824219,108.22000122070312,109.94000244140625,1253700
Novartis,1,NVS,2024-07-11,111.30000305175781,111.70999908447266,110.37000274658203,110.5,1997800
Novartis,1,NVS,2024-07-12,112.2300033569336,112.4800033569336,111.5999984741211,111.69999694824219,1612900
Novartis,1,NVS,2024-07-15,112.04000091552734,112.04000091552734,110.2300033569336,110.33000183105469,1350900
Novartis,1,NVS,2024-07-16,110.02999877929688,110.62000274658203,110.01000213623047,110.52999877929688,1142000
Novartis,1,NVS,2024-07-17,111.18000030517578,112.33000183105469,111,111.80000305175781,1792700
Novartis,1,NVS,2024-07-18,107.80999755859375,108.29000091552734,106.66999816894531,107.22000122070312,3461100
Novartis,1,NVS,2024-07-19,106.3499984741211,106.52999877929688,105.72000122070312,106.12999725341797,1683200
Novartis,1,NVS,2024-07-22,107.95999908447266,108.75,107.58999633789062,108.7300033569336,1468900
Novartis,1,NVS,2024-07-23,108.12000274658203,108.1500015258789,107.2300033569336,107.69999694824219,1319500
Novartis,1,NVS,2024-07-24,108.25,109.79000091552734,108.1500015258789,109.29000091552734,2212300
Novartis,1,NVS,2024-07-25,109.37999725341797,110.51000213623047,109.36000061035156,109.93000030517578,1248400
Novartis,1,NVS,2024-07-26,110.04000091552734,110.66999816894531,109.66999816894531,110.31999969482422,858800
Novartis,1,NVS,2024-07-29,110.98999786376953,111.16000366210938,110.44000244140625,110.66999816894531,880400
Novartis,1,NVS,2024-07-30,111.11000061035156,112.1500015258789,110.72000122070312,111.93000030517578,1162300
Novartis,1,NVS,2024-07-31,112.19999694824219,112.29000091552734,111.4000015258789,111.4800033569336,1165200
Novartis,1,NVS,2024-08-01,112,112.48999786376953,111.38999938964844,112.0999984741211,1054400
Novartis,1,NVS,2024-08-02,112.30000305175781,113,111.9800033569336,112.87000274658203,1678800
Novartis,1,NVS,2024-08-05,111.02999877929688,111.33999633789062,109.66000366210938,109.8499984741211,1599300
Novartis,1,NVS,2024-08-06,108.52999877929688,110.69000244140625,108.4800033569336,110.05999755859375,1385000
Novartis,1,NVS,2024-08-07,111.2699966430664,112.19000244140625,110.75,111.16000366210938,1350800
Novartis,1,NVS,2024-08-08,110.5999984741211,111.45999908447266,110.4800033569336,111.0199966430664,899800
Novartis,1,NVS,2024-08-09,111.55999755859375,112.16000366210938,111.51000213623047,111.88999938964844,1037500
Novartis,1,NVS,2024-08-12,111.45999908447266,111.94999694824219,111.0999984741211,111.41999816894531,925400
Novartis,1,NVS,2024-08-13,111.5999984741211,112.62000274658203,111.58999633789062,112.52999877929688,1001300
Novartis,1,NVS,2024-08-14,112.80999755859375,113.91999816894531,112.66000366210938,113.52999877929688,997800
Novartis,1,NVS,2024-08-15,113.55000305175781,113.66000366210938,113.05999755859375,113.30999755859375,779900
Novartis,1,NVS,2024-08-16,114.62999725341797,114.91000366210938,114.18000030517578,114.69999694824219,1057200
Novartis,1,NVS,2024-08-19,115.06999969482422,116.16999816894531,114.80000305175781,115.93000030517578,857900
Novartis,1,NVS,2024-08-20,116.58000183105469,117.4000015258789,116.44999694824219,117.12999725341797,1115300
Novartis,1,NVS,2024-08-21,117.27999877929688,117.75,116.91999816894531,117.61000061035156,711800
Novartis,1,NVS,2024-08-22,117.95999908447266,118.1500015258789,117.61000061035156,117.76000213623047,951400
Novartis,1,NVS,2024-08-23,117.94000244140625,118.58999633789062,117.70999908447266,118.55999755859375,801200
Novartis,1,NVS,2024-08-26,118.69000244140625,119.29000091552734,118.68000030517578,119.1500015258789,677100
Novartis,1,NVS,2024-08-27,119.44999694824219,119.91000366210938,119.26000213623047,119.83999633789062,860900
Novartis,1,NVS,2024-08-28,120.04000091552734,120.66999816894531,119.66999816894531,119.9800033569336,860000
Novartis,1,NVS,2024-08-29,120.08999633789062,120.80000305175781,119.87000274658203,120.41999816894531,859500
Novartis,1,NVS,2024-08-30,120.37000274658203,120.91999816894531,120.05999755859375,120.88999938964844,902600
Novartis,1,NVS,2024-09-03,119.12999725341797,119.44000244140625,118.2699966430664,118.5,1155800
Novartis,1,NVS,2024-09-04,118.29000091552734,119.43000030517578,118.29000091552734,119.37999725341797,1161000
Novartis,1,NVS,2024-09-05,117.73999786376953,117.8499984741211,116.33000183105469,116.48999786376953,1317500
Novartis,1,NVS,2024-09-06,117.23999786376953,117.5999984741211,116.62000274658203,116.6500015258789,1151400
Novartis,1,NVS,2024-09-09,116.87999725341797,117.76000213623047,116.77999877929688,117.16000366210938,1185200
Novartis,1,NVS,2024-09-10,117.04000091552734,117.12000274658203,116.05999755859375,116.98999786376953,954900
Novartis,1,NVS,2024-09-11,114.9800033569336,115.5,113.81999969482422,115.27999877929688,1342400
Novartis,1,NVS,2024-09-12,115.3499984741211,115.9800033569336,114.79000091552734,115.72000122070312,1543500
Novartis,1,NVS,2024-09-13,115.80999755859375,116.31999969482422,115.2699966430664,115.66000366210938,1866100
Novartis,1,NVS,2024-09-16,116.41000366210938,116.9800033569336,116.13999938964844,116.94999694824219,924900
Novartis,1,NVS,2024-09-17,116.0999984741211,116.0999984741211,114.9800033569336,115.69999694824219,872700
Novartis,1,NVS,2024-09-18,116.30000305175781,116.62999725341797,115.5999984741211,115.97000122070312,771300
Novartis,1,NVS,2024-09-19,116.20999908447266,116.5199966430664,115.52999877929688,115.9800033569336,689600
Novartis,1,NVS,2024-09-20,116.63999938964844,116.69000244140625,115.88999938964844,115.94000244140625,1041500
Novartis,1,NVS,2024-09-23,116.33999633789062,116.80999755859375,116,116.37000274658203,1122000
Novartis,1,NVS,2024-09-24,115.83999633789062,116.4800033569336,115.43000030517578,116.41999816894531,955900
Novartis,1,NVS,2024-09-25,116.83999633789062,116.94999694824219,116.41999816894531,116.43000030517578,1046800
Novartis,1,NVS,2024-09-26,115.11000061035156,115.66999816894531,114.91000366210938,115.61000061035156,845900
Novartis,1,NVS,2024-09-27,115.86000061035156,116.38999938964844,115.5999984741211,115.61000061035156,919200
Novartis,1,NVS,2024-09-30,115.41999816894531,115.5,114.81999969482422,115.0199966430664,1192400
Novartis,0,NOVN.SW,2024-01-03,86.5199966430664,88.62999725341797,86.5,88.62999725341797,5749595
Novartis,0,NOVN.SW,2024-01-04,89.06999969482422,89.88999938964844,88.98999786376953,89.83999633789062,3408396
Novartis,0,NOVN.SW,2024-01-05,89.9000015258789,90.54000091552734,89.75,90.41000366210938,2645796
Novartis,0,NOVN.SW,2024-01-08,90.68000030517578,91.23999786376953,90.45999908447266,90.80000305175781,2867801
Novartis,0,NOVN.SW,2024-01-09,90.19999694824219,91.47000122070312,90.12999725341797,91.13999938964844,2704625
Novartis,0,NOVN.SW,2024-01-10,90.62000274658203,91.80000305175781,90.31999969482422,91.55000305175781,4032492
Novartis,0,NOVN.SW,2024-01-11,91.69999694824219,91.94999694824219,90.94999694824219,91.31999969482422,2975934
Novartis,0,NOVN.SW,2024-01-12,91.58000183105469,91.87999725341797,91.19000244140625,91.43000030517578,2095213
Novartis,0,NOVN.SW,2024-01-15,91.75,92,91.66999816894531,92,2746406
Novartis,0,NOVN.SW,2024-01-16,92.19999694824219,92.91999816894531,91.91999816894531,92.80000305175781,3136874
Novartis,0,NOVN.SW,2024-01-17,92.51000213623047,93.8499984741211,92.12999725341797,93.6500015258789,2501498
Novartis,0,NOVN.SW,2024-01-18,93.04000091552734,93.79000091552734,92.7300033569336,93.12000274658203,3022000
Novartis,0,NOVN.SW,2024-01-19,93.1500015258789,93.80000305175781,93.05000305175781,93.80000305175781,2566147
Novartis,0,NOVN.SW,2024-01-22,93.9000015258789,94.5199966430664,93.77999877929688,94.4000015258789,2935652
Novartis,0,NOVN.SW,2024-01-23,94.11000061035156,94.22000122070312,93.18000030517578,93.5,2813173
Novartis,0,NOVN.SW,2024-01-24,93.25,93.56999969482422,92.58000183105469,93.52999877929688,2690577
Novartis,0,NOVN.SW,2024-01-25,93.16000366210938,93.16000366210938,92.13999938964844,92.75,2366318
Novartis,0,NOVN.SW,2024-01-26,92.66999816894531,93.04000091552734,92.12999725341797,92.45999908447266,2342888
Novartis,0,NOVN.SW,2024-01-29,92.80000305175781,93.91999816894531,92.55999755859375,92.91000366210938,2656798
Novartis,0,NOVN.SW,2024-01-30,92.80000305175781,93.20999908447266,92.11000061035156,92.58999633789062,2810697
Novartis,0,NOVN.SW,2024-01-31,88.87999725341797,91.5199966430664,87.68000030517578,89.4000015258789,8041717
Novartis,0,NOVN.SW,2024-02-01,89.54000091552734,90.83000183105469,89.05999755859375,90.54000091552734,3846735
Novartis,0,NOVN.SW,2024-02-02,90.12000274658203,90.7300033569336,89.66999816894531,89.80000305175781,2931715
Novartis,0,NOVN.SW,2024-02-05,90.0199966430664,90.5999984741211,89.94999694824219,90.36000061035156,3380878
Novartis,0,NOVN.SW,2024-02-06,90.66000366210938,91.1500015258789,89.8499984741211,90.08999633789062,2691800
Novartis,0,NOVN.SW,2024-02-07,90.69999694824219,90.87999725341797,89.62999725341797,90.7300033569336,2819723
Novartis,0,NOVN.SW,2024-02-08,90.4800033569336,90.4800033569336,87.97000122070312,87.97000122070312,3278855
Novartis,0,NOVN.SW,2024-02-09,88.52999877929688,88.97000122070312,88.08999633789062,88.30999755859375,2930012
Novartis,0,NOVN.SW,2024-02-12,88.01000213623047,88.19000244140625,87.02999877929688,87.68000030517578,2491854
Novartis,0,NOVN.SW,2024-02-13,88.08999633789062,88.9000015258789,87.91999816894531,88.0199966430664,3425771
Novartis,0,NOVN.SW,2024-02-14,88.45999908447266,88.58000183105469,87.70999908447266,87.80000305175781,2536458
Novartis,0,NOVN.SW,2024-02-15,87.45999908447266,88.04000091552734,87.33999633789062,87.95999908447266,2461023
Novartis,0,NOVN.SW,2024-02-16,88.08000183105469,88.75,87.48999786376953,88.44000244140625,2876841
Novartis,0,NOVN.SW,2024-02-19,88.5,89.8499984741211,88.5,89.55999755859375,1614102
Novartis,0,NOVN.SW,2024-02-20,89.48999786376953,91.08999633789062,89.41999816894531,90.7699966430664,2308569
Novartis,0,NOVN.SW,2024-02-21,89.80999755859375,90.30999755859375,89.30999755859375,90.04000091552734,2400756
Novartis,0,NOVN.SW,2024-02-22,90.73999786376953,90.9000015258789,90.01000213623047,90.56999969482422,3227100
Novartis,0,NOVN.SW,2024-02-23,90.69999694824219,91.75,90.48999786376953,91.62999725341797,2235130
Novartis,0,NOVN.SW,2024-02-26,91.52999877929688,92.1500015258789,91.30000305175781,91.36000061035156,2217205
Novartis,0,NOVN.SW,2024-02-27,90.73999786376953,90.98999786376953,90.33999633789062,90.6500015258789,2822152
Novartis,0,NOVN.SW,2024-02-28,91,91.4000015258789,90,90,2914648
Novartis,0,NOVN.SW,2024-02-29,89.8499984741211,90.19999694824219,89.04000091552734,89.48999786376953,4722925
Novartis,0,NOVN.SW,2024-03-01,89.73999786376953,90.7300033569336,89.69000244140625,90.13999938964844,2247292
Novartis,0,NOVN.SW,2024-03-04,90.36000061035156,90.8499984741211,89.77999877929688,90.18000030517578,2660789
Novartis,0,NOVN.SW,2024-03-05,90.55999755859375,90.91999816894531,90.20999908447266,90.54000091552734,2382399
Novartis,0,NOVN.SW,2024-03-06,90.63999938964844,91.05999755859375,90.20999908447266,91.05999755859375,3286746
Novartis,0,NOVN.SW,2024-03-07,88,88.88999938964844,87.58000183105469,87.77999877929688,5601589
Novartis,0,NOVN.SW,2024-03-08,87.5999984741211,88.16000366210938,87.26000213623047,88.11000061035156,3175679
Novartis,0,NOVN.SW,2024-03-11,88.45999908447266,88.91999816894531,88.37999725341797,88.80000305175781,3811053
Novartis,0,NOVN.SW,2024-03-12,88.9800033569336,89.37000274658203,87.30000305175781,87.58999633789062,3766221
Novartis,0,NOVN.SW,2024-03-13,87.5,87.5999984741211,86.31999969482422,87.12999725341797,3547186
Novartis,0,NOVN.SW,2024-03-14,87.2699966430664,87.38999938964844,86.3499984741211,86.80000305175781,2717302
Novartis,0,NOVN.SW,2024-03-15,86.02999877929688,87.16000366210938,85.63999938964844,85.63999938964844,16109816
Novartis,0,NOVN.SW,2024-03-18,85.77999877929688,85.81999969482422,85.16000366210938,85.52999877929688,2541879
Novartis,0,NOVN.SW,2024-03-19,85.25,85.55999755859375,84.79000091552734,85.5199966430664,2455344
Novartis,0,NOVN.SW,2024-03-20,85.87000274658203,85.94999694824219,84.83000183105469,85.11000061035156,2536367
Novartis,0,NOVN.SW,2024-03-21,85.19999694824219,86.94999694824219,84.88999938964844,86.72000122070312,3522522
Novartis,0,NOVN.SW,2024-03-22,86.5199966430664,86.94999694824219,85.88999938964844,86.51000213623047,2157126
Novartis,0,NOVN.SW,2024-03-25,86.2300033569336,86.5199966430664,85.9800033569336,86.41000366210938,1801019
Novartis,0,NOVN.SW,2024-03-26,86.36000061035156,86.52999877929688,85.8499984741211,86.1500015258789,2390891
Novartis,0,NOVN.SW,2024-03-27,86.4000015258789,86.79000091552734,86.25,86.66000366210938,2823832
Novartis,0,NOVN.SW,2024-03-28,86.51000213623047,87.37000274658203,86.51000213623047,87.37000274658203,2973660
Novartis,0,NOVN.SW,2024-04-02,87.16000366210938,87.38999938964844,85.16999816894531,85.69999694824219,3133975
Novartis,0,NOVN.SW,2024-04-03,86.04000091552734,86.51000213623047,85.66000366210938,85.80000305175781,3093067
Novartis,0,NOVN.SW,2024-04-04,85.80000305175781,88.83000183105469,85.5199966430664,88.23999786376953,4440994
Novartis,0,NOVN.SW,2024-04-05,87.25,87.2699966430664,85.9000015258789,86.05999755859375,4101587
Novartis,0,NOVN.SW,2024-04-08,86.44000244140625,87.22000122070312,86.3499984741211,86.3499984741211,2514209
Novartis,0,NOVN.SW,2024-04-09,86.08000183105469,86.47000122070312,85.77999877929688,86.37000274658203,2229515
Novartis,0,NOVN.SW,2024-04-10,86.5,86.52999877929688,85.52999877929688,86.12999725341797,2274261
Novartis,0,NOVN.SW,2024-04-11,86.0999984741211,86.4800033569336,85.48999786376953,85.62999725341797,2226966
Novartis,0,NOVN.SW,2024-04-12,85.9800033569336,86.7300033569336,85.75,86.0999984741211,2419969
Novartis,0,NOVN.SW,2024-04-15,86.19000244140625,86.68000030517578,85.68000030517578,86.5,2331975
Novartis,0,NOVN.SW,2024-04-16,86.08000183105469,86.08000183105469,84.5199966430664,85,3068722
Novartis,0,NOVN.SW,2024-04-17,84.79000091552734,85.41999816894531,84.33999633789062,84.8499984741211,2429911
Novartis,0,NOVN.SW,2024-04-18,84.58999633789062,84.91000366210938,84.2699966430664,84.5199966430664,2681710
Novartis,0,NOVN.SW,2024-04-19,83.79000091552734,85.52999877929688,83.62999725341797,85.52999877929688,3719061
Novartis,0,NOVN.SW,2024-04-22,86.04000091552734,87.36000061035156,85.44000244140625,87.36000061035156,4375338
Novartis,0,NOVN.SW,2024-04-23,90.08000183105469,92.05999755859375,88.91000366210938,88.94000244140625,8288764
Novartis,0,NOVN.SW,2024-04-24,90,90.33000183105469,89.06999969482422,89.12000274658203,3572943
Novartis,0,NOVN.SW,2024-04-25,90.0999984741211,90.87000274658203,89.79000091552734,90,4571037
Novartis,0,NOVN.SW,2024-04-26,90.12999725341797,90.30000305175781,89.0999984741211,89.5,3249537
Novartis,0,NOVN.SW,2024-04-29,89.16999816894531,89.48999786376953,88.52999877929688,88.87000274658203,2820456
Novartis,0,NOVN.SW,2024-04-30,88.86000061035156,89.51000213623047,88.62999725341797,89.05000305175781,2925672
Novartis,0,NOVN.SW,2024-05-02,89.05999755859375,89.69000244140625,88.45999908447266,88.87000274658203,2903293
Novartis,0,NOVN.SW,2024-05-03,88.83999633789062,88.87000274658203,87.91000366210938,87.97000122070312,2231035
Novartis,0,NOVN.SW,2024-05-06,88.26000213623047,88.80999755859375,88.02999877929688,88.0999984741211,1408212
Novartis,0,NOVN.SW,2024-05-07,88.26000213623047,89.83000183105469,88.06999969482422,89.77999877929688,2442038
Novartis,0,NOVN.SW,2024-05-08,90,90.73999786376953,90,90.54000091552734,2552149
Novartis,0,NOVN.SW,2024-05-10,91.4000015258789,92.37999725341797,91.12000274658203,92.31999969482422,3229033
Novartis,0,NOVN.SW,2024-05-13,92.43000030517578,93.06999969482422,92.26000213623047,93.06999969482422,3892075
Novartis,0,NOVN.SW,2024-05-14,93.04000091552734,93.75,92.72000122070312,93.48999786376953,2741680
Novartis,0,NOVN.SW,2024-05-15,93.4000015258789,93.75,93.05000305175781,93.30000305175781,2511921
Novartis,0,NOVN.SW,2024-05-16,92.83000183105469,93.30000305175781,92.44000244140625,92.62000274658203,2832960
Novartis,0,NOVN.SW,2024-05-17,93.04000091552734,93.8499984741211,93.04000091552734,93.37000274658203,3439522
Novartis,0,NOVN.SW,2024-05-21,93.81999969482422,94.16000366210938,93.16000366210938,93.88999938964844,3071518
Novartis,0,NOVN.SW,2024-05-22,93.38999938964844,93.62999725341797,93.01000213623047,93.16000366210938,2396685
Novartis,0,NOVN.SW,2024-05-23,93.30999755859375,93.58000183105469,92.62000274658203,92.7699966430664,2925320
Novartis,0,NOVN.SW,2024-05-24,92.38999938964844,92.56999969482422,91.25,91.73999786376953,2520278
Novartis,0,NOVN.SW,2024-05-27,91.75,92.02999877929688,91.62999725341797,92.02999877929688,1193903
Novartis,0,NOVN.SW,2024-05-28,92.2699966430664,92.29000091552734,90.86000061035156,91.11000061035156,2322194
Novartis,0,NOVN.SW,2024-05-29,90.76000213623047,91.01000213623047,90.36000061035156,90.51000213623047,2684604
Novartis,0,NOVN.SW,2024-05-30,91.66000366210938,91.87999725341797,90.88999938964844,91.2300033569336,2558199
Novartis,0,NOVN.SW,2024-05-31,91.11000061035156,93.80000305175781,90.77999877929688,93.16999816894531,10828329
Novartis,0,NOVN.SW,2024-06-03,93.79000091552734,93.83000183105469,92.54000091552734,92.7300033569336,3174216
Novartis,0,NOVN.SW,2024-06-04,92.23999786376953,92.98999786376953,91.94000244140625,92.7300033569336,3103485
Novartis,0,NOVN.SW,2024-06-05,93.47000122070312,94.56999969482422,93.47000122070312,94.5,3915346
Novartis,0,NOVN.SW,2024-06-06,94.23999786376953,94.98999786376953,94.05000305175781,94.98999786376953,2898671
Novartis,0,NOVN.SW,2024-06-07,94.87999725341797,95.41000366210938,94.62999725341797,94.94999694824219,2424844
Novartis,0,NOVN.SW,2024-06-10,94.11000061035156,94.7300033569336,93.83999633789062,94.30000305175781,2137436
Novartis,0,NOVN.SW,2024-06-11,94.75,95.05000305175781,93.83000183105469,94.08000183105469,2223841
Novartis,0,NOVN.SW,2024-06-12,94.08000183105469,94.86000061035156,93.91999816894531,94.66000366210938,2660983
Novartis,0,NOVN.SW,2024-06-13,94.69999694824219,95,94.02999877929688,94.26000213623047,2569181
Novartis,0,NOVN.SW,2024-06-14,94.5,95.26000213623047,94.02999877929688,95.01000213623047,3143025
Novartis,0,NOVN.SW,2024-06-17,94.37999725341797,94.4800033569336,93.12999725341797,93.54000091552734,2567986
Novartis,0,NOVN.SW,2024-06-18,93.6500015258789,93.66000366210938,92.76000213623047,93.1500015258789,3471545
Novartis,0,NOVN.SW,2024-06-19,92.86000061035156,94.0199966430664,92.80000305175781,93.91999816894531,2128332
Novartis,0,NOVN.SW,2024-06-20,93.9800033569336,94.33000183105469,93.20999908447266,94.33000183105469,3052009
Novartis,0,NOVN.SW,2024-06-21,94.02999877929688,94.80999755859375,93.98999786376953,93.98999786376953,11206376
Novartis,0,NOVN.SW,2024-06-24,94.19999694824219,96.27999877929688,94.06999969482422,96.01000213623047,3624312
Novartis,0,NOVN.SW,2024-06-25,95.5999984741211,96.08999633789062,95.4800033569336,95.88999938964844,2891001
Novartis,0,NOVN.SW,2024-06-26,96.19999694824219,97,95.6500015258789,95.93000030517578,3070116
Novartis,0,NOVN.SW,2024-06-27,95.9800033569336,96.19000244140625,95.41000366210938,95.44999694824219,2971668
Novartis,0,NOVN.SW,2024-06-28,95.98999786376953,96.4000015258789,95.70999908447266,96.16999816894531,2586837
Novartis,0,NOVN.SW,2024-07-01,96.01000213623047,97.05999755859375,95.66000366210938,96.72000122070312,2191608
Novartis,0,NOVN.SW,2024-07-02,95.93000030517578,96.54000091552734,95.5199966430664,96.45999908447266,2628827
Novartis,0,NOVN.SW,2024-07-03,96.43000030517578,96.62999725341797,95.91999816894531,96.11000061035156,2139549
Novartis,0,NOVN.SW,2024-07-04,96.38999938964844,97.41000366210938,96.19000244140625,97.23999786376953,2106530
Novartis,0,NOVN.SW,2024-07-05,97.5,97.63999938964844,96.4800033569336,96.61000061035156,2230130
Novartis,0,NOVN.SW,2024-07-08,96.94000244140625,97.68000030517578,96.37000274658203,97.22000122070312,2622047
Novartis,0,NOVN.SW,2024-07-09,97,98,96.83000183105469,97.08999633789062,2513132
Novartis,0,NOVN.SW,2024-07-10,97.08999633789062,98.3499984741211,96.94000244140625,98.30000305175781,2117260
Novartis,0,NOVN.SW,2024-07-11,99.08999633789062,100.31999969482422,99.08999633789062,99.27999877929688,3634483
Novartis,0,NOVN.SW,2024-07-12,99.25,100.72000122070312,99.25,100.05999755859375,2652925
Novartis,0,NOVN.SW,2024-07-15,100.0999984741211,100.95999908447266,99.0999984741211,99.0999984741211,2183223
Novartis,0,NOVN.SW,2024-07-16,98.58000183105469,99.16000366210938,98.41000366210938,98.9000015258789,2133566
Novartis,0,NOVN.SW,2024-07-17,98.4800033569336,99.5,97.55000305175781,99.05999755859375,3512848
Novartis,0,NOVN.SW,2024-07-18,96.44000244140625,97.97000122070312,94.62999725341797,95.08999633789062,5051989
Novartis,0,NOVN.SW,2024-07-19,95.30000305175781,96.30999755859375,94.04000091552734,94.19999694824219,3977117
Novartis,0,NOVN.SW,2024-07-22,94.75,96.4000015258789,94.61000061035156,96.33000183105469,3521152
Novartis,0,NOVN.SW,2024-07-23,96.62999725341797,97.0199966430664,95.66000366210938,96.18000030517578,2789049
Novartis,0,NOVN.SW,2024-07-24,95.69000244140625,96.41000366210938,94.81999969482422,96.26000213623047,3153945
Novartis,0,NOVN.SW,2024-07-25,97,97.30000305175781,95.80000305175781,96.93000030517578,3187938
Novartis,0,NOVN.SW,2024-07-26,96.97000122070312,97.48999786376953,96.20999908447266,97.44999694824219,2728908
Novartis,0,NOVN.SW,2024-07-29,97.30999755859375,98.58000183105469,97,98.06999969482422,1966887
Novartis,0,NOVN.SW,2024-07-30,98.30999755859375,98.7300033569336,97.66000366210938,98.4800033569336,1841202
Novartis,0,NOVN.SW,2024-07-31,98.33000183105469,98.91999816894531,97.76000213623047,98.58000183105469,3283524
Novartis,0,NOVN.SW,2024-08-02,97.27999877929688,97.79000091552734,96.1500015258789,96.61000061035156,3478656
Novartis,0,NOVN.SW,2024-08-05,95.51000213623047,95.76000213623047,93.30999755859375,93.44999694824219,3920910
Novartis,0,NOVN.SW,2024-08-06,93,93.6500015258789,91.95999908447266,93.29000091552734,3676569
Novartis,0,NOVN.SW,2024-08-07,93.88999938964844,96.94999694824219,93.72000122070312,96.73999786376953,3312476
Novartis,0,NOVN.SW,2024-08-08,96.08000183105469,96.22000122070312,95.02999877929688,96.11000061035156,2566692
Novartis,0,NOVN.SW,2024-08-09,96.45999908447266,96.9000015258789,95.8499984741211,96.58999633789062,1886108
Novartis,0,NOVN.SW,2024-08-12,96.87000274658203,97.2699966430664,96.5199966430664,96.73999786376953,2069001
Novartis,0,NOVN.SW,2024-08-13,96.55000305175781,97.16999816894531,95.62000274658203,97.16999816894531,2051339
Novartis,0,NOVN.SW,2024-08-14,97.58000183105469,98.44000244140625,97.19999694824219,98.27999877929688,2232108
Novartis,0,NOVN.SW,2024-08-15,98.44000244140625,99.30000305175781,98.19999694824219,98.7699966430664,2776176
Novartis,0,NOVN.SW,2024-08-16,98.66999816894531,99.79000091552734,98.66999816894531,99.47000122070312,2393182
Novartis,0,NOVN.SW,2024-08-19,99.16000366210938,100.33999633789062,99.1500015258789,100.19999694824219,2063373
Novartis,0,NOVN.SW,2024-08-20,100.30000305175781,100.77999877929688,100,100.4000015258789,2707167
Novartis,0,NOVN.SW,2024-08-21,100,100.63999938964844,99.81999969482422,100.26000213623047,2502137
Novartis,0,NOVN.SW,2024-08-22,100.30000305175781,100.77999877929688,100.12000274658203,100.4000015258789,1699026
Novartis,0,NOVN.SW,2024-08-23,100.5,100.95999908447266,100.30000305175781,100.4000015258789,1629335
Novartis,0,NOVN.SW,2024-08-26,100.23999786376953,101.05999755859375,100.23999786376953,100.87999725341797,1529101
Novartis,0,NOVN.SW,2024-08-27,100.87999725341797,101.30000305175781,100.66000366210938,100.76000213623047,2003968
Novartis,0,NOVN.SW,2024-08-28,100.94000244140625,101.77999877929688,100.81999969482422,101.5,1863918
Novartis,0,NOVN.SW,2024-08-29,101.26000213623047,102.16000366210938,100.83999633789062,101.91999816894531,2394895
Novartis,0,NOVN.SW,2024-08-30,101.81999969482422,102.62000274658203,101.81999969482422,102.12000274658203,4009411
Novartis,0,NOVN.SW,2024-09-02,102.33999633789062,102.72000122070312,101.95999908447266,102.69999694824219,2589802
Novartis,0,NOVN.SW,2024-09-03,102,102.13999938964844,100.9000015258789,101.36000061035156,3324825
Novartis,0,NOVN.SW,2024-09-04,100.31999969482422,101.13999938964844,100.12000274658203,100.91999816894531,3728693
Novartis,0,NOVN.SW,2024-09-05,100.0999984741211,100.41999816894531,98.83999633789062,98.91000366210938,4177746
Novartis,0,NOVN.SW,2024-09-06,98.11000061035156,99.66999816894531,97.5999984741211,98.5999984741211,2729665
Novartis,0,NOVN.SW,2024-09-09,98.91999816894531,99.8499984741211,98.86000061035156,99.5999984741211,3540963
Novartis,0,NOVN.SW,2024-09-10,99.30000305175781,99.54000091552734,98.4000015258789,98.80999755859375,4217939
Novartis,0,NOVN.SW,2024-09-11,97.0999984741211,97.9000015258789,95.75,97.47000122070312,4257908
Novartis,0,NOVN.SW,2024-09-12,98.44999694824219,99,97.93000030517578,98.44000244140625,3655758
Novartis,0,NOVN.SW,2024-09-13,98.41999816894531,98.5999984741211,97.66000366210938,98.16000366210938,2847194
Novartis,0,NOVN.SW,2024-09-16,97.91000366210938,98.91000366210938,97.80000305175781,98.41000366210938,2240328
Novartis,0,NOVN.SW,2024-09-17,99.05000305175781,99.19999694824219,97.8499984741211,98.02999877929688,2668467
Novartis,0,NOVN.SW,2024-09-18,98.19999694824219,98.51000213623047,97.5,98.04000091552734,2291439
Novartis,0,NOVN.SW,2024-09-19,98.7300033569336,98.88999938964844,98.19000244140625,98.44000244140625,2517515
Novartis,0,NOVN.SW,2024-09-20,98.25,99.2699966430664,98.16000366210938,99.02999877929688,5116105
Novartis,0,NOVN.SW,2024-09-23,98.41999816894531,99.1500015258789,98.2699966430664,98.94999694824219,3472171
Novartis,0,NOVN.SW,2024-09-24,98.6500015258789,98.93000030517578,97.9000015258789,98.5,2417934
Novartis,0,NOVN.SW,2024-09-25,98.77999877929688,99.4000015258789,98.48999786376953,99.36000061035156,2703796
Novartis,0,NOVN.SW,2024-09-26,99.7699966430664,99.9000015258789,96.8499984741211,97.9000015258789,3595197
Novartis,0,NOVN.SW,2024-09-27,97.77999877929688,98.13999938964844,97.26000213623047,97.93000030517578,3000395
Novartis,0,NOVN.SW,2024-09-30,97.31999969482422,97.7699966430664,96.95999908447266,97.1500015258789,3845311
AstraZeneca,1,AZN,2024-01-02,133.67999267578125,137.22000122070312,133.63999938964844,136.8000030517578,3751500
AstraZeneca,1,AZN,2024-01-03,135.4600067138672,137.3800048828125,134.9600067138672,136.63999938964844,2718500
AstraZeneca,1,AZN,2024-01-04,137.4199981689453,138.6999969482422,137.33999633789062,137.55999755859375,2393000
AstraZeneca,1,AZN,2024-01-05,136.6199951171875,137.82000732421875,136.1999969482422,136.75999450683594,2505950
AstraZeneca,1,AZN,2024-01-08,137.13999938964844,138.5,136.66000366210938,138.4199981689453,2125400
AstraZeneca,1,AZN,2024-01-09,138.55999755859375,139.1199951171875,137.77999877929688,137.82000732421875,2043700
AstraZeneca,1,AZN,2024-01-10,138.16000366210938,139.22000122070312,137.9600067138672,139.13999938964844,3625550
AstraZeneca,1,AZN,2024-01-11,139.66000366210938,139.82000732421875,137.5800018310547,138.36000061035156,2306200
AstraZeneca,1,AZN,2024-01-12,138.6999969482422,139.1999969482422,138.36000061035156,138.83999633789062,1732700
AstraZeneca,1,AZN,2024-01-16,134.1199951171875,135.36000061035156,133.8000030517578,134.5399932861328,2809150
AstraZeneca,1,AZN,2024-01-17,132.10000610351562,132.94000244140625,131.4199981689453,132.5,4182600
AstraZeneca,1,AZN,2024-01-18,131.82000732421875,133.5800018310547,131.47999572753906,133.0399932861328,3585500
AstraZeneca,1,AZN,2024-01-19,133.77999877929688,133.89999389648438,132.83999633789062,133.0800018310547,3541000
AstraZeneca,1,AZN,2024-01-22,135.47999572753906,135.66000366210938,133.3800048828125,134.27999877929688,5080150
AstraZeneca,1,AZN,2024-01-23,132.5800018310547,133.63999938964844,131.83999633789062,133.5,2492100
AstraZeneca,1,AZN,2024-01-24,133.4600067138672,133.86000061035156,132.74000549316406,133.1999969482422,2842300
AstraZeneca,1,AZN,2024-01-25,133.02000427246094,134.0399932861328,132.67999267578125,134.0399932861328,2245750
AstraZeneca,1,AZN,2024-01-26,135.47999572753906,135.6199951171875,133.94000244140625,134.1999969482422,2510800
AstraZeneca,1,AZN,2024-01-29,134.52000427246094,134.6199951171875,133.86000061035156,134.3800048828125,2472400
AstraZeneca,1,AZN,2024-01-30,134.6999969482422,134.72000122070312,133.8800048828125,134.39999389648438,2324700
AstraZeneca,1,AZN,2024-01-31,135.5,135.66000366210938,133.10000610351562,133.27999877929688,2286350
AstraZeneca,1,AZN,2024-02-01,132.4199981689453,133.8800048828125,132,133.6999969482422,2236050
AstraZeneca,1,AZN,2024-02-02,131.94000244140625,132.1999969482422,131.16000366210938,131.27999877929688,3372750
AstraZeneca,1,AZN,2024-02-05,130.27999877929688,131.27999877929688,130.0399932861328,130.27999877929688,5424700
AstraZeneca,1,AZN,2024-02-06,131.6999969482422,134.16000366210938,131.16000366210938,134.0800018310547,2783300
AstraZeneca,1,AZN,2024-02-07,133.5399932861328,133.8000030517578,132.97999572753906,133.10000610351562,3294400
AstraZeneca,1,AZN,2024-02-08,124.04000091552734,127.80000305175781,123.4000015258789,127.04000091552734,14464500
AstraZeneca,1,AZN,2024-02-09,125.41999816894531,126.73999786376953,124.16000366210938,124.5199966430664,6867200
AstraZeneca,1,AZN,2024-02-12,122.31999969482422,122.87999725341797,120.94000244140625,122.81999969482422,6033250
AstraZeneca,1,AZN,2024-02-13,122.5,123.4000015258789,121.5199966430664,122.05999755859375,4136150
AstraZeneca,1,AZN,2024-02-14,122.4000015258789,123.54000091552734,122.12000274658203,123.31999969482422,6101850
AstraZeneca,1,AZN,2024-02-15,123.54000091552734,125.72000122070312,123.54000091552734,125.68000030517578,3820850
AstraZeneca,1,AZN,2024-02-16,127.68000030517578,129.05999755859375,127.19999694824219,128.5399932861328,3824050
AstraZeneca,1,AZN,2024-02-20,132.10000610351562,132.13999938964844,129.16000366210938,130.0800018310547,3219250
AstraZeneca,1,AZN,2024-02-21,128.75999450683594,130.17999267578125,128.44000244140625,130.17999267578125,2700800
AstraZeneca,1,AZN,2024-02-22,126.5199966430664,129.16000366210938,126.5199966430664,128.25999450683594,4861500
AstraZeneca,1,AZN,2024-02-23,129.9199981689453,131.86000061035156,129.89999389648438,131.66000366210938,3694100
AstraZeneca,1,AZN,2024-02-26,132.16000366210938,132.74000549316406,131.5,131.86000061035156,2298950
AstraZeneca,1,AZN,2024-02-27,131.8800048828125,132.9199981689453,131.5399932861328,132.66000366210938,2216750
AstraZeneca,1,AZN,2024-02-28,130.9199981689453,131.55999755859375,130.32000732421875,130.6999969482422,3015300
AstraZeneca,1,AZN,2024-02-29,130.33999633789062,130.4199981689453,127.4800033569336,128.32000732421875,3042250
AstraZeneca,1,AZN,2024-03-01,128.67999267578125,129.66000366210938,127.95999908447266,129.1999969482422,1983150
AstraZeneca,1,AZN,2024-03-04,128.5800018310547,129.63999938964844,128.3000030517578,129.5800018310547,2203350
AstraZeneca,1,AZN,2024-03-05,129.82000732421875,130.63999938964844,129.22000122070312,129.6199951171875,1864450
AstraZeneca,1,AZN,2024-03-06,129.47999572753906,131.05999755859375,129.47999572753906,130.5399932861328,2245750
AstraZeneca,1,AZN,2024-03-07,131.63999938964844,133.02000427246094,131.4600067138672,132.3800048828125,3065250
AstraZeneca,1,AZN,2024-03-08,132.33999633789062,133.16000366210938,131.9600067138672,133,2206450
AstraZeneca,1,AZN,2024-03-11,134.44000244140625,135.5399932861328,133.66000366210938,135.33999633789062,1963750
AstraZeneca,1,AZN,2024-03-12,135.0800018310547,135.3800048828125,134.52000427246094,134.8000030517578,3078250
AstraZeneca,1,AZN,2024-03-13,134.9199981689453,136.05999755859375,134.86000061035156,135.16000366210938,2344050
AstraZeneca,1,AZN,2024-03-14,135.4600067138672,135.4600067138672,133.33999633789062,134.0800018310547,2313050
AstraZeneca,1,AZN,2024-03-15,134.8000030517578,134.8800048828125,132.16000366210938,132.6199951171875,3013700
AstraZeneca,1,AZN,2024-03-18,132.02000427246094,132.74000549316406,131.6199951171875,131.6999969482422,1943250
AstraZeneca,1,AZN,2024-03-19,131.1999969482422,131.8000030517578,130.5,131.72000122070312,1701250
AstraZeneca,1,AZN,2024-03-20,131.13999938964844,131.75999450683594,130.39999389648438,131.4600067138672,1776650
AstraZeneca,1,AZN,2024-03-21,133.22000122070312,133.5800018310547,132.36000061035156,132.3800048828125,2675900
AstraZeneca,1,AZN,2024-03-22,132.97999572753906,133.67999267578125,132.39999389648438,132.52000427246094,2049300
AstraZeneca,1,AZN,2024-03-25,132.4199981689453,132.86000061035156,131.60000610351562,131.72000122070312,2212300
AstraZeneca,1,AZN,2024-03-26,132.5,132.9199981689453,131.5399932861328,132.66000366210938,1566600
AstraZeneca,1,AZN,2024-03-27,134.16000366210938,136.75999450683594,134.13999938964844,136.52000427246094,4222250
AstraZeneca,1,AZN,2024-03-28,136.36000061035156,136.6999969482422,135.36000061035156,135.5,1808500
AstraZeneca,1,AZN,2024-04-01,136.39999389648438,136.44000244140625,134.0800018310547,134.5,1556900
AstraZeneca,1,AZN,2024-04-02,134.3000030517578,134.75999450683594,133.52000427246094,134,2198300
AstraZeneca,1,AZN,2024-04-03,132.8000030517578,134.6999969482422,132.77999877929688,133.6199951171875,1897850
AstraZeneca,1,AZN,2024-04-04,137.97999572753906,137.97999572753906,134.5800018310547,134.67999267578125,3726950
AstraZeneca,1,AZN,2024-04-05,133.9600067138672,135.44000244140625,133.77999877929688,134.89999389648438,2405650
AstraZeneca,1,AZN,2024-04-08,135.13999938964844,135.5399932861328,134.44000244140625,135.39999389648438,1912250
AstraZeneca,1,AZN,2024-04-09,136.39999389648438,136.9199981689453,135.9199981689453,136.82000732421875,2196350
AstraZeneca,1,AZN,2024-04-10,135.17999267578125,136.33999633789062,134.83999633789062,136.22000122070312,3857900
AstraZeneca,1,AZN,2024-04-11,139.75999450683594,140.13999938964844,137.74000549316406,138.89999389648438,2992950
AstraZeneca,1,AZN,2024-04-12,139.32000732421875,139.63999938964844,137.1999969482422,137.86000061035156,4560750
AstraZeneca,1,AZN,2024-04-15,138.13999938964844,139.1199951171875,137.0800018310547,137.4600067138672,4606750
AstraZeneca,1,AZN,2024-04-16,136.5800018310547,137.1999969482422,136.0399932861328,136.5399932861328,2680950
AstraZeneca,1,AZN,2024-04-17,137.44000244140625,137.60000610351562,136.39999389648438,137.05999755859375,1854950
AstraZeneca,1,AZN,2024-04-18,136.5,137.5800018310547,136.32000732421875,136.72000122070312,2002900
AstraZeneca,1,AZN,2024-04-19,136.27999877929688,137.4199981689453,136.25999450683594,137.10000610351562,2367850
AstraZeneca,1,AZN,2024-04-22,139.33999633789062,140.97999572753906,138.75999450683594,140.25999450683594,2591850
AstraZeneca,1,AZN,2024-04-23,140.86000061035156,142.1999969482422,140.32000732421875,141.6999969482422,2903000
AstraZeneca,1,AZN,2024-04-24,142.82000732421875,142.94000244140625,141.3800048828125,142.39999389648438,3068850
AstraZeneca,1,AZN,2024-04-25,149.97999572753906,151.6199951171875,149,150.05999755859375,7803300
AstraZeneca,1,AZN,2024-04-26,150,150.97999572753906,149.17999267578125,150.33999633789062,3344000
AstraZeneca,1,AZN,2024-04-29,152.36000061035156,153.16000366210938,150.72000122070312,150.9600067138672,3769150
AstraZeneca,1,AZN,2024-04-30,151.44000244140625,152.27999877929688,150.63999938964844,151.75999450683594,4273700
AstraZeneca,1,AZN,2024-05-01,152.67999267578125,153.60000610351562,151.9199981689453,152.82000732421875,2455850
AstraZeneca,1,AZN,2024-05-02,152.52000427246094,152.82000732421875,151.5,151.60000610351562,5019350
AstraZeneca,1,AZN,2024-05-03,152.94000244140625,152.97999572753906,150.86000061035156,152.6999969482422,4513050
AstraZeneca,1,AZN,2024-05-06,151.67999267578125,151.86000061035156,151.10000610351562,151.52000427246094,3228650
AstraZeneca,1,AZN,2024-05-07,152.86000061035156,152.94000244140625,151.83999633789062,152.63999938964844,3331550
AstraZeneca,1,AZN,2024-05-08,153.5399932861328,154.32000732421875,153.22000122070312,153.94000244140625,2529900
AstraZeneca,1,AZN,2024-05-09,153.83999633789062,155.27999877929688,153.72000122070312,155.22000122070312,1486150
AstraZeneca,1,AZN,2024-05-10,155.5399932861328,155.8800048828125,154.3000030517578,154.36000061035156,1803300
AstraZeneca,1,AZN,2024-05-13,154.4600067138672,154.97999572753906,154.3000030517578,154.86000061035156,1282800
AstraZeneca,1,AZN,2024-05-14,155.74000549316406,155.86000061035156,154.0399932861328,154.0800018310547,2057950
AstraZeneca,1,AZN,2024-05-15,153.8800048828125,155.05999755859375,153.74000549316406,153.94000244140625,1935450
AstraZeneca,1,AZN,2024-05-16,153.44000244140625,154.44000244140625,153.16000366210938,154.0800018310547,1470850
AstraZeneca,1,AZN,2024-05-17,153.74000549316406,154.13999938964844,153.22000122070312,153.8000030517578,1395800
AstraZeneca,1,AZN,2024-05-20,153.25999450683594,154.44000244140625,153.0800018310547,154.22000122070312,1639350
AstraZeneca,1,AZN,2024-05-21,155.60000610351562,158.5,155.5,158.36000061035156,3870000
AstraZeneca,1,AZN,2024-05-22,157.13999938964844,157.8800048828125,156.75999450683594,157.60000610351562,1784200
AstraZeneca,1,AZN,2024-05-23,158.63999938964844,158.72000122070312,156.1999969482422,156.36000061035156,1806750
AstraZeneca,1,AZN,2024-05-24,156.25999450683594,157.77999877929688,156.16000366210938,157.0800018310547,1783300
AstraZeneca,1,AZN,2024-05-28,155.55999755859375,155.63999938964844,152.97999572753906,153.24000549316406,2099500
AstraZeneca,1,AZN,2024-05-29,152.25999450683594,153.02000427246094,151.60000610351562,152.16000366210938,2326900
AstraZeneca,1,AZN,2024-05-30,153.24000549316406,153.9600067138672,152.9199981689453,153.5399932861328,1637200
AstraZeneca,1,AZN,2024-05-31,154.6199951171875,156.24000549316406,154.17999267578125,156.0399932861328,2391400
AstraZeneca,1,AZN,2024-06-03,157,158.94000244140625,156.75999450683594,157.97999572753906,2734500
AstraZeneca,1,AZN,2024-06-04,159,160.13999938964844,158.44000244140625,160.0399932861328,1979650
AstraZeneca,1,AZN,2024-06-05,160.82000732421875,161.33999633789062,159.63999938964844,160.63999938964844,2129350
AstraZeneca,1,AZN,2024-06-06,161.25999450683594,161.72000122070312,160.9199981689453,161.66000366210938,1545900
AstraZeneca,1,AZN,2024-06-07,160.6199951171875,161.0399932861328,160,160.0399932861328,1106650
AstraZeneca,1,AZN,2024-06-10,160.44000244140625,161.05999755859375,159.94000244140625,160.4199981689453,2042700
AstraZeneca,1,AZN,2024-06-11,158.1999969482422,159.27999877929688,157.82000732421875,158.4600067138672,2109550
AstraZeneca,1,AZN,2024-06-12,161.05999755859375,161.17999267578125,159.25999450683594,160.13999938964844,1748150
AstraZeneca,1,AZN,2024-06-13,158.4600067138672,159.24000549316406,157.82000732421875,159.05999755859375,1479200
AstraZeneca,1,AZN,2024-06-14,158.63999938964844,159.44000244140625,158.33999633789062,159.17999267578125,1027650
AstraZeneca,1,AZN,2024-06-17,158.16000366210938,158.6999969482422,157.74000549316406,158.6199951171875,1047000
AstraZeneca,1,AZN,2024-06-18,157.75999450683594,158.17999267578125,156.75999450683594,156.83999633789062,1909750
AstraZeneca,1,AZN,2024-06-20,156.94000244140625,157.55999755859375,156.3800048828125,157.1199951171875,1937150
AstraZeneca,1,AZN,2024-06-21,156.8800048828125,158.47999572753906,156.8800048828125,157.75999450683594,2496300
AstraZeneca,1,AZN,2024-06-24,158.5,159.1199951171875,158.32000732421875,158.74000549316406,1403700
AstraZeneca,1,AZN,2024-06-25,159.17999267578125,159.74000549316406,158.8800048828125,159.5,1540650
AstraZeneca,1,AZN,2024-06-26,158.32000732421875,159.24000549316406,157.82000732421875,158.16000366210938,1613900
AstraZeneca,1,AZN,2024-06-27,158.17999267578125,158.32000732421875,155.89999389648438,156.36000061035156,1398300
AstraZeneca,1,AZN,2024-06-28,157.25999450683594,157.5,155.66000366210938,155.97999572753906,1832200
AstraZeneca,1,AZN,2024-07-01,155.4199981689453,157.44000244140625,155.25999450683594,155.8800048828125,1299700
AstraZeneca,1,AZN,2024-07-02,154.6199951171875,154.83999633789062,152.9199981689453,153.97999572753906,1607750
AstraZeneca,1,AZN,2024-07-03,153.33999633789062,154.02000427246094,152.97999572753906,153.60000610351562,1188750
AstraZeneca,1,AZN,2024-07-05,154.6999969482422,155.02000427246094,153.5399932861328,154.67999267578125,1170850
AstraZeneca,1,AZN,2024-07-08,155.22000122070312,155.32000732421875,154.0800018310547,154.25999450683594,1348700
AstraZeneca,1,AZN,2024-07-09,153.9199981689453,153.94000244140625,152.60000610351562,153.33999633789062,1681400
AstraZeneca,1,AZN,2024-07-10,153.94000244140625,155.6999969482422,153.89999389648438,155.5,1492250
AstraZeneca,1,AZN,2024-07-11,156.3000030517578,157.17999267578125,155.72000122070312,155.8800048828125,1584250
AstraZeneca,1,AZN,2024-07-12,159.0399932861328,159.5800018310547,158.36000061035156,158.47999572753906,1525950
AstraZeneca,1,AZN,2024-07-15,158.3000030517578,158.3000030517578,156.0800018310547,156.24000549316406,1333450
AstraZeneca,1,AZN,2024-07-16,155.9199981689453,157.3800048828125,155.83999633789062,157.17999267578125,1334350
AstraZeneca,1,AZN,2024-07-17,157,159.66000366210938,157,159.52000427246094,1829450
AstraZeneca,1,AZN,2024-07-18,160,160.02000427246094,155.97999572753906,156.1199951171875,1616450
AstraZeneca,1,AZN,2024-07-19,156.67999267578125,157.52000427246094,156.32000732421875,157.4199981689453,1464900
AstraZeneca,1,AZN,2024-07-22,159.24000549316406,159.6199951171875,157.94000244140625,158.32000732421875,1760500
AstraZeneca,1,AZN,2024-07-23,157.8000030517578,158.39999389648438,157,158.33999633789062,1482550
AstraZeneca,1,AZN,2024-07-24,157.10000610351562,159.5399932861328,157.10000610351562,159.4199981689453,2290550
AstraZeneca,1,AZN,2024-07-25,153.27999877929688,157.32000732421875,152.9199981689453,157.0399932861328,5318000
AstraZeneca,1,AZN,2024-07-26,156.9600067138672,158.89999389648438,156.16000366210938,156.25999450683594,2939200
AstraZeneca,1,AZN,2024-07-29,160.1199951171875,160.24000549316406,156.66000366210938,156.72000122070312,3376950
AstraZeneca,1,AZN,2024-07-30,157.39999389648438,157.97999572753906,154.94000244140625,155.8000030517578,3240400
AstraZeneca,1,AZN,2024-07-31,158.25999450683594,159.1199951171875,157.05999755859375,158.3000030517578,2776350
AstraZeneca,1,AZN,2024-08-01,159.3000030517578,162.8000030517578,159.24000549316406,162.39999389648438,3183750
AstraZeneca,1,AZN,2024-08-02,163.1999969482422,164.02000427246094,161.66000366210938,163.6199951171875,3533300
AstraZeneca,1,AZN,2024-08-05,157.75999450683594,160.25999450683594,157.3800048828125,158.66000366210938,2865150
AstraZeneca,1,AZN,2024-08-06,156.5,159.4600067138672,156.44000244140625,158.5,2841900
AstraZeneca,1,AZN,2024-08-07,161.1999969482422,161.97999572753906,160.39999389648438,161.24000549316406,2471700
AstraZeneca,1,AZN,2024-08-08,160.6999969482422,163.8000030517578,160.25999450683594,163.6999969482422,2062200
AstraZeneca,1,AZN,2024-08-09,162.10000610351562,163.0399932861328,161.44000244140625,162.3800048828125,1539200
AstraZeneca,1,AZN,2024-08-12,163.1999969482422,165.82000732421875,162.77999877929688,165.0399932861328,4609100
AstraZeneca,1,AZN,2024-08-13,165.94000244140625,167.27999877929688,165.72000122070312,166.74000549316406,3590300
AstraZeneca,1,AZN,2024-08-14,165.9199981689453,167.5800018310547,165.25999450683594,167.52000427246094,2736700
AstraZeneca,1,AZN,2024-08-15,170,170.60000610351562,168.82000732421875,169.8000030517578,2032050
AstraZeneca,1,AZN,2024-08-16,170.22000122070312,170.52000427246094,168.25999450683594,168.82000732421875,1775000
AstraZeneca,1,AZN,2024-08-19,169.27999877929688,170.3800048828125,168.6999969482422,169.55999755859375,1966800
AstraZeneca,1,AZN,2024-08-20,170.36000061035156,171.3000030517578,170.10000610351562,170.25999450683594,1243000
AstraZeneca,1,AZN,2024-08-21,170.0800018310547,171.22000122070312,169.33999633789062,171.1199951171875,2084000
AstraZeneca,1,AZN,2024-08-22,171.75999450683594,172.0800018310547,170.32000732421875,171.77999877929688,2417350
AstraZeneca,1,AZN,2024-08-23,172.44000244140625,173.75999450683594,171.72000122070312,173.32000732421875,1668000
AstraZeneca,1,AZN,2024-08-26,172.86000061035156,173.67999267578125,172.72000122070312,173.24000549316406,1831700
AstraZeneca,1,AZN,2024-08-27,174.44000244140625,174.55999755859375,173.52000427246094,174.4199981689453,1797950
AstraZeneca,1,AZN,2024-08-28,174.44000244140625,175.10000610351562,174.02000427246094,174.72000122070312,1792150
AstraZeneca,1,AZN,2024-08-29,174.44000244140625,175.24000549316406,173.86000061035156,174.60000610351562,1304700
AstraZeneca,1,AZN,2024-08-30,174.66000366210938,175.36000061035156,173.75999450683594,175.24000549316406,1418400
AstraZeneca,1,AZN,2024-09-03,174.36000061035156,174.5,170.75999450683594,171.44000244140625,2173600
AstraZeneca,1,AZN,2024-09-04,171.13999938964844,171.97999572753906,170.94000244140625,171.5,2501100
AstraZeneca,1,AZN,2024-09-05,167.97999572753906,168.05999755859375,164.9199981689453,166,3877400
AstraZeneca,1,AZN,2024-09-06,168.0399932861328,168.60000610351562,165.86000061035156,166.10000610351562,2758200
AstraZeneca,1,AZN,2024-09-09,164.4199981689453,166.86000061035156,157.8800048828125,161.77999877929688,5131000
AstraZeneca,1,AZN,2024-09-10,159.86000061035156,162.60000610351562,159.6999969482422,162.32000732421875,3983200
AstraZeneca,1,AZN,2024-09-11,160.9199981689453,161.3800048828125,159.4600067138672,161.05999755859375,2091000
AstraZeneca,1,AZN,2024-09-12,159.52000427246094,159.97999572753906,157.24000549316406,157.9199981689453,2559650
AstraZeneca,1,AZN,2024-09-13,155.39999389648438,157.24000549316406,155.3800048828125,156.5399932861328,2744750
AstraZeneca,1,AZN,2024-09-16,158.5800018310547,159,157.5,158.0800018310547,1701150
AstraZeneca,1,AZN,2024-09-17,158.6199951171875,158.6199951171875,156.44000244140625,157.05999755859375,1701150
AstraZeneca,1,AZN,2024-09-18,157.3800048828125,158.52000427246094,156.63999938964844,157.16000366210938,1303600
AstraZeneca,1,AZN,2024-09-19,158.3800048828125,158.8800048828125,157.1199951171875,157.8000030517578,1809900
AstraZeneca,1,AZN,2024-09-20,157.10000610351562,157.36000061035156,156.27999877929688,156.75999450683594,1686600
AstraZeneca,1,AZN,2024-09-23,154.52000427246094,155.10000610351562,154.02000427246094,154.27999877929688,2002300
AstraZeneca,1,AZN,2024-09-24,154.39999389648438,154.66000366210938,153.66000366210938,153.74000549316406,2275250
AstraZeneca,1,AZN,2024-09-25,154.63999938964844,155.32000732421875,154.17999267578125,155.0800018310547,2390200
AstraZeneca,1,AZN,2024-09-26,156.33999633789062,157.55999755859375,155.60000610351562,156.36000061035156,2091550
AstraZeneca,1,AZN,2024-09-27,156.13999938964844,156.44000244140625,155.22000122070312,155.24000549316406,1586100
AstraZeneca,1,AZN,2024-09-30,156.17999267578125,156.1999969482422,155.02000427246094,155.82000732421875,1667200
AstraZeneca,0,AZN.L,2024-01-02,10632,10838,10534,10788,1688733
AstraZeneca,0,AZN.L,2024-01-03,10686,10810,10626,10740,2972338
AstraZeneca,0,AZN.L,2024-01-04,10768,10902,10746,10864,1896074
AstraZeneca,0,AZN.L,2024-01-05,10756,10842,10714,10758,1161094
AstraZeneca,0,AZN.L,2024-01-08,10716,10772,10676,10772,1921363
AstraZeneca,0,AZN.L,2024-01-09,10834,10918,10814,10902,3005457
AstraZeneca,0,AZN.L,2024-01-10,10830,10926,10810,10900,1411866
AstraZeneca,0,AZN.L,2024-01-11,10928,11022,10716,10830,2156932
AstraZeneca,0,AZN.L,2024-01-12,10838,10888,10814,10862,1212597
AstraZeneca,0,AZN.L,2024-01-15,10824,10900,10804,10852,2283608
AstraZeneca,0,AZN.L,2024-01-16,10714,10766,10478,10646,2913853
AstraZeneca,0,AZN.L,2024-01-17,10500,10570,10360,10446,2279952
AstraZeneca,0,AZN.L,2024-01-18,10366,10434,10342,10432,4541622
AstraZeneca,0,AZN.L,2024-01-19,10458,10654,10458,10508,2568801
AstraZeneca,0,AZN.L,2024-01-22,10468,10904,10452,10590,4529556
AstraZeneca,0,AZN.L,2024-01-23,10584,10626,10370,10452,3506309
AstraZeneca,0,AZN.L,2024-01-24,10508,10536,10398,10454,1801745
AstraZeneca,0,AZN.L,2024-01-25,10432,10474,10362,10448,1237869
AstraZeneca,0,AZN.L,2024-01-26,10526,10660,10521.6796875,10546,2343648
AstraZeneca,0,AZN.L,2024-01-29,10550,10614,10512,10568,1795640
AstraZeneca,0,AZN.L,2024-01-30,10578,10682,10562,10586,1999073
AstraZeneca,0,AZN.L,2024-01-31,10610,10654,10500,10500,2715037
AstraZeneca,0,AZN.L,2024-02-01,10548,10566,10392,10430,2269904
AstraZeneca,0,AZN.L,2024-02-02,10496,10510.1298828125,10360,10360,2943228
AstraZeneca,0,AZN.L,2024-02-05,10360,10432,10306,10360,1682816
AstraZeneca,0,AZN.L,2024-02-06,10372,10544,10314,10534,1552211
AstraZeneca,0,AZN.L,2024-02-07,10604,10652,10490,10490,2075810
AstraZeneca,0,AZN.L,2024-02-08,10404,10490,9700,9823,6500972
AstraZeneca,0,AZN.L,2024-02-09,9891,9983,9722,9761,5562493
AstraZeneca,0,AZN.L,2024-02-12,9700,9734,9461,9501,4460371
AstraZeneca,0,AZN.L,2024-02-13,9586,9670,9550,9600,2232817
AstraZeneca,0,AZN.L,2024-02-14,9649,9736,9541,9724,6274728
AstraZeneca,0,AZN.L,2024-02-15,9729,9867,9674,9826,2047764
AstraZeneca,0,AZN.L,2024-02-16,9900,10112,9849,10094,2703767
AstraZeneca,0,AZN.L,2024-02-19,10338,10498,10294,10418,1881311
AstraZeneca,0,AZN.L,2024-02-20,10370,10428.396484375,10204,10204,2386943
AstraZeneca,0,AZN.L,2024-02-21,10126,10180,10068,10102,1580412
AstraZeneca,0,AZN.L,2024-02-22,10030,10036,9822,10036,8891048
AstraZeneca,0,AZN.L,2024-02-23,10008,10254,9998,10220,4911338
AstraZeneca,0,AZN.L,2024-02-26,10222,10360,10222,10254,5309043
AstraZeneca,0,AZN.L,2024-02-27,10246,10345.4677734375,10214,10328,6762881
AstraZeneca,0,AZN.L,2024-02-28,10318,10344,10180,10180,2604518
AstraZeneca,0,AZN.L,2024-02-29,10202,10202,9982.001953125,9983,4557961
AstraZeneca,0,AZN.L,2024-03-01,10046,10114.412109375,10000.994140625,10080,2743747
AstraZeneca,0,AZN.L,2024-03-04,10108,10128,10000.724609375,10046,2098271
AstraZeneca,0,AZN.L,2024-03-05,10090,10162,10012,10112,1476068
AstraZeneca,0,AZN.L,2024-03-06,10100,10158,10008,10140,1953799
AstraZeneca,0,AZN.L,2024-03-07,10132,10250,10082,10234,2649188
AstraZeneca,0,AZN.L,2024-03-08,10214,10258,10142,10196,1607116
AstraZeneca,0,AZN.L,2024-03-11,10198,10450,10198,10450,8877859
AstraZeneca,0,AZN.L,2024-03-12,10498,10534,10430,10436,3246477
AstraZeneca,0,AZN.L,2024-03-13,10434,10516,10348,10458,4183231
AstraZeneca,0,AZN.L,2024-03-14,10480,10490,10388,10402,2846632
AstraZeneca,0,AZN.L,2024-03-15,10390,10488,10286,10294,5253583
AstraZeneca,0,AZN.L,2024-03-18,10340,10340,10240,10290,3885042
AstraZeneca,0,AZN.L,2024-03-19,10236,10248,10162,10228,1773910
AstraZeneca,0,AZN.L,2024-03-20,10218,10236,10154,10164,1102531
AstraZeneca,0,AZN.L,2024-03-21,10166,10446,10166,10428,1835813
AstraZeneca,0,AZN.L,2024-03-22,10390,10548,10380,10482,1243838
AstraZeneca,0,AZN.L,2024-03-25,10434,10468,10352,10394,1557853
AstraZeneca,0,AZN.L,2024-03-26,10368,10440,10314,10440,1745893
AstraZeneca,0,AZN.L,2024-03-27,10460,10748,10454,10742,2607662
AstraZeneca,0,AZN.L,2024-03-28,10756,10780,10674,10678,1759110
AstraZeneca,0,AZN.L,2024-04-02,10810,10814,10562,10604,1901480
AstraZeneca,0,AZN.L,2024-04-03,10520,10592,10417.6123046875,10562,2136096
AstraZeneca,0,AZN.L,2024-04-04,10566,10844,10562,10736,2019893
AstraZeneca,0,AZN.L,2024-04-05,10586,10652,10540,10620,2609662
AstraZeneca,0,AZN.L,2024-04-08,10588,10648,10504,10610,1444515
AstraZeneca,0,AZN.L,2024-04-09,10592,10714,10548,10708,1716381
AstraZeneca,0,AZN.L,2024-04-10,10762,10762,10618,10732,1500522
AstraZeneca,0,AZN.L,2024-04-11,10840,11092,10816,10962,2698526
AstraZeneca,0,AZN.L,2024-04-12,10982,11184.01953125,10960,11064,2603424
AstraZeneca,0,AZN.L,2024-04-15,11030,11080,10932,11024,1392029
AstraZeneca,0,AZN.L,2024-04-16,10882,10966,10822,10878,1318970
AstraZeneca,0,AZN.L,2024-04-17,10850,10948,10802,10862,2243525
AstraZeneca,0,AZN.L,2024-04-18,10946,11018,10858,10914,2446630
AstraZeneca,0,AZN.L,2024-04-19,10914,10954,10764,10946,1407714
AstraZeneca,0,AZN.L,2024-04-22,11034,11306,11004,11250,3448159
AstraZeneca,0,AZN.L,2024-04-23,11250,11362,11220,11268,3561073
AstraZeneca,0,AZN.L,2024-04-24,11288,11412,11288,11352,3596131
AstraZeneca,0,AZN.L,2024-04-25,11890,12096,11790,12026,4952967
AstraZeneca,0,AZN.L,2024-04-26,12070,12144,11882,11988,2360260
AstraZeneca,0,AZN.L,2024-04-29,12254,12488,12018,12024,3704143
AstraZeneca,0,AZN.L,2024-04-30,11950,12144,11886,12062,2553342
AstraZeneca,0,AZN.L,2024-05-01,12194,12156,12156,12170,264606
AstraZeneca,0,AZN.L,2024-05-02,12114,12258,12048,12156,1961686
AstraZeneca,0,AZN.L,2024-05-03,12092,12178,12010,12050,1642783
AstraZeneca,0,AZN.L,2024-05-07,11966,12162,11966,12118,2562233
AstraZeneca,0,AZN.L,2024-05-08,12244,12384,12004,12264,2091841
AstraZeneca,0,AZN.L,2024-05-09,12268,12388,12190,12332,1329957
AstraZeneca,0,AZN.L,2024-05-10,12350,12442,12258,12370,1408187
AstraZeneca,0,AZN.L,2024-05-13,12326,12428,12252,12318,4031899
AstraZeneca,0,AZN.L,2024-05-14,12324,12406,12220,12246,6023670
AstraZeneca,0,AZN.L,2024-05-15,12240,12320,12132,12172,1473536
AstraZeneca,0,AZN.L,2024-05-16,12180,12246,12076,12166,1649252
AstraZeneca,0,AZN.L,2024-05-17,12186,12256,12068,12110,1676789
AstraZeneca,0,AZN.L,2024-05-20,12090,12156,12014,12096,1582383
AstraZeneca,0,AZN.L,2024-05-21,12150,12440,12066,12364,2178866
AstraZeneca,0,AZN.L,2024-05-22,12358,12440,12255.181640625,12360,1953010
AstraZeneca,0,AZN.L,2024-05-23,12330,12450,12264,12404,1440381
AstraZeneca,0,AZN.L,2024-05-24,12334,12442,12244,12296,919468
AstraZeneca,0,AZN.L,2024-05-28,12226,12266,11988,12028,2196897
AstraZeneca,0,AZN.L,2024-05-29,12052,12094,11879.2412109375,11930,2028914
AstraZeneca,0,AZN.L,2024-05-30,12108,12188,11858,12028,1694793
AstraZeneca,0,AZN.L,2024-05-31,12036,12214,11954,12190,4183291
AstraZeneca,0,AZN.L,2024-06-03,12304,12380,12088,12346,2147969
AstraZeneca,0,AZN.L,2024-06-04,12334,12470,12322,12404,1646266
AstraZeneca,0,AZN.L,2024-06-05,12500,12586,12328,12516,1815206
AstraZeneca,0,AZN.L,2024-06-06,12566,12640,12440,12590,1326464
AstraZeneca,0,AZN.L,2024-06-07,12626,12704,12474,12556,2907425
AstraZeneca,0,AZN.L,2024-06-10,12550,12632,12480,12600,1555931
AstraZeneca,0,AZN.L,2024-06-11,12630,12696,12342,12376,1720592
AstraZeneca,0,AZN.L,2024-06-12,12476,12563.6572265625,12300,12466,3288083
AstraZeneca,0,AZN.L,2024-06-13,12466,12512,12329.361328125,12392,2266844
AstraZeneca,0,AZN.L,2024-06-14,12468,12556.67578125,12434,12510,853710
AstraZeneca,0,AZN.L,2024-06-17,12556,12562,12418,12428,1122267
AstraZeneca,0,AZN.L,2024-06-18,12474,12480,12348,12416,1604675
AstraZeneca,0,AZN.L,2024-06-19,12234,12370,12164,12340,943032
AstraZeneca,0,AZN.L,2024-06-20,12414,12424,12264,12398,1559325
AstraZeneca,0,AZN.L,2024-06-21,12432,12526,12318,12472,6183289
AstraZeneca,0,AZN.L,2024-06-24,12388,12510,12350,12478,2752680
AstraZeneca,0,AZN.L,2024-06-25,12476,12574,12398,12550,3545029
AstraZeneca,0,AZN.L,2024-06-26,12570,12704,12472,12556,1440176
AstraZeneca,0,AZN.L,2024-06-27,12512,12632,12328,12328,1001890
AstraZeneca,0,AZN.L,2024-06-28,12364,12454,12304,12356,1225943
AstraZeneca,0,AZN.L,2024-07-01,12368,12446,12232,12304,1123384
AstraZeneca,0,AZN.L,2024-07-02,12280,12378,12042,12086,1577419
AstraZeneca,0,AZN.L,2024-07-03,12130,12142,11972.5849609375,12020,2172456
AstraZeneca,0,AZN.L,2024-07-04,12062,12182,11946,12106,1130254
AstraZeneca,0,AZN.L,2024-07-05,12166,12238,11984,12056,1079171
AstraZeneca,0,AZN.L,2024-07-08,12028,12120,11956,12044,971467
AstraZeneca,0,AZN.L,2024-07-09,12048,12130,11940,11944,1177058
AstraZeneca,0,AZN.L,2024-07-10,11972,12078,11872,12078,982633
AstraZeneca,0,AZN.L,2024-07-11,12138,12162,12060,12100,765771
AstraZeneca,0,AZN.L,2024-07-12,12154,12304,12026,12260,1054328
AstraZeneca,0,AZN.L,2024-07-15,12208,12284,12090,12104,1097590
AstraZeneca,0,AZN.L,2024-07-16,12020,12178,11960,12100,925600
AstraZeneca,0,AZN.L,2024-07-17,12100,12252,11924,12244,1658263
AstraZeneca,0,AZN.L,2024-07-18,12316,12394,12112,12126,891088
AstraZeneca,0,AZN.L,2024-07-19,12080,12318,12006,12106,985408
AstraZeneca,0,AZN.L,2024-07-22,12234,12356,12194,12260,1926468
AstraZeneca,0,AZN.L,2024-07-23,12178,12370,12150,12190,2173585
AstraZeneca,0,AZN.L,2024-07-24,12196,12242,12034.0107421875,12214,2043292
AstraZeneca,0,AZN.L,2024-07-25,12300,12386,11540,12060,2390645
AstraZeneca,0,AZN.L,2024-07-26,12116,12332,12108,12180,1499050
AstraZeneca,0,AZN.L,2024-07-29,12134,12506,12134,12364,3333384
AstraZeneca,0,AZN.L,2024-07-30,12212,12336,12030.16015625,12202,1485800
AstraZeneca,0,AZN.L,2024-07-31,12218,12400,12166,12368,1591105
AstraZeneca,0,AZN.L,2024-08-01,12344,12572,12276,12512,1109028
AstraZeneca,0,AZN.L,2024-08-02,12622,12792,12466,12610,1677158
AstraZeneca,0,AZN.L,2024-08-05,12570,12592,12260,12458,1549203
AstraZeneca,0,AZN.L,2024-08-06,12456,12472,12198,12408,2163688
AstraZeneca,0,AZN.L,2024-08-07,12430,12704,12412,12690,1123581
AstraZeneca,0,AZN.L,2024-08-08,12626,12666,12432,12628,993991
AstraZeneca,0,AZN.L,2024-08-09,12666,12724,12598,12700,2052309
AstraZeneca,0,AZN.L,2024-08-12,12690,12844,12638,12780,1810288
AstraZeneca,0,AZN.L,2024-08-13,12896,12948,12786,12920,2096367
AstraZeneca,0,AZN.L,2024-08-14,12914,12990,12804,12902,844567
AstraZeneca,0,AZN.L,2024-08-15,12980,13218,12966,13166,2418404
AstraZeneca,0,AZN.L,2024-08-16,13136,13218,13044,13046,1246640
AstraZeneca,0,AZN.L,2024-08-19,12980,13088,12944,13050,898295
AstraZeneca,0,AZN.L,2024-08-20,13050,13120.4716796875,13034,13102,1331981
AstraZeneca,0,AZN.L,2024-08-21,13054,13102,12936,13000,2317682
AstraZeneca,0,AZN.L,2024-08-22,13110,13188,12990,13018,2721134
AstraZeneca,0,AZN.L,2024-08-23,13110,13198,13020,13076,1821476
AstraZeneca,0,AZN.L,2024-08-27,13148,13238,13050,13158,1490247
AstraZeneca,0,AZN.L,2024-08-28,13168,13254,13104,13200,1040560
AstraZeneca,0,AZN.L,2024-08-29,13210,13290,13122,13274,1119836
AstraZeneca,0,AZN.L,2024-08-30,13250,13330,13172,13274,4260741
AstraZeneca,0,AZN.L,2024-09-02,13294,13372,13192,13276,2234636
AstraZeneca,0,AZN.L,2024-09-03,13300,13388,13184,13190,909842
AstraZeneca,0,AZN.L,2024-09-04,12996,13122,12996,13046,1434930
AstraZeneca,0,AZN.L,2024-09-05,13026,13074,12540,12540,2305261
AstraZeneca,0,AZN.L,2024-09-06,12564,12780,12552,12650,1648823
AstraZeneca,0,AZN.L,2024-09-09,12688,12712,12468,12712,1127367
AstraZeneca,0,AZN.L,2024-09-10,12026,12424,11998,12406,3200262
AstraZeneca,0,AZN.L,2024-09-11,12264,12352,12126,12308,1865508
AstraZeneca,0,AZN.L,2024-09-12,12400,12404,12048,12050,2026175
AstraZeneca,0,AZN.L,2024-09-13,11912,11948.041015625,11712,11928,2101369
AstraZeneca,0,AZN.L,2024-09-16,12000,12060,11966,12016,1030524
AstraZeneca,0,AZN.L,2024-09-17,12012,12110,11914,11968,2441405
AstraZeneca,0,AZN.L,2024-09-18,11928,11950,11828,11856,2676484
AstraZeneca,0,AZN.L,2024-09-19,11964,12043.404296875,11864,11898,2791079
AstraZeneca,0,AZN.L,2024-09-20,11816,11942,11760,11780,3467671
AstraZeneca,0,AZN.L,2024-09-23,11680,11738,11516,11584,2430049
AstraZeneca,0,AZN.L,2024-09-24,11592,11622,11502,11522,1455566
AstraZeneca,0,AZN.L,2024-09-25,11460,11582,11442,11566,1823463
AstraZeneca,0,AZN.L,2024-09-26,11744,11756,11574,11720,3984667
AstraZeneca,0,AZN.L,2024-09-27,11686,11730.259765625,11598,11654,2998269
AstraZeneca,0,AZN.L,2024-09-30,11620,11726,11564,11588,2967198
Shell,1,SHEL,2024-01-02,65.86000061035156,66.41999816894531,65.66999816894531,65.91000366210938,4934145
Shell,1,SHEL,2024-01-03,66.08999633789062,67.08999633789062,65.94000244140625,66.93000030517578,4389824
Shell,1,SHEL,2024-01-04,67.33000183105469,67.6500015258789,66.31999969482422,66.36000061035156,3420027
Shell,1,SHEL,2024-01-05,66.5999984741211,66.7699966430664,65.58000183105469,65.7300033569336,6441927
Shell,1,SHEL,2024-01-08,64.91000366210938,64.91000366210938,64.17500305175781,64.62000274658203,8500321
Shell,1,SHEL,2024-01-09,64.44000244140625,64.48999786376953,63.80500030517578,63.900001525878906,4761449
Shell,1,SHEL,2024-01-10,63.70000076293945,63.76499938964844,62.89500045776367,63.06999969482422,5538011
Shell,1,SHEL,2024-01-11,63.779998779296875,63.790000915527344,62.7599983215332,63.20000076293945,6864320
Shell,1,SHEL,2024-01-12,64.0999984741211,64.26499938964844,63.494998931884766,63.79999923706055,4422731
Shell,1,SHEL,2024-01-16,62.91999816894531,63.08000183105469,61.75,61.7599983215332,5960886
Shell,1,SHEL,2024-01-17,60.63999938964844,61.09000015258789,60.33700180053711,61.040000915527344,5755790
Shell,1,SHEL,2024-01-18,61.209999084472656,61.38999938964844,60.755001068115234,61.349998474121094,6001278
Shell,1,SHEL,2024-01-19,61.279998779296875,61.290000915527344,60.75,61.11000061035156,3884440
Shell,1,SHEL,2024-01-22,60.689998626708984,61.290000915527344,60.435001373291016,61.18000030517578,4857336
Shell,1,SHEL,2024-01-23,60.77000045776367,61.16999816894531,60.7400016784668,61.150001525878906,3955206
Shell,1,SHEL,2024-01-24,61.43000030517578,61.70000076293945,61.2599983215332,61.459999084472656,5382358
Shell,1,SHEL,2024-01-25,61.810001373291016,62.5099983215332,61.400001525878906,62.4900016784668,5787649
Shell,1,SHEL,2024-01-26,62.70000076293945,63.22999954223633,62.470001220703125,63.16999816894531,5348091
Shell,1,SHEL,2024-01-29,63.220001220703125,63.40999984741211,62.709999084472656,63.40999984741211,4660680
Shell,1,SHEL,2024-01-30,63.2400016784668,64.05000305175781,63,63.88999938964844,4431459
Shell,1,SHEL,2024-01-31,63.56999969482422,63.755001068115234,62.79999923706055,62.90999984741211,6776727
Shell,1,SHEL,2024-02-01,64.25,64.9800033569336,63.83000183105469,64.08000183105469,10950785
Shell,1,SHEL,2024-02-02,63.75,63.869998931884766,63.005001068115234,63.29999923706055,5547851
Shell,1,SHEL,2024-02-05,63,63.165000915527344,62.560001373291016,62.97999954223633,4426312
Shell,1,SHEL,2024-02-06,63.119998931884766,63.970001220703125,63.08000183105469,63.650001525878906,5139418
Shell,1,SHEL,2024-02-07,63.290000915527344,63.619998931884766,62.900001525878906,63.560001373291016,4578603
Shell,1,SHEL,2024-02-08,63.25,63.72999954223633,63.220001220703125,63.560001373291016,4720812
Shell,1,SHEL,2024-02-09,63.880001068115234,64.16999816894531,63.564998626708984,63.7400016784668,3620567
Shell,1,SHEL,2024-02-12,63.970001220703125,64.25499725341797,63.65010070800781,64.1500015258789,4204223
Shell,1,SHEL,2024-02-13,64.12000274658203,64.19999694824219,63.130001068115234,63.41999816894531,4707926
Shell,1,SHEL,2024-02-14,63.709999084472656,63.974998474121094,63.279998779296875,63.43000030517578,3777604
Shell,1,SHEL,2024-02-15,62.060001373291016,63.625,62.029998779296875,63.58000183105469,5497231
Shell,1,SHEL,2024-02-16,63.599998474121094,63.904998779296875,63.44879913330078,63.56999969482422,3977906
Shell,1,SHEL,2024-02-20,63.939998626708984,63.939998626708984,63.29999923706055,63.619998931884766,7343288
Shell,1,SHEL,2024-02-21,63.7599983215332,64.38999938964844,63.599998474121094,64.37999725341797,6747228
Shell,1,SHEL,2024-02-22,64.33999633789062,64.46499633789062,63.810001373291016,64.12999725341797,5172043
Shell,1,SHEL,2024-02-23,63.84000015258789,64.04000091552734,63.3849983215332,63.93000030517578,3176388
Shell,1,SHEL,2024-02-26,63.189998626708984,63.52000045776367,63.02000045776367,63.380001068115234,6115259
Shell,1,SHEL,2024-02-27,63.65999984741211,63.81999969482422,63.33000183105469,63.400001525878906,3225053
Shell,1,SHEL,2024-02-28,63.209999084472656,63.459999084472656,62.54499816894531,62.58000183105469,4095859
Shell,1,SHEL,2024-02-29,63.08000183105469,63.34000015258789,62.689998626708984,62.83000183105469,2914810
Shell,1,SHEL,2024-03-01,63.38999938964844,63.900001525878906,63.189998626708984,63.560001373291016,4818352
Shell,1,SHEL,2024-03-04,63.560001373291016,63.68000030517578,62.84000015258789,62.849998474121094,3194123
Shell,1,SHEL,2024-03-05,62.77000045776367,63.27750015258789,62.68989944458008,62.869998931884766,3776959
Shell,1,SHEL,2024-03-06,64.18000030517578,64.3198013305664,63.77000045776367,63.849998474121094,4168220
Shell,1,SHEL,2024-03-07,63.93000030517578,64.4000015258789,63.810001373291016,64.25,4214556
Shell,1,SHEL,2024-03-08,64.56999969482422,64.63999938964844,64.05000305175781,64.31999969482422,2200250
Shell,1,SHEL,2024-03-11,64.01000213623047,64.3499984741211,63.71500015258789,64.29000091552734,3219491
Shell,1,SHEL,2024-03-12,64.63999938964844,64.91999816894531,64.3499984741211,64.51000213623047,3379014
Shell,1,SHEL,2024-03-13,65,65.76499938964844,64.9800033569336,65.70999908447266,4646860
Shell,1,SHEL,2024-03-14,65.5199966430664,65.77999877929688,65.02999877929688,65.77999877929688,4606613
Shell,1,SHEL,2024-03-15,65.68000030517578,65.98999786376953,65.44499969482422,65.86000061035156,4216901
Shell,1,SHEL,2024-03-18,66.05999755859375,66.28500366210938,65.55000305175781,66.13999938964844,3716208
Shell,1,SHEL,2024-03-19,66.27999877929688,66.73999786376953,66.25,66.47000122070312,2776339
Shell,1,SHEL,2024-03-20,66.19999694824219,67.05999755859375,66.0999984741211,66.93000030517578,3904170
Shell,1,SHEL,2024-03-21,67.25,67.4000015258789,66.83999633789062,66.8499984741211,4038391
Shell,1,SHEL,2024-03-22,66.97000122070312,66.9800033569336,66.59500122070312,66.91999816894531,2962685
Shell,1,SHEL,2024-03-25,67.20999908447266,67.72000122070312,67.20999908447266,67.41999816894531,2918439
Shell,1,SHEL,2024-03-26,67.77999877929688,67.79000091552734,66.76000213623047,66.76000213623047,3678928
Shell,1,SHEL,2024-03-27,66.38999938964844,66.80999755859375,66.29000091552734,66.76000213623047,2813776
Shell,1,SHEL,2024-03-28,66.86000061035156,67.23750305175781,66.86000061035156,67.04000091552734,2876269
Shell,1,SHEL,2024-04-01,67.04000091552734,68.01000213623047,66.59100341796875,67.91999816894531,3104385
Shell,1,SHEL,2024-04-02,68.62999725341797,69.77999877929688,68.53500366210938,69.76000213623047,8048802
Shell,1,SHEL,2024-04-03,69.44000244140625,70.12000274658203,69.2699966430664,70.08999633789062,6214206
Shell,1,SHEL,2024-04-04,70.48999786376953,70.66999816894531,69.98999786376953,70.25,5377096
Shell,1,SHEL,2024-04-05,70.48999786376953,71.41000366210938,69.83999633789062,71.29000091552734,4968577
Shell,1,SHEL,2024-04-08,71.4000015258789,72.02999877929688,71.19000244140625,71.81999969482422,5096694
Shell,1,SHEL,2024-04-09,72.5,72.72000122070312,71.7300033569336,71.83999633789062,4663489
Shell,1,SHEL,2024-04-10,72.30000305175781,72.66000366210938,71.91999816894531,72.6500015258789,4666561
Shell,1,SHEL,2024-04-11,73.05999755859375,73.08999633789062,71.68000030517578,72.66000366210938,4996448
Shell,1,SHEL,2024-04-12,73.44999694824219,73.94000244140625,72.2750015258789,72.44000244140625,7385441
Shell,1,SHEL,2024-04-15,72.5199966430664,72.71499633789062,71.66500091552734,71.94000244140625,7277935
Shell,1,SHEL,2024-04-16,71.54000091552734,71.77999877929688,70.83999633789062,71.05999755859375,5079860
Shell,1,SHEL,2024-04-17,71.20999908447266,71.72000122070312,70.62000274658203,71.13999938964844,4047598
Shell,1,SHEL,2024-04-18,71.30999755859375,71.54750061035156,70.7699966430664,71.02999877929688,3862612
Shell,1,SHEL,2024-04-19,70.7300033569336,72.08499908447266,70.6500015258789,72.06999969482422,5567990
Shell,1,SHEL,2024-04-22,71.98999786376953,72.77999877929688,71.56009674072266,72.38999938964844,3634539
Shell,1,SHEL,2024-04-23,72.36000061035156,72.875,72.16000366210938,72.7699966430664,3239783
Shell,1,SHEL,2024-04-24,73.08000183105469,73.20999908447266,72.58999633789062,73.12999725341797,4563871
Shell,1,SHEL,2024-04-25,72.9000015258789,73.5,72.52999877929688,73.2699966430664,4190457
Shell,1,SHEL,2024-04-26,73.16999816894531,73.38500213623047,72.68000030517578,73.2699966430664,3880010
Shell,1,SHEL,2024-04-29,73.05000305175781,73.30500030517578,72.71499633789062,73.12000274658203,3294253
Shell,1,SHEL,2024-04-30,72.91999816894531,72.95999908447266,71.61000061035156,71.66000366210938,4276821
Shell,1,SHEL,2024-05-01,71.4000015258789,71.55000305175781,70.58000183105469,70.94999694824219,4957347
Shell,1,SHEL,2024-05-02,72.12000274658203,72.72000122070312,71.9800033569336,72.11000061035156,5134479
Shell,1,SHEL,2024-05-03,72.51000213623047,72.56999969482422,71.94999694824219,72.37000274658203,4407390
Shell,1,SHEL,2024-05-06,72.79000091552734,73.13500213623047,72.62000274658203,72.77999877929688,3585670
Shell,1,SHEL,2024-05-07,73.44000244140625,73.55999755859375,72.8499984741211,72.97000122070312,3254813
Shell,1,SHEL,2024-05-08,72.30000305175781,72.73999786376953,72.06500244140625,72.62999725341797,3138203
Shell,1,SHEL,2024-05-09,72.94000244140625,73.62000274658203,72.94000244140625,73.55000305175781,4173306
Shell,1,SHEL,2024-05-10,74.1500015258789,74.26000213623047,73.87999725341797,74.08999633789062,4451030
Shell,1,SHEL,2024-05-13,74.29000091552734,74.6050033569336,73.91000366210938,74.16999816894531,3495386
Shell,1,SHEL,2024-05-14,73.87000274658203,74.08000183105469,73.37999725341797,74.05999755859375,3327760
Shell,1,SHEL,2024-05-15,73.25,73.49500274658203,72.33000183105469,73.30000305175781,4724607
Shell,1,SHEL,2024-05-16,72.19000244140625,72.33000183105469,71.72000122070312,71.73999786376953,5038094
Shell,1,SHEL,2024-05-17,71.4000015258789,71.98999786376953,71.26000213623047,71.91999816894531,4790547
Shell,1,SHEL,2024-05-20,71.63999938964844,71.8550033569336,71.4749984741211,71.58999633789062,3816758
Shell,1,SHEL,2024-05-21,71.54000091552734,71.8499984741211,71.30999755859375,71.4000015258789,2870551
Shell,1,SHEL,2024-05-22,70.9000015258789,70.9000015258789,70.19000244140625,70.48999786376953,3504169
Shell,1,SHEL,2024-05-23,71.06999969482422,71.36000061035156,70.15809631347656,70.37000274658203,3029329
Shell,1,SHEL,2024-05-24,70.91999816894531,71.1500015258789,70.6500015258789,70.81999969482422,2352149
Shell,1,SHEL,2024-05-28,71.36000061035156,71.81999969482422,71.04000091552734,71.73999786376953,3078948
Shell,1,SHEL,2024-05-29,71.94000244140625,71.94999694824219,71.27999877929688,71.44999694824219,3074933
Shell,1,SHEL,2024-05-30,71.19000244140625,71.66999816894531,71.16000366210938,71.44999694824219,4123137
Shell,1,SHEL,2024-05-31,71.88999938964844,72.81999969482422,71.75,72.77999877929688,3739175
Shell,1,SHEL,2024-06-03,72.63999938964844,72.63999938964844,70.77999877929688,70.80999755859375,3495760
Shell,1,SHEL,2024-06-04,69.94000244140625,70.13999938964844,69.20999908447266,70.08999633789062,3608313
Shell,1,SHEL,2024-06-05,70.30999755859375,70.33999633789062,69.70010375976562,69.80999755859375,2345469
Shell,1,SHEL,2024-06-06,69.93000030517578,70.41999816894531,69.80000305175781,70.25,2759238
Shell,1,SHEL,2024-06-07,70,70.33000183105469,69.41500091552734,69.44999694824219,2884229
Shell,1,SHEL,2024-06-10,69.95999908447266,70.82499694824219,69.7699966430664,70.63999938964844,2629620
Shell,1,SHEL,2024-06-11,70.20999908447266,70.33000183105469,69.87999725341797,70.29000091552734,3866629
Shell,1,SHEL,2024-06-12,71.2699966430664,71.30999755859375,70.2300033569336,70.41000366210938,4147269
Shell,1,SHEL,2024-06-13,70.27999877929688,70.27999877929688,69.55000305175781,69.76000213623047,3555578
Shell,1,SHEL,2024-06-14,69.3499984741211,69.41999816894531,68.55999755859375,69,4109381
Shell,1,SHEL,2024-06-17,69.41999816894531,69.47000122070312,68.94499969482422,69.1500015258789,5206625
Shell,1,SHEL,2024-06-18,69.55000305175781,69.88999938964844,69.45500183105469,69.52999877929688,4162556
Shell,1,SHEL,2024-06-20,70,70.58000183105469,69.91999816894531,70.02999877929688,3182240
Shell,1,SHEL,2024-06-21,70.11000061035156,70.33000183105469,69.79000091552734,69.94000244140625,3306907
Shell,1,SHEL,2024-06-24,70.66000366210938,71.59500122070312,70.55000305175781,71.41999816894531,3661056
Shell,1,SHEL,2024-06-25,71.58000183105469,71.66999816894531,71.22000122070312,71.55000305175781,2562124
Shell,1,SHEL,2024-06-26,70.87000274658203,71.0199966430664,70.4800033569336,70.86000061035156,4847041
Shell,1,SHEL,2024-06-27,71.66999816894531,71.79000091552734,71.1500015258789,71.44000244140625,3650737
Shell,1,SHEL,2024-06-28,71.9800033569336,72.29889678955078,71.6500015258789,72.18000030517578,5230189
Shell,1,SHEL,2024-07-01,72.7300033569336,73.16000366210938,72.5250015258789,72.87000274658203,3548532
Shell,1,SHEL,2024-07-02,73.1500015258789,73.20999908447266,72.6500015258789,73.04000091552734,3041983
Shell,1,SHEL,2024-07-03,73,73.52999877929688,72.94000244140625,73.01000213623047,1570244
Shell,1,SHEL,2024-07-05,73.94000244140625,73.94000244140625,73.0999984741211,73.25,3754645
Shell,1,SHEL,2024-07-08,73.05000305175781,73.23999786376953,72.62000274658203,72.72000122070312,2492700
Shell,1,SHEL,2024-07-09,72.5999984741211,73.02010345458984,72.41999816894531,72.58000183105469,2648559
Shell,1,SHEL,2024-07-10,72.75,72.97010040283203,72.5,72.93000030517578,1989494
Shell,1,SHEL,2024-07-11,72.77999877929688,73,72.45999908447266,72.97000122070312,2302791
Shell,1,SHEL,2024-07-12,73.25,73.33000183105469,72.9000015258789,73.08000183105469,1653098
Shell,1,SHEL,2024-07-15,73.37999725341797,73.41000366210938,72.94000244140625,72.95999908447266,2373637
Shell,1,SHEL,2024-07-16,72.4000015258789,72.72000122070312,71.85050201416016,72.68000030517578,2527807
Shell,1,SHEL,2024-07-17,73.0999984741211,73.48500061035156,72.91500091552734,73.27999877929688,2393805
Shell,1,SHEL,2024-07-18,73.76000213623047,74.0199966430664,73.05000305175781,73.25,4577858
Shell,1,SHEL,2024-07-19,72.7699966430664,72.95999908447266,72.22000122070312,72.25,3878567
Shell,1,SHEL,2024-07-22,72.44000244140625,72.71499633789062,72.18000030517578,72.20999908447266,2981050
Shell,1,SHEL,2024-07-23,71.76499938964844,71.77999877929688,70.9800033569336,71.30999755859375,2851808
Shell,1,SHEL,2024-07-24,71.73999786376953,71.97000122070312,71.1500015258789,71.18000030517578,2800232
Shell,1,SHEL,2024-07-25,71.12000274658203,72.55500030517578,70.81999969482422,72.08999633789062,5122833
Shell,1,SHEL,2024-07-26,72.04000091552734,72.48999786376953,71.6500015258789,72.05000305175781,2821584
Shell,1,SHEL,2024-07-29,72.26000213623047,72.2699966430664,71.37000274658203,71.83999633789062,2222286
Shell,1,SHEL,2024-07-30,71.18000030517578,72.0199966430664,71.08999633789062,71.97000122070312,4550720
Shell,1,SHEL,2024-07-31,73.30999755859375,73.52999877929688,72.97000122070312,73.22000122070312,4189661
Shell,1,SHEL,2024-08-01,73.95999908447266,74.45999908447266,72.0999984741211,72.94000244140625,5673079
Shell,1,SHEL,2024-08-02,71.95999908447266,72.19000244140625,71.11000061035156,71.68000030517578,4216225
Shell,1,SHEL,2024-08-05,68.93000030517578,70.26499938964844,68.58999633789062,69.98999786376953,5357967
Shell,1,SHEL,2024-08-06,68.63999938964844,70.05999755859375,68.54000091552734,69.72000122070312,6474368
Shell,1,SHEL,2024-08-07,70.55999755859375,71.19000244140625,70.52999877929688,70.66000366210938,4165650
Shell,1,SHEL,2024-08-08,70.83999633789062,71.65499877929688,70.80999755859375,71.3499984741211,2501145
Shell,1,SHEL,2024-08-09,71.06999969482422,72.18000030517578,70.80500030517578,71.87999725341797,4546040
Shell,1,SHEL,2024-08-12,72.13999938964844,72.56999969482422,72.02999877929688,72.41999816894531,2561235
Shell,1,SHEL,2024-08-13,72.16999816894531,72.41000366210938,71.74500274658203,72.30000305175781,2564839
Shell,1,SHEL,2024-08-14,72.77999877929688,73.01000213623047,72.56999969482422,72.91999816894531,2422763
Shell,1,SHEL,2024-08-15,73.20999908447266,73.43000030517578,72.92500305175781,73.16999816894531,2748558
Shell,1,SHEL,2024-08-16,72.36000061035156,72.73999786376953,72.1449966430664,72.68000030517578,3021388
Shell,1,SHEL,2024-08-19,72.94000244140625,73.66000366210938,72.73500061035156,72.87000274658203,2706901
Shell,1,SHEL,2024-08-20,72.55000305175781,72.55000305175781,71.33000183105469,71.4000015258789,3722995
Shell,1,SHEL,2024-08-21,71.44000244140625,71.76499938964844,71.19999694824219,71.29000091552734,2121998
Shell,1,SHEL,2024-08-22,71.12999725341797,71.56500244140625,71.05000305175781,71.44999694824219,2094303
Shell,1,SHEL,2024-08-23,71.6500015258789,72.52749633789062,71.63999938964844,72.43000030517578,3512937
Shell,1,SHEL,2024-08-26,72.93000030517578,73.4000015258789,72.87000274658203,73.06999969482422,2252030
Shell,1,SHEL,2024-08-27,72.87000274658203,72.91500091552734,72.38999938964844,72.63999938964844,2693914
Shell,1,SHEL,2024-08-28,71.70999908447266,72.13500213623047,71.47000122070312,71.94999694824219,2986711
Shell,1,SHEL,2024-08-29,71.9800033569336,72.55000305175781,71.7699966430664,72.5199966430664,2711722
Shell,1,SHEL,2024-08-30,71.08999633789062,71.66999816894531,70.80500030517578,71.66000366210938,3847106
Shell,1,SHEL,2024-09-03,69.69999694824219,69.83999633789062,69.12999725341797,69.37999725341797,4175894
Shell,1,SHEL,2024-09-04,68.80000305175781,69.2699966430664,68.37000274658203,68.51000213623047,5955976
Shell,1,SHEL,2024-09-05,68.88999938964844,69.03500366210938,68.04000091552734,68.12000274658203,3320047
Shell,1,SHEL,2024-09-06,67.83000183105469,68.05999755859375,66.6449966430664,66.91000366210938,5196362
Shell,1,SHEL,2024-09-09,67.0199966430664,67.7750015258789,66.97000122070312,67.43000030517578,4239748
Shell,1,SHEL,2024-09-10,67.30999755859375,67.33999633789062,63.72999954223633,65.9000015258789,10275511
Shell,1,SHEL,2024-09-11,66.80999755859375,66.83999633789062,65.6050033569336,66.20999908447266,5704505
Shell,1,SHEL,2024-09-12,66.38999938964844,67.18000030517578,66.0999984741211,66.9800033569336,5195943
Shell,1,SHEL,2024-09-13,67.44000244140625,67.8550033569336,67.24500274658203,67.44999694824219,3318506
Shell,1,SHEL,2024-09-16,67.91999816894531,68.18000030517578,67.44000244140625,68.05999755859375,2863064
Shell,1,SHEL,2024-09-17,67.94000244140625,68.32499694824219,67.8499984741211,68.1500015258789,3836071
Shell,1,SHEL,2024-09-18,68.37000274658203,68.73999786376953,67.97000122070312,68.16999816894531,3039792
Shell,1,SHEL,2024-09-19,69.12000274658203,69.62999725341797,68.80999755859375,69.16999816894531,4057702
Shell,1,SHEL,2024-09-20,68.72000122070312,69.0199966430664,68.2699966430664,68.72000122070312,3218593
Shell,1,SHEL,2024-09-23,69.05999755859375,69.6449966430664,68.84500122070312,69.08000183105469,3656096
Shell,1,SHEL,2024-09-24,69.55000305175781,69.73999786376953,69.29499816894531,69.41000366210938,2959174
Shell,1,SHEL,2024-09-25,68.83000183105469,68.8949966430664,67.78089904785156,68.0199966430664,3492400
Shell,1,SHEL,2024-09-26,64.93000030517578,65.7300033569336,64.80000305175781,65.33999633789062,10901002
Shell,1,SHEL,2024-09-27,65.63999938964844,66.20999908447266,65.58999633789062,66.11000061035156,4086283
Shell,1,SHEL,2024-09-30,65.94000244140625,66.2300033569336,65.68000030517578,65.94999694824219,7797171
Shell,0,SHEL.L,2024-01-02,2582,2594.5,2562.5,2575.5,8129974
Shell,0,SHEL.L,2024-01-03,2572.5,2600.5,2554.5,2593,13649356
Shell,0,SHEL.L,2024-01-04,2610,2632,2594.5,2594.5,11815892
Shell,0,SHEL.L,2024-01-05,2577,2598.5,2566,2571,20044598
Shell,0,SHEL.L,2024-01-08,2543.5,2544,2488.5,2491,23073449
Shell,0,SHEL.L,2024-01-09,2498.5,2510.4970703125,2481,2481,20183458
Shell,0,SHEL.L,2024-01-10,2481,2486.5,2447.5,2447.5,14059415
Shell,0,SHEL.L,2024-01-11,2453,2477.5,2443.77001953125,2444.5,17775114
Shell,0,SHEL.L,2024-01-12,2464,2494.5,2454.5,2461,10776134
Shell,0,SHEL.L,2024-01-15,2467,2478,2449,2460,5304073
Shell,0,SHEL.L,2024-01-16,2452.5,2469.5,2432.5,2435.5,11502636
Shell,0,SHEL.L,2024-01-17,2398.5,2399.5,2354,2378.5,12812338
Shell,0,SHEL.L,2024-01-18,2374,2392.201904296875,2370,2374,14093640
Shell,0,SHEL.L,2024-01-19,2387.5,2399.5,2370.5,2370.5,20216636
Shell,0,SHEL.L,2024-01-22,2368.5,2381,2345,2361.5,14480930
Shell,0,SHEL.L,2024-01-23,2381.5,2391,2362,2375.5,23836598
Shell,0,SHEL.L,2024-01-24,2372,2386.5,2360.77099609375,2379,13059828
Shell,0,SHEL.L,2024-01-25,2391.5,2412,2387.5,2391,18481662
Shell,0,SHEL.L,2024-01-26,2425.5,2440.385986328125,2423,2429.5,19249757
Shell,0,SHEL.L,2024-01-29,2456.5,2474.5,2444.5,2452,17512786
Shell,0,SHEL.L,2024-01-30,2454.5,2475,2447,2474,8929539
Shell,0,SHEL.L,2024-01-31,2480,2481.5,2447,2447,13688507
Shell,0,SHEL.L,2024-02-01,2480,2533,2469.5,2506,28001858
Shell,0,SHEL.L,2024-02-02,2494,2502,2461,2471.5,21342874
Shell,0,SHEL.L,2024-02-05,2472.5,2488,2464,2471,56024537
Shell,0,SHEL.L,2024-02-06,2485.5,2504.72998046875,2480,2489,21017786
Shell,0,SHEL.L,2024-02-07,2479.5,2496,2460.5,2471,22136288
Shell,0,SHEL.L,2024-02-08,2473,2493,2445,2478.5,11570355
Shell,0,SHEL.L,2024-02-09,2480,2509,2477,2487.5,12166053
Shell,0,SHEL.L,2024-02-12,2487,2510.614990234375,2474.35302734375,2495.5,6934746
Shell,0,SHEL.L,2024-02-13,2499,2517.9970703125,2477,2488.5,13188617
Shell,0,SHEL.L,2024-02-14,2495,2514.551025390625,2490.5,2497.5,18969613
Shell,0,SHEL.L,2024-02-15,2466,2481.5,2425.5,2464,10042426
Shell,0,SHEL.L,2024-02-16,2486,2505.5,2480,2497,27305002
Shell,0,SHEL.L,2024-02-19,2489,2512,2483.5,2508,17068719
Shell,0,SHEL.L,2024-02-20,2503.5,2520.14501953125,2476.5,2488,17859865
Shell,0,SHEL.L,2024-02-21,2484.5,2510.5,2479,2508,10394137
Shell,0,SHEL.L,2024-02-22,2520,2529.5,2500.5,2506.5,13411266
Shell,0,SHEL.L,2024-02-23,2503,2517.5,2468.5,2494,16289375
Shell,0,SHEL.L,2024-02-26,2487,2491,2453.22412109375,2470.5,38889651
Shell,0,SHEL.L,2024-02-27,2468,2490,2466,2473.5,15943347
Shell,0,SHEL.L,2024-02-28,2470,2479.5,2452.94091796875,2459.5,14404397
Shell,0,SHEL.L,2024-02-29,2446.5,2471,2445,2457,26817847
Shell,0,SHEL.L,2024-03-01,2474.5,2497,2467,2494.5,18744276
Shell,0,SHEL.L,2024-03-04,2494,2504,2459.385009765625,2460.5,21115815
Shell,0,SHEL.L,2024-03-05,2445,2457.5,2427.5,2452.5,17048578
Shell,0,SHEL.L,2024-03-06,2451.5,2499.5,2444,2488.5,28106873
Shell,0,SHEL.L,2024-03-07,2475,2487,2461,2482,16960453
Shell,0,SHEL.L,2024-03-08,2486,2508,2469,2471,14830911
Shell,0,SHEL.L,2024-03-11,2460,2476,2452,2472.5,9689786
Shell,0,SHEL.L,2024-03-12,2492,2519,2487,2497,12187000
Shell,0,SHEL.L,2024-03-13,2493,2531.5,2488.5,2527.5,18555468
Shell,0,SHEL.L,2024-03-14,2529.5,2548,2520,2538,21882474
Shell,0,SHEL.L,2024-03-15,2550,2560.10498046875,2544,2548.5,33727529
Shell,0,SHEL.L,2024-03-18,2557.5,2573.5,2549.0859375,2560.5,16264114
Shell,0,SHEL.L,2024-03-19,2569.5,2598.5,2559,2594,11083889
Shell,0,SHEL.L,2024-03-20,2588,2594,2576.5,2591.5,25023460
Shell,0,SHEL.L,2024-03-21,2602,2633,2597,2621.5,27803191
Shell,0,SHEL.L,2024-03-22,2622.5,2643,2617.5,2632,10605796
Shell,0,SHEL.L,2024-03-25,2633.5,2656,2633.5,2650.5,10622000
Shell,0,SHEL.L,2024-03-26,2645.5,2665.5,2639.5,2647,13828709
Shell,0,SHEL.L,2024-03-27,2621,2632.09912109375,2606,2613,6453579
Shell,0,SHEL.L,2024-03-28,2624,2636.5849609375,2613,2625,11721252
Shell,0,SHEL.L,2024-04-02,2663,2725,2652.5,2717,19834937
Shell,0,SHEL.L,2024-04-03,2739,2750.5,2712.5,2747.5,23986290
Shell,0,SHEL.L,2024-04-04,2746,2800,2735,2764,18581660
Shell,0,SHEL.L,2024-04-05,2763,2785.5,2756.5,2780,16453629
Shell,0,SHEL.L,2024-04-08,2781.5,2825.5,2773.782958984375,2814,19999951
Shell,0,SHEL.L,2024-04-09,2812.5,2847.5,2810,2828.5,20725997
Shell,0,SHEL.L,2024-04-10,2849.5,2873,2843.5,2869,21922895
Shell,0,SHEL.L,2024-04-11,2874.5,2898.5,2843.5,2857,15046402
Shell,0,SHEL.L,2024-04-12,2882.5,2952,2882.5,2937,10735186
Shell,0,SHEL.L,2024-04-15,2901.5,2912,2877.5,2889.5,17809474
Shell,0,SHEL.L,2024-04-16,2860,2874,2822,2834.5,12566764
Shell,0,SHEL.L,2024-04-17,2833,2855.5,2823,2846,15235252
Shell,0,SHEL.L,2024-04-18,2839,2855,2818,2841.5,19792990
Shell,0,SHEL.L,2024-04-19,2837,2855.5,2755,2851,9858971
Shell,0,SHEL.L,2024-04-22,2869,2912.5,2863.5,2907,13320741
Shell,0,SHEL.L,2024-04-23,2907,2922.5,2888,2895,11082204
Shell,0,SHEL.L,2024-04-24,2912,2922,2901,2907,22456375
Shell,0,SHEL.L,2024-04-25,2907,2919.5,2884.5,2901,11961757
Shell,0,SHEL.L,2024-04-26,2901.5,2913.614990234375,2891.0419921875,2903.5,8894321
Shell,0,SHEL.L,2024-04-29,2899,2917,2887,2887.5,4789618
Shell,0,SHEL.L,2024-04-30,2891.5,2904,2863,2863,1679663
Shell,0,SHEL.L,2024-05-01,2875,2817.5,2814.5,2819,3437262
Shell,0,SHEL.L,2024-05-02,2868,2894.5,2827.5,2873,1095027
Shell,0,SHEL.L,2024-05-03,2872,2890.5,2846,2858.5,5653859
Shell,0,SHEL.L,2024-05-07,2889,2912,2881.5,2895,13614305
Shell,0,SHEL.L,2024-05-08,2899.5,2906,2870.5,2891.5,31072062
Shell,0,SHEL.L,2024-05-09,2896.5,2924,2874,2908.5,22289547
Shell,0,SHEL.L,2024-05-10,2922.5,2949,2891,2946,13034943
Shell,0,SHEL.L,2024-05-13,2940,2961,2921.5,2937,7536239
Shell,0,SHEL.L,2024-05-14,2930.5,2955,2900,2901,41316273
Shell,0,SHEL.L,2024-05-15,2925,2938,2847,2869,7637008
Shell,0,SHEL.L,2024-05-16,2849,2852,2799,2829,31351272
Shell,0,SHEL.L,2024-05-17,2824.5,2834.5,2798,2804.5,25245178
Shell,0,SHEL.L,2024-05-20,2824.5,2852,2786,2804,9161063
Shell,0,SHEL.L,2024-05-21,2796,2821,2778,2803.5,17215410
Shell,0,SHEL.L,2024-05-22,2776.5,2789,2751,2760.5,24840671
Shell,0,SHEL.L,2024-05-23,2760.5,2784.5,2743.5,2772.5,17073225
Shell,0,SHEL.L,2024-05-24,2754,2789.5,2736,2772,5380752
Shell,0,SHEL.L,2024-05-28,2782.5,2799,2762,2780.5,7716088
Shell,0,SHEL.L,2024-05-29,2799,2832.5,2763.5,2801.5,11146569
Shell,0,SHEL.L,2024-05-30,2784,2818.5,2773,2797,21291111
Shell,0,SHEL.L,2024-05-31,2797.5,2824,2794.5,2811.5,24113173
Shell,0,SHEL.L,2024-06-03,2843,2856.5,2782.5,2782.5,14688170
Shell,0,SHEL.L,2024-06-04,2740.5,2754,2696,2723,15059526
Shell,0,SHEL.L,2024-06-05,2732,2748.5,2706.5,2717.5,10454373
Shell,0,SHEL.L,2024-06-06,2728.5,2744.5,2701,2736.5,8822394
Shell,0,SHEL.L,2024-06-07,2743.5,2758,2720,2732.5,12774048
Shell,0,SHEL.L,2024-06-10,2717.5,2757.5,2695,2757.5,12221002
Shell,0,SHEL.L,2024-06-11,2762,2776.5,2738,2750.5,12985012
Shell,0,SHEL.L,2024-06-12,2759,2775.5,2740,2744.5,16206847
Shell,0,SHEL.L,2024-06-13,2743.5,2754,2718.5,2724,6430750
Shell,0,SHEL.L,2024-06-14,2724.5,2734.5,2707,2711,6821729
Shell,0,SHEL.L,2024-06-17,2714.5,2733,2711.5,2726,5825941
Shell,0,SHEL.L,2024-06-18,2724.5,2738.5,2719.841064453125,2733.5,13056799
Shell,0,SHEL.L,2024-06-19,2727,2751.5,2727,2748,4334965
Shell,0,SHEL.L,2024-06-20,2750,2778,2731.5,2767.5,9209723
Shell,0,SHEL.L,2024-06-21,2758,2784.5,2745.5,2777,24287830
Shell,0,SHEL.L,2024-06-24,2763.5,2804,2744.5,2794.5,7487402
Shell,0,SHEL.L,2024-06-25,2812.5,2834,2777.5,2807.5,8067392
Shell,0,SHEL.L,2024-06-26,2822.5,2830.5,2779.5,2791,10698575
Shell,0,SHEL.L,2024-06-27,2797.5,2830.5,2774,2813.5,6831851
Shell,0,SHEL.L,2024-06-28,2835.5,2855,2795,2834,7501581
Shell,0,SHEL.L,2024-07-01,2858,2880.847900390625,2844.5,2857.5,6653438
Shell,0,SHEL.L,2024-07-02,2874,2896,2860,2869.5,7651209
Shell,0,SHEL.L,2024-07-03,2875.5,2899,2851,2851,5149369
Shell,0,SHEL.L,2024-07-04,2861.5,2902.5,2835.5,2900,6801590
Shell,0,SHEL.L,2024-07-05,2900,2917.5,2854,2862,6609096
Shell,0,SHEL.L,2024-07-08,2838,2911.5,2821,2835,6900136
Shell,0,SHEL.L,2024-07-09,2823,2879.5,2807,2834,8345319
Shell,0,SHEL.L,2024-07-10,2828,2851.5,2807,2833,7423656
Shell,0,SHEL.L,2024-07-11,2836,2850,2805.22998046875,2815,6834968
Shell,0,SHEL.L,2024-07-12,2832,2846,2798.5,2812.5,5102397
Shell,0,SHEL.L,2024-07-15,2808.5,2829.5,2794.5,2807.5,5243588
Shell,0,SHEL.L,2024-07-16,2802,2824.5,2767,2782.5,6915449
Shell,0,SHEL.L,2024-07-17,2781.5,2814.5,2762,2798.5,10335800
Shell,0,SHEL.L,2024-07-18,2823.5,2843.5,2785,2834.5,6299691
Shell,0,SHEL.L,2024-07-19,2818.5,2838.5,2781.5,2793.5,9741766
Shell,0,SHEL.L,2024-07-22,2799,2805,2770.5,2793,16404097
Shell,0,SHEL.L,2024-07-23,2784,2798.5,2741.5,2747,41499454
Shell,0,SHEL.L,2024-07-24,2737.5,2771.5,2732.5,2764,11312048
Shell,0,SHEL.L,2024-07-25,2737.5,2766,2708.759033203125,2762,8122931
Shell,0,SHEL.L,2024-07-26,2790.5,2824,2711,2779.5,4999091
Shell,0,SHEL.L,2024-07-29,2806,2919.5,2767,2771.5,3227948
Shell,0,SHEL.L,2024-07-30,2784,2793.5,2756.5,2766.5,5931450
Shell,0,SHEL.L,2024-07-31,2816.5,2856.5,2811.5,2840,28006768
Shell,0,SHEL.L,2024-08-01,2857,2899.5,2811.5,2825,7278177
Shell,0,SHEL.L,2024-08-02,2818.5,2850,2769.68603515625,2777,9187541
Shell,0,SHEL.L,2024-08-05,2703,2708,2659,2693.5,12938869
Shell,0,SHEL.L,2024-08-06,2727,2947.06005859375,2674.5,2708.5,19220275
Shell,0,SHEL.L,2024-08-07,2712.5,2773,2701.5,2770.5,11032705
Shell,0,SHEL.L,2024-08-08,2757,2782,2747.5,2775,8550533
Shell,0,SHEL.L,2024-08-09,2781,2785,2756,2776,9513348
Shell,0,SHEL.L,2024-08-12,2795,2809.5,2783,2799,7656436
Shell,0,SHEL.L,2024-08-13,2809,2812.5,2773.5,2781,5337469
Shell,0,SHEL.L,2024-08-14,2804.5,2819.5,2792,2807,8264643
Shell,0,SHEL.L,2024-08-15,2792.5,2813,2785,2805.5,15859373
Shell,0,SHEL.L,2024-08-16,2802.5,2808,2764,2790,6416870
Shell,0,SHEL.L,2024-08-19,2782.5,2818,2760,2813,8926547
Shell,0,SHEL.L,2024-08-20,2789.5,2947.06005859375,2733,2733,9361588
Shell,0,SHEL.L,2024-08-21,2725.5,2729,2700,2718.5,7115788
Shell,0,SHEL.L,2024-08-22,2700,2710,2688.5,2708,22803888
Shell,0,SHEL.L,2024-08-23,2715,2722.5,2707.5,2720,7723175
Shell,0,SHEL.L,2024-08-27,2755,2761.72998046875,2721.5,2725,16962934
Shell,0,SHEL.L,2024-08-28,2720,2722.5,2680.5,2696,15506139
Shell,0,SHEL.L,2024-08-29,2691,2718.761962890625,2670.5,2711,6375301
Shell,0,SHEL.L,2024-08-30,2726,2729.5,2669,2681,17889534
Shell,0,SHEL.L,2024-09-02,2689.5,2698,2683,2684.5,5673520
Shell,0,SHEL.L,2024-09-03,2688,2691.5,2612,2612,20857611
Shell,0,SHEL.L,2024-09-04,2595,2612,2565,2582.5,9414991
Shell,0,SHEL.L,2024-09-05,2582.5,2591,2571.5,2574.5,20054505
Shell,0,SHEL.L,2024-09-06,2557.5,2560,2514.64892578125,2516,11900532
Shell,0,SHEL.L,2024-09-09,2530.5,2553.823974609375,2524.5,2546,8802071
Shell,0,SHEL.L,2024-09-10,2541,2553,2502.5,2508.5,21896326
Shell,0,SHEL.L,2024-09-11,2506,2552.5,2500,2510,10562081
Shell,0,SHEL.L,2024-09-12,2534,2555.5,2510.864990234375,2537,12634506
Shell,0,SHEL.L,2024-09-13,2535,2558,2530.677978515625,2554.5,7910708
Shell,0,SHEL.L,2024-09-16,2538,2560,2535,2538.5,6192449
Shell,0,SHEL.L,2024-09-17,2563,2572.5,2550,2561,11387282
Shell,0,SHEL.L,2024-09-18,2564.5,2566,2545.5,2554,30861973
Shell,0,SHEL.L,2024-09-19,2581.5,2601,2575,2595,12565602
Shell,0,SHEL.L,2024-09-20,2569,2581.5,2549.5,2562,22874341
Shell,0,SHEL.L,2024-09-23,2571.5,2591.5,2562.19189453125,2577,10453980
Shell,0,SHEL.L,2024-09-24,2571.5,2595.5,2569.5,2572,25089808
Shell,0,SHEL.L,2024-09-25,2559,2573.2080078125,2521.48095703125,2532,21401159
Shell,0,SHEL.L,2024-09-26,2467.5,2475,2396,2415,31785656
Shell,0,SHEL.L,2024-09-27,2418,2437.5,2413.5,2424,25975858
Shell,0,SHEL.L,2024-09-30,2445,2454.5,2419,2425,22008305
GSK,1,GSK,2024-01-02,36.900001525878906,37.58000183105469,36.81999969482422,37.5099983215332,3120300
GSK,1,GSK,2024-01-03,38.11000061035156,38.939998626708984,38.040000915527344,38.91999816894531,4902500
GSK,1,GSK,2024-01-04,38.63999938964844,39.18000030517578,38.630001068115234,39.06999969482422,3474100
GSK,1,GSK,2024-01-05,38.93000030517578,39.310001373291016,38.86000061035156,39.209999084472656,2289100
GSK,1,GSK,2024-01-08,39.290000915527344,39.63999938964844,39.2400016784668,39.63999938964844,2260000
GSK,1,GSK,2024-01-09,39.900001525878906,40.099998474121094,39.7599983215332,39.7599983215332,2967600
GSK,1,GSK,2024-01-10,39.88999938964844,40.04999923706055,39.84000015258789,39.9900016784668,2165200
GSK,1,GSK,2024-01-11,39.810001373291016,39.86000061035156,39.470001220703125,39.63999938964844,2407200
GSK,1,GSK,2024-01-12,39.97999954223633,40.34000015258789,39.939998626708984,40.099998474121094,3568500
GSK,1,GSK,2024-01-16,40.150001525878906,40.18000030517578,39.79999923706055,39.880001068115234,2356500
GSK,1,GSK,2024-01-17,39.849998474121094,39.88999938964844,39.56999969482422,39.779998779296875,4021000
GSK,1,GSK,2024-01-18,39.529998779296875,39.630001068115234,39.2599983215332,39.540000915527344,3622700
GSK,1,GSK,2024-01-19,39.47999954223633,39.720001220703125,39.369998931884766,39.68000030517578,3401800
GSK,1,GSK,2024-01-22,39.40999984741211,39.63999938964844,39.33000183105469,39.529998779296875,3399700
GSK,1,GSK,2024-01-23,39.22999954223633,39.380001068115234,39.08000183105469,39.279998779296875,2817200
GSK,1,GSK,2024-01-24,39.470001220703125,39.72999954223633,38.59000015258789,39.029998779296875,5809900
GSK,1,GSK,2024-01-25,38.939998626708984,38.95000076293945,38.560001373291016,38.84000015258789,3936700
GSK,1,GSK,2024-01-26,39.369998931884766,39.459999084472656,39.040000915527344,39.06999969482422,3061400
GSK,1,GSK,2024-01-29,39.189998626708984,39.209999084472656,38.86000061035156,39.060001373291016,2178600
GSK,1,GSK,2024-01-30,39.15999984741211,39.209999084472656,38.93000030517578,39.09000015258789,2393900
GSK,1,GSK,2024-01-31,40.66999816894531,41.310001373291016,39.400001525878906,39.439998626708984,7553300
GSK,1,GSK,2024-02-01,39.939998626708984,40.689998626708984,39.849998474121094,40.630001068115234,5354900
GSK,1,GSK,2024-02-02,40.61000061035156,40.849998474121094,40.40999984741211,40.720001220703125,3925400
GSK,1,GSK,2024-02-05,41.77000045776367,41.88999938964844,41.40999984741211,41.56999969482422,7985100
GSK,1,GSK,2024-02-06,41.689998626708984,41.77000045776367,41.29999923706055,41.75,3671600
GSK,1,GSK,2024-02-07,41.93000030517578,42.209999084472656,41.900001525878906,42.02000045776367,6042800
GSK,1,GSK,2024-02-08,41.81999969482422,41.88999938964844,41.45000076293945,41.81999969482422,4303300
GSK,1,GSK,2024-02-09,41.959999084472656,42.060001373291016,41.77000045776367,41.90999984741211,3503400
GSK,1,GSK,2024-02-12,41.40999984741211,41.40999984741211,40.880001068115234,41.06999969482422,6688800
GSK,1,GSK,2024-02-13,41.56999969482422,41.599998474121094,41.08000183105469,41.38999938964844,7056800
GSK,1,GSK,2024-02-14,41.7599983215332,41.93000030517578,41.59000015258789,41.79999923706055,7442600
GSK,1,GSK,2024-02-15,41.779998779296875,42.02000045776367,41.68000030517578,41.77000045776367,4145000
GSK,1,GSK,2024-02-16,42,42.22999954223633,41.880001068115234,41.939998626708984,3765800
GSK,1,GSK,2024-02-20,42.2599983215332,42.61000061035156,41.9900016784668,42.02000045776367,4154300
GSK,1,GSK,2024-02-21,41.81999969482422,41.9900016784668,41.75,41.939998626708984,3660300
GSK,1,GSK,2024-02-22,41.650001525878906,42.2400016784668,41.630001068115234,42.15999984741211,6179400
GSK,1,GSK,2024-02-23,42.349998474121094,42.45000076293945,42.13999938964844,42.220001220703125,3440900
GSK,1,GSK,2024-02-26,42.52000045776367,42.59000015258789,42.25,42.34000015258789,3023400
GSK,1,GSK,2024-02-27,42.119998931884766,42.439998626708984,42.06999969482422,42.380001068115234,3733600
GSK,1,GSK,2024-02-28,42.349998474121094,42.439998626708984,42.130001068115234,42.34000015258789,4041100
GSK,1,GSK,2024-02-29,42.650001525878906,42.689998626708984,41.79999923706055,41.900001525878906,4381400
GSK,1,GSK,2024-03-01,42.0099983215332,42.09000015258789,41.779998779296875,42.029998779296875,2324500
GSK,1,GSK,2024-03-04,42.040000915527344,42.439998626708984,42.02000045776367,42.439998626708984,2404300
GSK,1,GSK,2024-03-05,42.630001068115234,42.779998779296875,42.4900016784668,42.599998474121094,2635200
GSK,1,GSK,2024-03-06,42.380001068115234,42.709999084472656,42.33000183105469,42.619998931884766,3247400
GSK,1,GSK,2024-03-07,43.68000030517578,43.84000015258789,43.47999954223633,43.58000183105469,4382300
GSK,1,GSK,2024-03-08,43.02000045776367,43.220001220703125,42.90999984741211,43.13999938964844,3308100
GSK,1,GSK,2024-03-11,42.880001068115234,42.959999084472656,42.72999954223633,42.91999816894531,2514700
GSK,1,GSK,2024-03-12,42.93000030517578,43.27000045776367,42.810001373291016,43.27000045776367,2196700
GSK,1,GSK,2024-03-13,43.27000045776367,43.369998931884766,43.08000183105469,43.36000061035156,1677700
GSK,1,GSK,2024-03-14,43.209999084472656,43.2599983215332,42.810001373291016,43.08000183105469,1843300
GSK,1,GSK,2024-03-15,42.279998779296875,42.43000030517578,41.810001373291016,42.189998626708984,4130000
GSK,1,GSK,2024-03-18,42.209999084472656,42.349998474121094,42.13999938964844,42.13999938964844,1346100
GSK,1,GSK,2024-03-19,42.2400016784668,42.33000183105469,42.06999969482422,42.31999969482422,1998800
GSK,1,GSK,2024-03-20,42.02000045776367,42.040000915527344,41.75,41.93000030517578,1799300
GSK,1,GSK,2024-03-21,42.16999816894531,42.540000915527344,42.150001525878906,42.369998931884766,2024400
GSK,1,GSK,2024-03-22,42.540000915527344,42.68000030517578,42.33000183105469,42.349998474121094,1482700
GSK,1,GSK,2024-03-25,42.58000183105469,43.45000076293945,42.560001373291016,42.83000183105469,3437000
GSK,1,GSK,2024-03-26,42.83000183105469,42.88999938964844,42.54999923706055,42.790000915527344,3041400
GSK,1,GSK,2024-03-27,42.58000183105469,43.029998779296875,42.5099983215332,42.9900016784668,2076400
GSK,1,GSK,2024-03-28,43,43.220001220703125,42.86000061035156,42.869998931884766,1854700
GSK,1,GSK,2024-04-01,42.7400016784668,42.869998931884766,42.22999954223633,42.41999816894531,1515100
GSK,1,GSK,2024-04-02,42.130001068115234,42.13999938964844,41.66999816894531,41.790000915527344,2581900
GSK,1,GSK,2024-04-03,41.5,41.7400016784668,41.33000183105469,41.540000915527344,3048500
GSK,1,GSK,2024-04-04,41.72999954223633,41.880001068115234,40.84000015258789,40.86000061035156,2634100
GSK,1,GSK,2024-04-05,40.59000015258789,41.25,40.529998779296875,41.189998626708984,6093000
GSK,1,GSK,2024-04-08,41.08000183105469,41.08000183105469,40.81999969482422,40.849998474121094,1856100
GSK,1,GSK,2024-04-09,40.88999938964844,40.959999084472656,40.66999816894531,40.880001068115234,3191300
GSK,1,GSK,2024-04-10,40.619998931884766,40.75,40.4900016784668,40.689998626708984,4370400
GSK,1,GSK,2024-04-11,41,41.25,40.68000030517578,40.79999923706055,2903800
GSK,1,GSK,2024-04-12,40.959999084472656,40.970001220703125,40.4900016784668,40.65999984741211,5264700
GSK,1,GSK,2024-04-15,40.900001525878906,41.060001373291016,40.439998626708984,40.5,3373700
GSK,1,GSK,2024-04-16,40.02000045776367,40.22999954223633,39.720001220703125,39.95000076293945,2422700
GSK,1,GSK,2024-04-17,39.720001220703125,39.849998474121094,39.439998626708984,39.599998474121094,3208300
GSK,1,GSK,2024-04-18,39.38999938964844,39.5,39.15999984741211,39.27000045776367,2636900
GSK,1,GSK,2024-04-19,39.369998931884766,39.7599983215332,39.369998931884766,39.75,1623800
GSK,1,GSK,2024-04-22,39.9900016784668,40.7599983215332,39.959999084472656,40.59000015258789,3800900
GSK,1,GSK,2024-04-23,40.65999984741211,41.2599983215332,40.599998474121094,41.2400016784668,2289900
GSK,1,GSK,2024-04-24,41.20000076293945,41.2400016784668,40.63999938964844,40.86000061035156,1816100
GSK,1,GSK,2024-04-25,41.060001373291016,41.11000061035156,40.810001373291016,40.90999984741211,3462000
GSK,1,GSK,2024-04-26,40.95000076293945,41.310001373291016,40.869998931884766,41.11000061035156,2730500
GSK,1,GSK,2024-04-29,41.65999984741211,42,41.5,41.61000061035156,4043300
GSK,1,GSK,2024-04-30,41.75,42.029998779296875,41.41999816894531,41.439998626708984,3672100
GSK,1,GSK,2024-05-01,42.70000076293945,42.84000015258789,42.279998779296875,42.56999969482422,4684200
GSK,1,GSK,2024-05-02,42.900001525878906,43.52000045776367,42.75,43.349998474121094,6320400
GSK,1,GSK,2024-05-03,43.58000183105469,43.68000030517578,43.27000045776367,43.5,4048100
GSK,1,GSK,2024-05-06,43.5,43.63999938964844,43.18000030517578,43.45000076293945,2045700
GSK,1,GSK,2024-05-07,44.130001068115234,44.33000183105469,43.959999084472656,44.150001525878906,3103900
GSK,1,GSK,2024-05-08,44.22999954223633,44.290000915527344,44.060001373291016,44.13999938964844,2127300
GSK,1,GSK,2024-05-09,44.29999923706055,44.720001220703125,44.29999923706055,44.66999816894531,4924600
GSK,1,GSK,2024-05-10,44.97999954223633,45.099998474121094,44.79999923706055,45.06999969482422,3771100
GSK,1,GSK,2024-05-13,45.310001373291016,45.40999984741211,45.13999938964844,45.16999816894531,2830800
GSK,1,GSK,2024-05-14,45.34000015258789,45.7599983215332,45.29999923706055,45.65999984741211,3615000
GSK,1,GSK,2024-05-15,45.81999969482422,45.93000030517578,45.650001525878906,45.70000076293945,3788100
GSK,1,GSK,2024-05-16,45.119998931884766,45.20000076293945,44.81999969482422,44.880001068115234,4666300
GSK,1,GSK,2024-05-17,44.849998474121094,45.09000015258789,44.7400016784668,44.97999954223633,1882900
GSK,1,GSK,2024-05-20,45.060001373291016,45.189998626708984,44.400001525878906,44.59000015258789,5172400
GSK,1,GSK,2024-05-21,44.4900016784668,44.720001220703125,44.459999084472656,44.459999084472656,3475000
GSK,1,GSK,2024-05-22,44.529998779296875,45.79999923706055,44.41999816894531,45.779998779296875,6830600
GSK,1,GSK,2024-05-23,45.75,45.77000045776367,44.939998626708984,45.150001525878906,5218600
GSK,1,GSK,2024-05-24,45.41999816894531,45.45000076293945,45.029998779296875,45.119998931884766,2210200
GSK,1,GSK,2024-05-28,44.70000076293945,44.75,44.22999954223633,44.2400016784668,2647900
GSK,1,GSK,2024-05-29,44.2400016784668,44.36000061035156,44.15999984741211,44.279998779296875,2092200
GSK,1,GSK,2024-05-30,44.08000183105469,44.22999954223633,43.88999938964844,44.02000045776367,1597400
GSK,1,GSK,2024-05-31,44.63999938964844,45.0099983215332,44.560001373291016,44.77000045776367,3623800
GSK,1,GSK,2024-06-03,41.220001220703125,41.720001220703125,40.5099983215332,40.880001068115234,13483900
GSK,1,GSK,2024-06-04,41.34000015258789,41.47999954223633,40.9900016784668,41.349998474121094,5469400
GSK,1,GSK,2024-06-05,42.38999938964844,42.439998626708984,41.86000061035156,41.970001220703125,7230300
GSK,1,GSK,2024-06-06,41.689998626708984,42,41.47999954223633,41.540000915527344,3860800
GSK,1,GSK,2024-06-07,41.11000061035156,41.459999084472656,40.939998626708984,41.209999084472656,3025400
GSK,1,GSK,2024-06-10,41.099998474121094,41.5099983215332,40.959999084472656,41.290000915527344,2833900
GSK,1,GSK,2024-06-11,41.04999923706055,41.36000061035156,40.88999938964844,41.060001373291016,2379100
GSK,1,GSK,2024-06-12,41.36000061035156,41.380001068115234,40.970001220703125,41.11000061035156,2548600
GSK,1,GSK,2024-06-13,40.97999954223633,41.220001220703125,40.779998779296875,41.11000061035156,2020300
GSK,1,GSK,2024-06-14,40.81999969482422,40.880001068115234,40.47999954223633,40.650001525878906,2235400
GSK,1,GSK,2024-06-17,40.43000030517578,40.68000030517578,40.36000061035156,40.65999984741211,2131200
GSK,1,GSK,2024-06-18,41.029998779296875,41.08000183105469,40.779998779296875,40.95000076293945,2847600
GSK,1,GSK,2024-06-20,40.869998931884766,41.02000045776367,40.68000030517578,40.7599983215332,2538100
GSK,1,GSK,2024-06-21,40.25,40.529998779296875,40.220001220703125,40.47999954223633,3490100
GSK,1,GSK,2024-06-24,40.79999923706055,40.86000061035156,40.540000915527344,40.54999923706055,3495700
GSK,1,GSK,2024-06-25,40.470001220703125,40.47999954223633,40.189998626708984,40.310001373291016,2779900
GSK,1,GSK,2024-06-26,40.2400016784668,40.5099983215332,38.349998474121094,38.869998931884766,10997000
GSK,1,GSK,2024-06-27,38.400001525878906,38.790000915527344,38.20000076293945,38.63999938964844,5542900
GSK,1,GSK,2024-06-28,38.68000030517578,39.029998779296875,38.45000076293945,38.5,7856000
GSK,1,GSK,2024-07-01,38.43000030517578,39.06999969482422,38.310001373291016,38.380001068115234,2872500
GSK,1,GSK,2024-07-02,38.11000061035156,38.31999969482422,37.810001373291016,38.209999084472656,3354100
GSK,1,GSK,2024-07-03,38.150001525878906,38.4900016784668,38.130001068115234,38.459999084472656,1349500
GSK,1,GSK,2024-07-05,38.83000183105469,38.90999984741211,37.970001220703125,38.84000015258789,3284300
GSK,1,GSK,2024-07-08,38.849998474121094,38.95000076293945,38.529998779296875,38.709999084472656,2075400
GSK,1,GSK,2024-07-09,38.75,38.869998931884766,38.52000045776367,38.599998474121094,2095200
GSK,1,GSK,2024-07-10,38.540000915527344,38.650001525878906,38.439998626708984,38.560001373291016,2376600
GSK,1,GSK,2024-07-11,38.84000015258789,39.029998779296875,38.72999954223633,38.900001525878906,2684100
GSK,1,GSK,2024-07-12,39.38999938964844,39.5099983215332,39.13999938964844,39.15999984741211,2512000
GSK,1,GSK,2024-07-15,39.11000061035156,39.130001068115234,38.66999816894531,38.66999816894531,2451400
GSK,1,GSK,2024-07-16,38.47999954223633,38.959999084472656,38.459999084472656,38.900001525878906,2118200
GSK,1,GSK,2024-07-17,39.20000076293945,39.939998626708984,39.13999938964844,39.84000015258789,3846500
GSK,1,GSK,2024-07-18,39.7400016784668,39.83000183105469,39.290000915527344,39.36000061035156,1592100
GSK,1,GSK,2024-07-19,39.13999938964844,39.459999084472656,39.130001068115234,39.349998474121094,1994000
GSK,1,GSK,2024-07-22,39.400001525878906,39.58000183105469,39.29999923706055,39.38999938964844,2790200
GSK,1,GSK,2024-07-23,39.22999954223633,39.27000045776367,38.779998779296875,38.84000015258789,3470300
GSK,1,GSK,2024-07-24,38.86000061035156,39.29999923706055,38.86000061035156,39.29999923706055,2060100
GSK,1,GSK,2024-07-25,38.95000076293945,39.459999084472656,38.91999816894531,39.06999969482422,2479600
GSK,1,GSK,2024-07-26,39.630001068115234,40.119998931884766,39.58000183105469,39.86000061035156,3064100
GSK,1,GSK,2024-07-29,40.02000045776367,40.20000076293945,39.849998474121094,40.0099983215332,3603700
GSK,1,GSK,2024-07-30,39.970001220703125,40.0099983215332,39.4900016784668,39.77000045776367,4916800
GSK,1,GSK,2024-07-31,39.25,39.29999923706055,38.54999923706055,38.77000045776367,3969800
GSK,1,GSK,2024-08-01,38.900001525878906,39.7400016784668,38.720001220703125,39.63999938964844,4525500
GSK,1,GSK,2024-08-02,40.45000076293945,40.56999969482422,39.95000076293945,40.41999816894531,4545000
GSK,1,GSK,2024-08-05,39.7400016784668,39.9900016784668,39.279998779296875,39.380001068115234,6283100
GSK,1,GSK,2024-08-06,38.5,38.959999084472656,38.31999969482422,38.68000030517578,5179600
GSK,1,GSK,2024-08-07,39.119998931884766,39.43000030517578,38.970001220703125,39.369998931884766,5332300
GSK,1,GSK,2024-08-08,39.41999816894531,40.09000015258789,39.369998931884766,40.02000045776367,5598900
GSK,1,GSK,2024-08-09,39.689998626708984,40.349998474121094,39.66999816894531,40.2599983215332,5831800
GSK,1,GSK,2024-08-12,40.31999969482422,40.4900016784668,40.08000183105469,40.31999969482422,2751700
GSK,1,GSK,2024-08-13,40.54999923706055,41.27000045776367,40.529998779296875,41.18000030517578,3306800
GSK,1,GSK,2024-08-14,41.09000015258789,41.2599983215332,41.04999923706055,41.220001220703125,2482900
GSK,1,GSK,2024-08-15,41.65999984741211,41.70000076293945,41.36000061035156,41.400001525878906,2024200
GSK,1,GSK,2024-08-16,41.06999969482422,41.31999969482422,41.0099983215332,41.279998779296875,3145700
GSK,1,GSK,2024-08-19,41.31999969482422,41.70000076293945,41.279998779296875,41.52000045776367,1833600
GSK,1,GSK,2024-08-20,41.5099983215332,41.720001220703125,41.470001220703125,41.599998474121094,1647200
GSK,1,GSK,2024-08-21,41.720001220703125,42,41.70000076293945,41.849998474121094,2410400
GSK,1,GSK,2024-08-22,42.0099983215332,42.08000183105469,41.83000183105469,41.95000076293945,1327000
GSK,1,GSK,2024-08-23,42.27000045776367,42.63999938964844,42.119998931884766,42.630001068115234,3780500
GSK,1,GSK,2024-08-26,42.630001068115234,42.650001525878906,42.459999084472656,42.540000915527344,1842800
GSK,1,GSK,2024-08-27,42.81999969482422,44.66999816894531,42.79999923706055,44.150001525878906,11513900
GSK,1,GSK,2024-08-28,43.59000015258789,43.90999984741211,43.560001373291016,43.900001525878906,3279700
GSK,1,GSK,2024-08-29,43.86000061035156,43.93000030517578,43.52000045776367,43.7400016784668,3274800
GSK,1,GSK,2024-08-30,43.75,43.97999954223633,43.529998779296875,43.90999984741211,3129100
GSK,1,GSK,2024-09-03,43.630001068115234,43.84000015258789,43.33000183105469,43.439998626708984,3441900
GSK,1,GSK,2024-09-04,43.4900016784668,44.2599983215332,43.4900016784668,44.2599983215332,2844700
GSK,1,GSK,2024-09-05,43.38999938964844,43.77000045776367,43.029998779296875,43.130001068115234,3811800
GSK,1,GSK,2024-09-06,43.599998474121094,43.95000076293945,43.43000030517578,43.66999816894531,3763200
GSK,1,GSK,2024-09-09,43.619998931884766,44.04999923706055,43.470001220703125,43.939998626708984,2494800
GSK,1,GSK,2024-09-10,43.83000183105469,44.189998626708984,43.810001373291016,44.099998474121094,3970500
GSK,1,GSK,2024-09-11,43.970001220703125,44.029998779296875,43.41999816894531,43.77000045776367,3411700
GSK,1,GSK,2024-09-12,43.43000030517578,43.47999954223633,43.040000915527344,43.11000061035156,3859700
GSK,1,GSK,2024-09-13,43.15999984741211,43.439998626708984,42.95000076293945,43.0099983215332,3696300
GSK,1,GSK,2024-09-16,43.2400016784668,43.619998931884766,43.22999954223633,43.54999923706055,2417000
GSK,1,GSK,2024-09-17,43.130001068115234,43.13999938964844,42.439998626708984,42.560001373291016,3095400
GSK,1,GSK,2024-09-18,42.84000015258789,42.900001525878906,42.380001068115234,42.43000030517578,3522300
GSK,1,GSK,2024-09-19,42.400001525878906,42.41999816894531,41.459999084472656,41.619998931884766,6510200
GSK,1,GSK,2024-09-20,41.25,41.2599983215332,40.790000915527344,40.79999923706055,5028100
GSK,1,GSK,2024-09-23,40.959999084472656,41.029998779296875,40.810001373291016,40.86000061035156,2736700
GSK,1,GSK,2024-09-24,40.7599983215332,41.060001373291016,40.70000076293945,40.97999954223633,3241100
GSK,1,GSK,2024-09-25,41.11000061035156,41.15999984741211,40.54999923706055,40.560001373291016,2667100
GSK,1,GSK,2024-09-26,40.599998474121094,40.900001525878906,40.5,40.900001525878906,2796800
GSK,1,GSK,2024-09-27,41.09000015258789,41.43000030517578,40.65999984741211,40.709999084472656,3137100
GSK,1,GSK,2024-09-30,40.790000915527344,40.93000030517578,40.65999984741211,40.880001068115234,2321800
GSK,0,GSK.L,2024-01-02,1460.199951171875,1480.699951171875,1453.199951171875,1479.800048828125,10462801
GSK,0,GSK.L,2024-01-03,1509.800048828125,1521,1498.4000244140625,1520.4000244140625,9308004
GSK,0,GSK.L,2024-01-04,1531,1539.800048828125,1512.4000244140625,1539.800048828125,6947561
GSK,0,GSK.L,2024-01-05,1537.5999755859375,1554.5999755859375,1529.199951171875,1541.199951171875,6314510
GSK,0,GSK.L,2024-01-08,1539,1549,1537.5999755859375,1549,7772803
GSK,0,GSK.L,2024-01-09,1550,1578,1547.4029541015625,1576.199951171875,9926867
GSK,0,GSK.L,2024-01-10,1568,1573.199951171875,1561.4000244140625,1570.800048828125,4041183
GSK,0,GSK.L,2024-01-11,1571,1581.800048828125,1539,1556.4000244140625,11024129
GSK,0,GSK.L,2024-01-12,1560.199951171875,1578.4000244140625,1558.199951171875,1573,5260876
GSK,0,GSK.L,2024-01-15,1582,1585.5,1569.4000244140625,1580,9835429
GSK,0,GSK.L,2024-01-16,1591.199951171875,1594.199951171875,1570.4000244140625,1581.800048828125,9469587
GSK,0,GSK.L,2024-01-17,1569.800048828125,1583.800048828125,1563.571044921875,1575.5999755859375,7758321
GSK,0,GSK.L,2024-01-18,1570.4000244140625,1573.199951171875,1550.199951171875,1555.5999755859375,7677731
GSK,0,GSK.L,2024-01-19,1560.5999755859375,1564.199951171875,1549.4000244140625,1563.5999755859375,12590707
GSK,0,GSK.L,2024-01-22,1562.800048828125,1562.800048828125,1533.4000244140625,1555.800048828125,6704340
GSK,0,GSK.L,2024-01-23,1554.800048828125,1558.5999755859375,1536.5999755859375,1554.199951171875,11751890
GSK,0,GSK.L,2024-01-24,1550.4000244140625,1559.199951171875,1538.802001953125,1554.800048828125,8998900
GSK,0,GSK.L,2024-01-25,1542.4000244140625,1549.4000244140625,1518.4000244140625,1521.199951171875,6789568
GSK,0,GSK.L,2024-01-26,1531,1549,1531,1537,7066032
GSK,0,GSK.L,2024-01-29,1541.199951171875,1552.5999755859375,1532.4000244140625,1533.5999755859375,5988660
GSK,0,GSK.L,2024-01-30,1532.199951171875,1555.800048828125,1530,1537.800048828125,7302953
GSK,0,GSK.L,2024-01-31,1535,1622.5999755859375,1514.800048828125,1568,15583461
GSK,0,GSK.L,2024-02-01,1582.800048828125,1603.199951171875,1560.5999755859375,1586.199951171875,22807519
GSK,0,GSK.L,2024-02-02,1598.5999755859375,1612.4000244140625,1575,1611.199951171875,13838549
GSK,0,GSK.L,2024-02-05,1624.800048828125,1670.0999755859375,1621.010009765625,1662.5999755859375,12160208
GSK,0,GSK.L,2024-02-06,1657.199951171875,1670.7989501953125,1643.4000244140625,1653,5042092
GSK,0,GSK.L,2024-02-07,1657.800048828125,1672.625,1647.5999755859375,1672.5999755859375,7619689
GSK,0,GSK.L,2024-02-08,1669,1674.4000244140625,1645.4000244140625,1651,7529989
GSK,0,GSK.L,2024-02-09,1658.5999755859375,1669,1654.199951171875,1660,15711890
GSK,0,GSK.L,2024-02-12,1659.800048828125,1659.800048828125,1621.800048828125,1626.4000244140625,11953062
GSK,0,GSK.L,2024-02-13,1644.5999755859375,1659.4000244140625,1632.4000244140625,1641.800048828125,15292856
GSK,0,GSK.L,2024-02-14,1670,1682.5999755859375,1663.4000244140625,1668,6152989
GSK,0,GSK.L,2024-02-15,1666.199951171875,1670.800048828125,1652.199951171875,1663,4310792
GSK,0,GSK.L,2024-02-16,1662,1679.4000244140625,1655.5999755859375,1676.4000244140625,11116560
GSK,0,GSK.L,2024-02-19,1676.4000244140625,1680,1659,1669.199951171875,9619953
GSK,0,GSK.L,2024-02-20,1669,1685,1655.2340087890625,1677.800048828125,7854112
GSK,0,GSK.L,2024-02-21,1660.5999755859375,1666,1655.4000244140625,1661,5008158
GSK,0,GSK.L,2024-02-22,1652.800048828125,1668.800048828125,1645,1668.800048828125,11409135
GSK,0,GSK.L,2024-02-23,1668.199951171875,1676,1666.199951171875,1672.4000244140625,14948226
GSK,0,GSK.L,2024-02-26,1672.800048828125,1685.199951171875,1667.4000244140625,1674.5999755859375,7089800
GSK,0,GSK.L,2024-02-27,1666,1676.800048828125,1661,1671,6051074
GSK,0,GSK.L,2024-02-28,1682.199951171875,1686.4000244140625,1666.4000244140625,1669.800048828125,18095433
GSK,0,GSK.L,2024-02-29,1674.800048828125,1699.199951171875,1664.4339599609375,1664.5999755859375,13427236
GSK,0,GSK.L,2024-03-01,1667.199951171875,1667.5999755859375,1648.800048828125,1661.800048828125,9285033
GSK,0,GSK.L,2024-03-04,1677.199951171875,1678.4000244140625,1658.800048828125,1667.800048828125,5099927
GSK,0,GSK.L,2024-03-05,1678.5999755859375,1685.4000244140625,1669.5999755859375,1683.4000244140625,5081612
GSK,0,GSK.L,2024-03-06,1670.4000244140625,1675.4000244140625,1657.5999755859375,1673.199951171875,6060100
GSK,0,GSK.L,2024-03-07,1699.800048828125,1719.800048828125,1691.8060302734375,1711.199951171875,10180509
GSK,0,GSK.L,2024-03-08,1697,1699.5999755859375,1668.800048828125,1673,6540303
GSK,0,GSK.L,2024-03-11,1683.4000244140625,1687.800048828125,1661.199951171875,1675,16453603
GSK,0,GSK.L,2024-03-12,1681.4000244140625,1688.800048828125,1676.4000244140625,1685.199951171875,4862779
GSK,0,GSK.L,2024-03-13,1685.4000244140625,1696.199951171875,1680.800048828125,1695.199951171875,9359088
GSK,0,GSK.L,2024-03-14,1700,1700,1679.4000244140625,1687.800048828125,5252450
GSK,0,GSK.L,2024-03-15,1687.800048828125,1692.199951171875,1646.4000244140625,1649.5999755859375,19016987
GSK,0,GSK.L,2024-03-18,1656.4000244140625,1663.5999755859375,1644.800048828125,1660.800048828125,9509166
GSK,0,GSK.L,2024-03-19,1662,1666.5999755859375,1655.5999755859375,1664.4000244140625,11400832
GSK,0,GSK.L,2024-03-20,1664,1667.800048828125,1645.199951171875,1646.800048828125,5685655
GSK,0,GSK.L,2024-03-21,1641.800048828125,1681.4000244140625,1638.5999755859375,1673.800048828125,5122293
GSK,0,GSK.L,2024-03-22,1678.4000244140625,1694,1678.4000244140625,1686.800048828125,10423834
GSK,0,GSK.L,2024-03-25,1683,1694.5999755859375,1679.4000244140625,1694.5999755859375,6432415
GSK,0,GSK.L,2024-03-26,1695.199951171875,1701,1686.4000244140625,1697.800048828125,7986785
GSK,0,GSK.L,2024-03-27,1700,1706.199951171875,1681.199951171875,1705.199951171875,4757689
GSK,0,GSK.L,2024-03-28,1701.5999755859375,1713,1699.2099609375,1708.5999755859375,9621623
GSK,0,GSK.L,2024-04-02,1653,1693,1651.5,1663,7111465
GSK,0,GSK.L,2024-04-03,1661.5,1665,1640,1654,7984399
GSK,0,GSK.L,2024-04-04,1654,1671,1635,1637.5,11770745
GSK,0,GSK.L,2024-04-05,1612,1629.5,1593.5,1629.5,7466898
GSK,0,GSK.L,2024-04-08,1629,1629.989990234375,1616,1620,4647859
GSK,0,GSK.L,2024-04-09,1612,1617.988037109375,1605.5,1616,7799267
GSK,0,GSK.L,2024-04-10,1625.5,1628,1606.5,1621,6449550
GSK,0,GSK.L,2024-04-11,1618.5,1642,1617.5,1629,8322643
GSK,0,GSK.L,2024-04-12,1631.5,1651.75,1628.5,1643.5,6715126
GSK,0,GSK.L,2024-04-15,1638.5,1648,1631,1643.5,5188791
GSK,0,GSK.L,2024-04-16,1626.5,1627.3759765625,1594.5,1610.5,8908709
GSK,0,GSK.L,2024-04-17,1598,1603,1576.5,1590,7387601
GSK,0,GSK.L,2024-04-18,1593,1600.239990234375,1580,1583.5,5914111
GSK,0,GSK.L,2024-04-19,1579.5,1600,1575,1599,5148976
GSK,0,GSK.L,2024-04-22,1618,1647.5,1610.5,1639.5,7020161
GSK,0,GSK.L,2024-04-23,1650.5,1656,1636.5,1651,4662620
GSK,0,GSK.L,2024-04-24,1656.5,1661.5,1635.5,1636,4326760
GSK,0,GSK.L,2024-04-25,1642,1656.5,1635,1640.5,5919718
GSK,0,GSK.L,2024-04-26,1638.5,1655.5,1633.989013671875,1653,3990452
GSK,0,GSK.L,2024-04-29,1650,1677,1646,1670,5911044
GSK,0,GSK.L,2024-04-30,1661.5,1679.5,1643,1673,7034492
GSK,0,GSK.L,2024-05-01,1685.5,1718,1673,1705,5852296
GSK,0,GSK.L,2024-05-02,1705,1739.56005859375,1696,1728.5,6275082
GSK,0,GSK.L,2024-05-03,1733,1743,1718,1733.5,4237169
GSK,0,GSK.L,2024-05-07,1736,1767.5,1736,1761,14302772
GSK,0,GSK.L,2024-05-08,1770,1776,1763.5,1773.5,6684170
GSK,0,GSK.L,2024-05-09,1780,1789.5,1762.5,1780.5,6397742
GSK,0,GSK.L,2024-05-10,1784,1799.5,1769.5,1799.5,9331037
GSK,0,GSK.L,2024-05-13,1797,1810.5,1786,1810,4236368
GSK,0,GSK.L,2024-05-14,1805,1821,1792,1810,4739266
GSK,0,GSK.L,2024-05-15,1811,1820,1799,1812.5,4861329
GSK,0,GSK.L,2024-05-16,1792.5,1823.5,1775.5,1783.5,5275161
GSK,0,GSK.L,2024-05-17,1773.5,1779.5,1764.5,1775,9685470
GSK,0,GSK.L,2024-05-20,1775.5,1778.5,1769,1775,2848470
GSK,0,GSK.L,2024-05-21,1770,1786,1740,1756,8286400
GSK,0,GSK.L,2024-05-22,1743.5,1792.5,1733.5,1788.5,10458116
GSK,0,GSK.L,2024-05-23,1796,1808.5,1772.5,1778,6820675
GSK,0,GSK.L,2024-05-24,1780,1793.5,1766.5,1774.5,4163301
GSK,0,GSK.L,2024-05-28,1776.5,1787.5,1740,1740,4684441
GSK,0,GSK.L,2024-05-29,1730,1750.5,1718.5,1746.5,10002359
GSK,0,GSK.L,2024-05-30,1748.5,1760.5,1730,1730,8017940
GSK,0,GSK.L,2024-05-31,1735.5,1766.5,1719.5,1766.5,17477217
GSK,0,GSK.L,2024-06-03,1616.5,1637.5,1589,1598,24107699
GSK,0,GSK.L,2024-06-04,1595,1626,1588,1615,18355030
GSK,0,GSK.L,2024-06-05,1631,1663.677001953125,1630.5,1650.5,8609959
GSK,0,GSK.L,2024-06-06,1650.5,1661,1627.5,1640,6693411
GSK,0,GSK.L,2024-06-07,1633,1650,1610.8079833984375,1629,6977567
GSK,0,GSK.L,2024-06-10,1618,1639,1607,1621,4498322
GSK,0,GSK.L,2024-06-11,1628,1640.5,1609,1615,20843358
GSK,0,GSK.L,2024-06-12,1614,1621,1595,1605,10253396
GSK,0,GSK.L,2024-06-13,1610,1618.5,1599.5,1610,3808061
GSK,0,GSK.L,2024-06-14,1611.5,1616,1599.5,1604.5,4229887
GSK,0,GSK.L,2024-06-17,1613,1613,1588.7509765625,1600,3788234
GSK,0,GSK.L,2024-06-18,1608,1619,1604.5,1612,4665533
GSK,0,GSK.L,2024-06-19,1607.5,1620,1594,1616.5,3034402
GSK,0,GSK.L,2024-06-20,1619.5,1629,1606,1618,3916050
GSK,0,GSK.L,2024-06-21,1608,1628,1575,1599,16605898
GSK,0,GSK.L,2024-06-24,1601.5,1628,1593,1608.5,18591253
GSK,0,GSK.L,2024-06-25,1604.5,1618.5,1586.5,1595,9780496
GSK,0,GSK.L,2024-06-26,1600.5,1612.75,1591,1599.5,5248815
GSK,0,GSK.L,2024-06-27,1503.5,1537.594970703125,1484,1526,10696974
GSK,0,GSK.L,2024-06-28,1537,1541.5,1522.9990234375,1529.5,8074723
GSK,0,GSK.L,2024-07-01,1519.5,1539,1510.5,1526,5861498
GSK,0,GSK.L,2024-07-02,1515.5,1535.5,1494,1503.5,7042481
GSK,0,GSK.L,2024-07-03,1513.5,1513.5,1496.5,1503.5,9870467
GSK,0,GSK.L,2024-07-04,1514,1524.260009765625,1494,1510.5,3952157
GSK,0,GSK.L,2024-07-05,1511.5,1527.5,1486,1511,8159309
GSK,0,GSK.L,2024-07-08,1498,1520,1487,1509.5,9936469
GSK,0,GSK.L,2024-07-09,1515,1526.01904296875,1501.5,1510,4954956
GSK,0,GSK.L,2024-07-10,1511,1520,1498,1505,7880630
GSK,0,GSK.L,2024-07-11,1506.5,1516.5,1495.5,1505,5079140
GSK,0,GSK.L,2024-07-12,1521,1530.3060302734375,1495.5,1517,4415694
GSK,0,GSK.L,2024-07-15,1508.5,1526.5,1493.5,1498,4715333
GSK,0,GSK.L,2024-07-16,1488,1507,1479.5,1501,4144489
GSK,0,GSK.L,2024-07-17,1495.5,1533,1491.5,1528.5,4555730
GSK,0,GSK.L,2024-07-18,1541,1552,1519,1530,3550286
GSK,0,GSK.L,2024-07-19,1518.5,1538,1504,1522.5,8979300
GSK,0,GSK.L,2024-07-22,1531.5,1533,1522,1524.5,7106954
GSK,0,GSK.L,2024-07-23,1519.5,1539.27001953125,1504,1509.5,7683872
GSK,0,GSK.L,2024-07-24,1495.5,1510,1486,1510,12150266
GSK,0,GSK.L,2024-07-25,1517,1533,1508.5,1523.5,8388824
GSK,0,GSK.L,2024-07-26,1525,1669.260009765625,1521.5,1553,5189598
GSK,0,GSK.L,2024-07-29,1553.5,1572.5,1546,1557,4072719
GSK,0,GSK.L,2024-07-30,1550.5,1561.1070556640625,1542.5,1542.5,5901381
GSK,0,GSK.L,2024-07-31,1536,1550,1497,1512,17160571
GSK,0,GSK.L,2024-08-01,1519,1531,1504.5,1526,11375014
GSK,0,GSK.L,2024-08-02,1541,1591,1532.5,1562.5,10752269
GSK,0,GSK.L,2024-08-05,1566.5,1582,1543.5,1547,8244181
GSK,0,GSK.L,2024-08-06,1557,1558.5,1510.5,1521.5,6581137
GSK,0,GSK.L,2024-08-07,1523,1543.5,1518.5,1535,3417803
GSK,0,GSK.L,2024-08-08,1546,1570,1539,1560,5491239
GSK,0,GSK.L,2024-08-09,1563.5,1572,1547.5,1565.5,5529848
GSK,0,GSK.L,2024-08-12,1570.5,1581.5,1565,1572,4000418
GSK,0,GSK.L,2024-08-13,1571.5,1592.5,1566,1592.5,3669172
GSK,0,GSK.L,2024-08-14,1594,1603.5,1591,1597.5,3789501
GSK,0,GSK.L,2024-08-15,1591.5,1606.5,1585.0379638671875,1596,15070586
GSK,0,GSK.L,2024-08-16,1594,1599,1586.3780517578125,1591,3002630
GSK,0,GSK.L,2024-08-19,1588,1602,1583.5,1599,2775329
GSK,0,GSK.L,2024-08-20,1597.5,1601,1582,1592,2110863
GSK,0,GSK.L,2024-08-21,1593,1604,1588,1596,9706966
GSK,0,GSK.L,2024-08-22,1595.5,1602.5,1592,1597,5388069
GSK,0,GSK.L,2024-08-23,1600.5,1608,1595.5,1602.5,8078528
GSK,0,GSK.L,2024-08-27,1607.5,1630.5,1607.5,1618,10440961
GSK,0,GSK.L,2024-08-28,1652,1662.7159423828125,1632.5,1651.5,7651709
GSK,0,GSK.L,2024-08-29,1662.5,1669.5,1649,1651.5,3169521
GSK,0,GSK.L,2024-08-30,1653,1668,1653,1657,10049305
GSK,0,GSK.L,2024-09-02,1660,1664.5,1640,1650.5,5002812
GSK,0,GSK.L,2024-09-03,1650,1667,1649,1655,7947443
GSK,0,GSK.L,2024-09-04,1644,1664,1638.5,1664,3190669
GSK,0,GSK.L,2024-09-05,1668,1671,1634.5,1639,6668397
GSK,0,GSK.L,2024-09-06,1635,1660,1631,1651.5,5868528
GSK,0,GSK.L,2024-09-09,1665,1678.6800537109375,1651.324951171875,1663.5,4544128
GSK,0,GSK.L,2024-09-10,1663.5,1678,1656.5,1671,5947509
GSK,0,GSK.L,2024-09-11,1656,1675,1652.8299560546875,1654.5,7358133
GSK,0,GSK.L,2024-09-12,1664.5,1668,1638.5,1638.5,9143024
GSK,0,GSK.L,2024-09-13,1625.5,1640.58203125,1624,1633.5,4637291
GSK,0,GSK.L,2024-09-16,1628,1634,1619.8900146484375,1632,2580570
GSK,0,GSK.L,2024-09-17,1645,1649.2530517578125,1606.5,1609.5,5669818
GSK,0,GSK.L,2024-09-18,1605,1612,1595.5,1604,21935673
GSK,0,GSK.L,2024-09-19,1605.5,1610,1557,1574.5,7763911
GSK,0,GSK.L,2024-09-20,1558,1567,1534.136962890625,1536,15431743
GSK,0,GSK.L,2024-09-23,1525,1542.5,1522.5,1527.5,8966079
GSK,0,GSK.L,2024-09-24,1528,1532.5,1513.5,1530.5,7337207
GSK,0,GSK.L,2024-09-25,1532.5,1537,1520,1527,5839947
GSK,0,GSK.L,2024-09-26,1527,1538.5,1513,1522,7041950
GSK,0,GSK.L,2024-09-27,1525,1541.5,1524,1537,5889331
GSK,0,GSK.L,2024-09-30,1526,1536,1513.824951171875,1516.5,6971001
HSBC,1,HSBC,2024-01-02,40.11000061035156,40.279998779296875,39.90999984741211,40.119998931884766,1870400
HSBC,1,HSBC,2024-01-03,39.9900016784668,40.09000015258789,39.81999969482422,40,1730400
HSBC,1,HSBC,2024-01-04,40.119998931884766,40.529998779296875,40.099998474121094,40.310001373291016,1805300
HSBC,1,HSBC,2024-01-05,40.41999816894531,40.90999984741211,40.41999816894531,40.7400016784668,1627700
HSBC,1,HSBC,2024-01-08,41.02000045776367,41.43000030517578,40.91999816894531,41.43000030517578,2133200
HSBC,1,HSBC,2024-01-09,40.880001068115234,40.93000030517578,40.560001373291016,40.58000183105469,2700800
HSBC,1,HSBC,2024-01-10,40.52000045776367,40.70000076293945,40.4900016784668,40.63999938964844,1708700
HSBC,1,HSBC,2024-01-11,40.20000076293945,40.22999954223633,39.290000915527344,39.41999816894531,4935700
HSBC,1,HSBC,2024-01-12,39.599998474121094,39.7400016784668,39.209999084472656,39.380001068115234,2626700
HSBC,1,HSBC,2024-01-16,38.09000015258789,38.150001525878906,37.86000061035156,37.95000076293945,4905300
HSBC,1,HSBC,2024-01-17,37.34000015258789,37.650001525878906,37.25,37.58000183105469,3026600
HSBC,1,HSBC,2024-01-18,37.880001068115234,37.959999084472656,37.66999816894531,37.88999938964844,2044500
HSBC,1,HSBC,2024-01-19,37.63999938964844,38.0099983215332,37.560001373291016,37.9900016784668,2328400
HSBC,1,HSBC,2024-01-22,38.290000915527344,38.52000045776367,38.2400016784668,38.33000183105469,2245200
HSBC,1,HSBC,2024-01-23,38.400001525878906,38.529998779296875,38.310001373291016,38.43000030517578,1727600
HSBC,1,HSBC,2024-01-24,39.099998474121094,39.11000061035156,38.75,38.75,1727100
HSBC,1,HSBC,2024-01-25,39.029998779296875,39.04999923706055,38.7599983215332,39,1541100
HSBC,1,HSBC,2024-01-26,39.65999984741211,39.72999954223633,39.47999954223633,39.650001525878906,1741100
HSBC,1,HSBC,2024-01-29,39.56999969482422,39.689998626708984,39.31999969482422,39.68000030517578,1026100
HSBC,1,HSBC,2024-01-30,39.59000015258789,39.880001068115234,39.59000015258789,39.86000061035156,1286900
HSBC,1,HSBC,2024-01-31,39.970001220703125,40.040000915527344,39.310001373291016,39.33000183105469,2625900
HSBC,1,HSBC,2024-02-01,39.619998931884766,39.619998931884766,39.060001373291016,39.5,2066000
HSBC,1,HSBC,2024-02-02,39.380001068115234,39.47999954223633,39.130001068115234,39.349998474121094,1942400
HSBC,1,HSBC,2024-02-05,39.34000015258789,39.41999816894531,39.060001373291016,39.34000015258789,1796300
HSBC,1,HSBC,2024-02-06,39.880001068115234,40.20000076293945,39.81999969482422,39.9900016784668,2130300
HSBC,1,HSBC,2024-02-07,40.04999923706055,40.08000183105469,39.75,39.95000076293945,1970800
HSBC,1,HSBC,2024-02-08,39.41999816894531,39.529998779296875,39.15999984741211,39.25,1882400
HSBC,1,HSBC,2024-02-09,38.90999984741211,39.029998779296875,38.70000076293945,39.029998779296875,1315100
HSBC,1,HSBC,2024-02-12,38.59000015258789,38.959999084472656,38.59000015258789,38.83000183105469,1449800
HSBC,1,HSBC,2024-02-13,38.959999084472656,38.97999954223633,38.439998626708984,38.650001525878906,2257100
HSBC,1,HSBC,2024-02-14,39.220001220703125,39.380001068115234,39.060001373291016,39.290000915527344,1821600
HSBC,1,HSBC,2024-02-15,39.470001220703125,39.880001068115234,39.40999984741211,39.869998931884766,1454000
HSBC,1,HSBC,2024-02-16,40.2400016784668,40.459999084472656,40.099998474121094,40.31999969482422,1823900
HSBC,1,HSBC,2024-02-20,40.72999954223633,40.93000030517578,40.709999084472656,40.849998474121094,1727400
HSBC,1,HSBC,2024-02-21,37.4900016784668,37.63999938964844,37.11000061035156,37.220001220703125,8242200
HSBC,1,HSBC,2024-02-22,37.40999984741211,37.77000045776367,37.34000015258789,37.709999084472656,4341500
HSBC,1,HSBC,2024-02-23,38.16999816894531,38.310001373291016,38.04999923706055,38.20000076293945,2315500
HSBC,1,HSBC,2024-02-26,38.119998931884766,38.20000076293945,37.84000015258789,38.08000183105469,2002800
HSBC,1,HSBC,2024-02-27,38.43000030517578,38.5,38.33000183105469,38.36000061035156,2930000
HSBC,1,HSBC,2024-02-28,38.810001373291016,38.900001525878906,38.34000015258789,38.4900016784668,4268500
HSBC,1,HSBC,2024-02-29,39.2599983215332,39.310001373291016,38.79999923706055,39.18000030517578,4169100
HSBC,1,HSBC,2024-03-01,39.060001373291016,39.15999984741211,38.790000915527344,38.97999954223633,2206000
HSBC,1,HSBC,2024-03-04,38.689998626708984,38.90999984741211,38.68000030517578,38.779998779296875,2124700
HSBC,1,HSBC,2024-03-05,38.72999954223633,39.119998931884766,38.72999954223633,38.93000030517578,2212500
HSBC,1,HSBC,2024-03-06,39.150001525878906,39.34000015258789,38.9900016784668,39.22999954223633,3372800
HSBC,1,HSBC,2024-03-07,37.83000183105469,38.029998779296875,37.709999084472656,37.880001068115234,2194500
HSBC,1,HSBC,2024-03-08,37.56999969482422,37.720001220703125,37.36000061035156,37.439998626708984,1886400
HSBC,1,HSBC,2024-03-11,37.029998779296875,37.20000076293945,36.93000030517578,37.130001068115234,2471600
HSBC,1,HSBC,2024-03-12,37.97999954223633,38.09000015258789,37.84000015258789,38.0099983215332,2409500
HSBC,1,HSBC,2024-03-13,38.119998931884766,38.189998626708984,37.790000915527344,37.9900016784668,2041000
HSBC,1,HSBC,2024-03-14,37.720001220703125,37.810001373291016,37.380001068115234,37.529998779296875,1389600
HSBC,1,HSBC,2024-03-15,38.09000015258789,38.290000915527344,38.040000915527344,38.209999084472656,2243400
HSBC,1,HSBC,2024-03-18,38.70000076293945,38.70000076293945,38.36000061035156,38.41999816894531,1936100
HSBC,1,HSBC,2024-03-19,38.369998931884766,38.56999969482422,38.34000015258789,38.5,1294000
HSBC,1,HSBC,2024-03-20,38.380001068115234,39.060001373291016,38.349998474121094,39.060001373291016,2356900
HSBC,1,HSBC,2024-03-21,39.40999984741211,39.7400016784668,39.380001068115234,39.5,2476800
HSBC,1,HSBC,2024-03-22,39.70000076293945,39.7400016784668,39.47999954223633,39.52000045776367,1318600
HSBC,1,HSBC,2024-03-25,39.43000030517578,39.689998626708984,39.43000030517578,39.52000045776367,1659900
HSBC,1,HSBC,2024-03-26,39.709999084472656,39.810001373291016,39.65999984741211,39.70000076293945,1994400
HSBC,1,HSBC,2024-03-27,39.04999923706055,39.15999984741211,38.939998626708984,38.9900016784668,2310500
HSBC,1,HSBC,2024-03-28,39.560001373291016,39.59000015258789,39.20000076293945,39.36000061035156,1779100
HSBC,1,HSBC,2024-04-01,39.369998931884766,39.45000076293945,39.08000183105469,39.310001373291016,1314900
HSBC,1,HSBC,2024-04-02,39.130001068115234,39.34000015258789,39.040000915527344,39.31999969482422,1379200
HSBC,1,HSBC,2024-04-03,39.59000015258789,40.18000030517578,39.54999923706055,40.130001068115234,1875600
HSBC,1,HSBC,2024-04-04,40.88999938964844,40.959999084472656,40.119998931884766,40.16999816894531,3000100
HSBC,1,HSBC,2024-04-05,40.40999984741211,40.720001220703125,40.2599983215332,40.720001220703125,1404000
HSBC,1,HSBC,2024-04-08,40.86000061035156,41.06999969482422,40.7599983215332,41.0099983215332,1553100
HSBC,1,HSBC,2024-04-09,41.2400016784668,41.33000183105469,40.939998626708984,41.15999984741211,1930700
HSBC,1,HSBC,2024-04-10,41.560001373291016,41.869998931884766,41.45000076293945,41.810001373291016,3240300
HSBC,1,HSBC,2024-04-11,40.939998626708984,41.060001373291016,40.529998779296875,40.95000076293945,2059400
HSBC,1,HSBC,2024-04-12,41.060001373291016,41.209999084472656,40.54999923706055,40.630001068115234,3373500
HSBC,1,HSBC,2024-04-15,41.27000045776367,41.400001525878906,40.47999954223633,40.56999969482422,2462800
HSBC,1,HSBC,2024-04-16,39.83000183105469,39.869998931884766,39.459999084472656,39.650001525878906,2894200
HSBC,1,HSBC,2024-04-17,40.130001068115234,40.25,39.779998779296875,39.97999954223633,1721300
HSBC,1,HSBC,2024-04-18,40.2599983215332,40.470001220703125,40.150001525878906,40.38999938964844,1544900
HSBC,1,HSBC,2024-04-19,40.060001373291016,40.560001373291016,40,40.52000045776367,1663900
HSBC,1,HSBC,2024-04-22,41.27000045776367,41.72999954223633,41.20000076293945,41.619998931884766,2107300
HSBC,1,HSBC,2024-04-23,41.56999969482422,41.93000030517578,41.540000915527344,41.88999938964844,1583700
HSBC,1,HSBC,2024-04-24,41.63999938964844,41.7599983215332,41.470001220703125,41.689998626708984,1555200
HSBC,1,HSBC,2024-04-25,41.34000015258789,41.88999938964844,41.31999969482422,41.810001373291016,1766200
HSBC,1,HSBC,2024-04-26,41.849998474121094,41.970001220703125,41.630001068115234,41.900001525878906,1402800
HSBC,1,HSBC,2024-04-29,42.220001220703125,42.349998474121094,42.11000061035156,42.18000030517578,1616400
HSBC,1,HSBC,2024-04-30,44.04999923706055,44.22999954223633,43.56999969482422,43.58000183105469,3405900
HSBC,1,HSBC,2024-05-01,43.810001373291016,43.959999084472656,43.5099983215332,43.650001525878906,2274400
HSBC,1,HSBC,2024-05-02,44.650001525878906,44.70000076293945,44.209999084472656,44.5099983215332,2160700
HSBC,1,HSBC,2024-05-03,44.66999816894531,44.810001373291016,44.45000076293945,44.45000076293945,1466100
HSBC,1,HSBC,2024-05-06,44.7400016784668,44.81999969482422,44.4900016784668,44.779998779296875,1276700
HSBC,1,HSBC,2024-05-07,45.150001525878906,45.290000915527344,44.93000030517578,44.97999954223633,1782400
HSBC,1,HSBC,2024-05-08,45.310001373291016,45.459999084472656,45.15999984741211,45.400001525878906,1621300
HSBC,1,HSBC,2024-05-09,43.540000915527344,43.63999938964844,43.400001525878906,43.4900016784668,1445400
HSBC,1,HSBC,2024-05-10,43.790000915527344,43.91999816894531,43.59000015258789,43.599998474121094,1825800
HSBC,1,HSBC,2024-05-13,43.9900016784668,44.06999969482422,43.81999969482422,43.970001220703125,1269200
HSBC,1,HSBC,2024-05-14,44.439998626708984,44.81999969482422,44.34000015258789,44.720001220703125,1674400
HSBC,1,HSBC,2024-05-15,44.529998779296875,44.79999923706055,44.52000045776367,44.77000045776367,1105000
HSBC,1,HSBC,2024-05-16,45.38999938964844,45.38999938964844,43.83000183105469,44.43000030517578,4597700
HSBC,1,HSBC,2024-05-17,44.369998931884766,44.65999984741211,44.31999969482422,44.540000915527344,1125800
HSBC,1,HSBC,2024-05-20,44.47999954223633,44.529998779296875,44.18000030517578,44.189998626708984,977300
HSBC,1,HSBC,2024-05-21,44.349998474121094,44.61000061035156,44.29999923706055,44.58000183105469,1208400
HSBC,1,HSBC,2024-05-22,44.5099983215332,44.599998474121094,44.099998474121094,44.209999084472656,1181200
HSBC,1,HSBC,2024-05-23,44.29999923706055,44.369998931884766,43.790000915527344,43.79999923706055,1392400
HSBC,1,HSBC,2024-05-24,44.36000061035156,44.650001525878906,44.310001373291016,44.380001068115234,1198800
HSBC,1,HSBC,2024-05-28,44.029998779296875,44.400001525878906,43.95000076293945,44.15999984741211,1506300
HSBC,1,HSBC,2024-05-29,43.869998931884766,43.93000030517578,43.66999816894531,43.7400016784668,1185400
HSBC,1,HSBC,2024-05-30,44.25,44.5,44.18000030517578,44.310001373291016,1540600
HSBC,1,HSBC,2024-05-31,44.47999954223633,44.720001220703125,44.290000915527344,44.650001525878906,1151600
HSBC,1,HSBC,2024-06-03,44.529998779296875,44.88999938964844,44.349998474121094,44.880001068115234,1386800
HSBC,1,HSBC,2024-06-04,44.380001068115234,44.56999969482422,44.25,44.540000915527344,1277800
HSBC,1,HSBC,2024-06-05,44.349998474121094,44.400001525878906,43.9900016784668,44.150001525878906,1299000
HSBC,1,HSBC,2024-06-06,44.459999084472656,44.619998931884766,44.33000183105469,44.540000915527344,866700
HSBC,1,HSBC,2024-06-07,44.720001220703125,44.7599983215332,44.41999816894531,44.43000030517578,1217300
HSBC,1,HSBC,2024-06-10,44.31999969482422,44.560001373291016,44.08000183105469,44.5099983215332,921300
HSBC,1,HSBC,2024-06-11,43.369998931884766,43.5099983215332,43.119998931884766,43.31999969482422,1609200
HSBC,1,HSBC,2024-06-12,44.400001525878906,44.459999084472656,43.72999954223633,43.869998931884766,1614700
HSBC,1,HSBC,2024-06-13,43.5,43.5,43.04999923706055,43.209999084472656,941400
HSBC,1,HSBC,2024-06-14,43.119998931884766,43.2400016784668,42.83000183105469,43.220001220703125,1143400
HSBC,1,HSBC,2024-06-17,43.38999938964844,43.709999084472656,43.2599983215332,43.70000076293945,876500
HSBC,1,HSBC,2024-06-18,43.72999954223633,43.97999954223633,43.58000183105469,43.720001220703125,1299300
HSBC,1,HSBC,2024-06-20,44.18000030517578,44.38999938964844,44.09000015258789,44.29999923706055,1455900
HSBC,1,HSBC,2024-06-21,43.45000076293945,43.63999938964844,43.29999923706055,43.5,1312900
HSBC,1,HSBC,2024-06-24,44.09000015258789,44.279998779296875,43.93000030517578,44.06999969482422,2381300
HSBC,1,HSBC,2024-06-25,43.86000061035156,43.93000030517578,43.650001525878906,43.83000183105469,770400
HSBC,1,HSBC,2024-06-26,43.54999923706055,43.77000045776367,43.4900016784668,43.709999084472656,735500
HSBC,1,HSBC,2024-06-27,43.959999084472656,44.04999923706055,43.650001525878906,43.72999954223633,1291500
HSBC,1,HSBC,2024-06-28,43.65999984741211,43.77000045776367,43.369998931884766,43.5,1151800
HSBC,1,HSBC,2024-07-01,43.90999984741211,44.18000030517578,43.7400016784668,43.810001373291016,882500
HSBC,1,HSBC,2024-07-02,43.84000015258789,44.11000061035156,43.689998626708984,44.08000183105469,849900
HSBC,1,HSBC,2024-07-03,44.0099983215332,44.20000076293945,43.75,43.900001525878906,1155700
HSBC,1,HSBC,2024-07-05,43.40999984741211,43.47999954223633,43.09000015258789,43.40999984741211,903800
HSBC,1,HSBC,2024-07-08,43.630001068115234,43.70000076293945,43.2400016784668,43.33000183105469,617300
HSBC,1,HSBC,2024-07-09,42.68000030517578,43.16999816894531,42.66999816894531,42.97999954223633,1483000
HSBC,1,HSBC,2024-07-10,42.970001220703125,43.290000915527344,42.939998626708984,43.20000076293945,752400
HSBC,1,HSBC,2024-07-11,43.41999816894531,43.5,43.31999969482422,43.36000061035156,980200
HSBC,1,HSBC,2024-07-12,43.650001525878906,43.880001068115234,43.56999969482422,43.779998779296875,1089700
HSBC,1,HSBC,2024-07-15,43.34000015258789,43.5099983215332,43.16999816894531,43.25,1830700
HSBC,1,HSBC,2024-07-16,43,43.54999923706055,42.88999938964844,43.529998779296875,1012000
HSBC,1,HSBC,2024-07-17,43.54999923706055,43.68000030517578,43.439998626708984,43.5,1140600
HSBC,1,HSBC,2024-07-18,43.540000915527344,43.59000015258789,42.939998626708984,43.02000045776367,1078900
HSBC,1,HSBC,2024-07-19,42.779998779296875,43.099998474121094,42.709999084472656,42.86000061035156,1526900
HSBC,1,HSBC,2024-07-22,43.4900016784668,43.540000915527344,43.20000076293945,43.470001220703125,830600
HSBC,1,HSBC,2024-07-23,43.060001373291016,43.290000915527344,43.029998779296875,43.22999954223633,690000
HSBC,1,HSBC,2024-07-24,43.119998931884766,43.2400016784668,42.86000061035156,42.869998931884766,1124600
HSBC,1,HSBC,2024-07-25,42.790000915527344,43.11000061035156,42.630001068115234,42.84000015258789,1400800
HSBC,1,HSBC,2024-07-26,42.7599983215332,43.369998931884766,42.72999954223633,43.279998779296875,2185500
HSBC,1,HSBC,2024-07-29,43.400001525878906,43.439998626708984,43.16999816894531,43.29999923706055,1426300
HSBC,1,HSBC,2024-07-30,43.459999084472656,43.66999816894531,43.41999816894531,43.529998779296875,1624100
HSBC,1,HSBC,2024-07-31,44.790000915527344,45.529998779296875,44.689998626708984,45.150001525878906,3417300
HSBC,1,HSBC,2024-08-01,42.93000030517578,43.0099983215332,42.09000015258789,42.459999084472656,4592000
HSBC,1,HSBC,2024-08-02,41.439998626708984,41.59000015258789,40.90999984741211,41.29999923706055,3442400
HSBC,1,HSBC,2024-08-05,39.630001068115234,40.619998931884766,39.41999816894531,40.41999816894531,2930500
HSBC,1,HSBC,2024-08-06,40.029998779296875,40.7400016784668,39.939998626708984,40.630001068115234,2238800
HSBC,1,HSBC,2024-08-07,41.38999938964844,41.52000045776367,40.72999954223633,40.790000915527344,1471700
HSBC,1,HSBC,2024-08-08,40.9900016784668,41.310001373291016,40.90999984741211,41.220001220703125,1213200
HSBC,1,HSBC,2024-08-09,41.18000030517578,41.58000183105469,41.119998931884766,41.560001373291016,1171200
HSBC,1,HSBC,2024-08-12,41.599998474121094,41.72999954223633,41.439998626708984,41.459999084472656,1189900
HSBC,1,HSBC,2024-08-13,41.7599983215332,42.029998779296875,41.68000030517578,42,1102300
HSBC,1,HSBC,2024-08-14,42.099998474121094,42.25,42.060001373291016,42.18000030517578,1277600
HSBC,1,HSBC,2024-08-15,42.93000030517578,43.040000915527344,42.72999954223633,42.83000183105469,1436500
HSBC,1,HSBC,2024-08-16,42.560001373291016,42.779998779296875,42.529998779296875,42.7599983215332,1198200
HSBC,1,HSBC,2024-08-19,43.119998931884766,43.5099983215332,43.11000061035156,43.4900016784668,1426100
HSBC,1,HSBC,2024-08-20,42.72999954223633,42.90999984741211,42.63999938964844,42.720001220703125,1303800
HSBC,1,HSBC,2024-08-21,43.119998931884766,43.20000076293945,42.959999084472656,43.189998626708984,1181500
HSBC,1,HSBC,2024-08-22,43.20000076293945,43.27000045776367,42.970001220703125,43.029998779296875,1161200
HSBC,1,HSBC,2024-08-23,43.279998779296875,43.70000076293945,43.2400016784668,43.650001525878906,1406100
HSBC,1,HSBC,2024-08-26,43.70000076293945,43.91999816894531,43.599998474121094,43.70000076293945,834600
HSBC,1,HSBC,2024-08-27,44.0099983215332,44.25,43.959999084472656,44.16999816894531,1969100
HSBC,1,HSBC,2024-08-28,43.68000030517578,44,43.630001068115234,43.95000076293945,947800
HSBC,1,HSBC,2024-08-29,44.02000045776367,44.22999954223633,43.810001373291016,44.11000061035156,1108600
HSBC,1,HSBC,2024-08-30,44.099998474121094,44.5,44.06999969482422,44.459999084472656,1325700
HSBC,1,HSBC,2024-09-03,43.810001373291016,43.86000061035156,43.310001373291016,43.41999816894531,2568100
HSBC,1,HSBC,2024-09-04,43.66999816894531,43.88999938964844,43.5099983215332,43.54999923706055,1022000
HSBC,1,HSBC,2024-09-05,44.34000015258789,44.38999938964844,43.75,43.939998626708984,1569900
HSBC,1,HSBC,2024-09-06,43.650001525878906,43.86000061035156,42.83000183105469,42.869998931884766,1434700
HSBC,1,HSBC,2024-09-09,43.65999984741211,43.93000030517578,43.58000183105469,43.7400016784668,1173100
HSBC,1,HSBC,2024-09-10,43.349998474121094,43.41999816894531,42.560001373291016,43.04999923706055,1924000
HSBC,1,HSBC,2024-09-11,43.029998779296875,43.09000015258789,42.380001068115234,43.02000045776367,2234200
HSBC,1,HSBC,2024-09-12,43.20000076293945,43.38999938964844,42.869998931884766,43.33000183105469,1144800
HSBC,1,HSBC,2024-09-13,43.529998779296875,43.810001373291016,43.4900016784668,43.63999938964844,848800
HSBC,1,HSBC,2024-09-16,43.38999938964844,43.709999084472656,43.380001068115234,43.68000030517578,840800
HSBC,1,HSBC,2024-09-17,44.11000061035156,44.13999938964844,43.630001068115234,43.68000030517578,1097600
HSBC,1,HSBC,2024-09-18,43.93000030517578,44.290000915527344,43.720001220703125,43.90999984741211,1172000
HSBC,1,HSBC,2024-09-19,44.70000076293945,44.83000183105469,44.36000061035156,44.709999084472656,1340600
HSBC,1,HSBC,2024-09-20,44.349998474121094,44.36000061035156,44.060001373291016,44.16999816894531,1329400
HSBC,1,HSBC,2024-09-23,44.959999084472656,45.119998931884766,44.849998474121094,45.06999969482422,1375300
HSBC,1,HSBC,2024-09-24,45.45000076293945,45.47999954223633,45.09000015258789,45.220001220703125,1213100
HSBC,1,HSBC,2024-09-25,45.13999938964844,45.18000030517578,44.650001525878906,44.66999816894531,1186900
HSBC,1,HSBC,2024-09-26,45.779998779296875,46.06999969482422,45.59000015258789,45.90999984741211,1572400
HSBC,1,HSBC,2024-09-27,45.849998474121094,45.970001220703125,45.619998931884766,45.619998931884766,1072300
HSBC,1,HSBC,2024-09-30,45.310001373291016,45.31999969482422,44.93000030517578,45.189998626708984,998100
HSBC,0,HSBA.L,2024-01-02,632.7000122070312,634.7000122070312,626,630.5,39992864
HSBC,0,HSBA.L,2024-01-03,634.0999755859375,636.4000244140625,624.5999755859375,625.4000244140625,26407890
HSBC,0,HSBA.L,2024-01-04,627.2000122070312,632.5999755859375,622.7000122070312,632.5,26385924
HSBC,0,HSBA.L,2024-01-05,631,635.5999755859375,628,634.2999877929688,56358956
HSBC,0,HSBA.L,2024-01-08,630.2000122070312,643.2000122070312,630.2000122070312,640,21200929
HSBC,0,HSBA.L,2024-01-09,638.7999877929688,640.2999877929688,634.5,634.5,48042479
HSBC,0,HSBA.L,2024-01-10,633.4000244140625,635.5,629.7000122070312,630.7000122070312,19739089
HSBC,0,HSBA.L,2024-01-11,632.4000244140625,633.9000244140625,611.4000244140625,611.4000244140625,69070482
HSBC,0,HSBA.L,2024-01-12,616.0999755859375,618.0999755859375,609.7999877929688,610.0999755859375,22011630
HSBC,0,HSBA.L,2024-01-15,599.0999755859375,612.5,591.7000122070312,596.4000244140625,32884376
HSBC,0,HSBA.L,2024-01-16,595.5999755859375,596.4000244140625,588.7000122070312,593.5,25433948
HSBC,0,HSBA.L,2024-01-17,586,587.7000122070312,581.7000122070312,587.7000122070312,24131792
HSBC,0,HSBA.L,2024-01-18,589.5999755859375,593.7999877929688,586,589.5,56327281
HSBC,0,HSBA.L,2024-01-19,592,594.0999755859375,587.4000244140625,588.4000244140625,24400575
HSBC,0,HSBA.L,2024-01-22,588.0999755859375,599.7000122070312,588.0999755859375,597.2000122070312,61548584
HSBC,0,HSBA.L,2024-01-23,596.9000244140625,602.5,594.2999877929688,598.7999877929688,65414910
HSBC,0,HSBA.L,2024-01-24,601.7000122070312,607.0999755859375,600.5,604.9000244140625,27986792
HSBC,0,HSBA.L,2024-01-25,606.5,609,602.5,604.9000244140625,16358428
HSBC,0,HSBA.L,2024-01-26,610.7999877929688,619.2999877929688,610.5,616.9000244140625,49109073
HSBC,0,HSBA.L,2024-01-29,619,622.2000122070312,617,617,22053588
HSBC,0,HSBA.L,2024-01-30,617.2000122070312,622.4000244140625,614.5,621.2000122070312,18308073
HSBC,0,HSBA.L,2024-01-31,618,625.2999877929688,617.2999877929688,618.2000122070312,41490462
HSBC,0,HSBA.L,2024-02-01,615.7999877929688,621.9000244140625,609.4500122070312,611.2000122070312,52940246
HSBC,0,HSBA.L,2024-02-02,617.0999755859375,618,611.5,614.0999755859375,48044233
HSBC,0,HSBA.L,2024-02-05,620.7000122070312,622.8499755859375,617.5,619.2000122070312,99168504
HSBC,0,HSBA.L,2024-02-06,626.0999755859375,633.9000244140625,625.9010009765625,632,38617671
HSBC,0,HSBA.L,2024-02-07,629.7999877929688,633.2000122070312,625.9000244140625,627.2000122070312,19790120
HSBC,0,HSBA.L,2024-02-08,625.7000122070312,627,616.7000122070312,617.7000122070312,22450255
HSBC,0,HSBA.L,2024-02-09,618.9000244140625,619.5,608.0999755859375,609.5,20501792
HSBC,0,HSBA.L,2024-02-12,607.5999755859375,611.0999755859375,601.7000122070312,608.4000244140625,24285482
HSBC,0,HSBA.L,2024-02-13,607.9000244140625,615.9000244140625,607,610.5,20597163
HSBC,0,HSBA.L,2024-02-14,618.2000122070312,625.7999877929688,617.7000122070312,620.7000122070312,23022225
HSBC,0,HSBA.L,2024-02-15,625,628.9000244140625,623.5,626.5999755859375,24051853
HSBC,0,HSBA.L,2024-02-16,629.5,639.5999755859375,627.5999755859375,638.7999877929688,29084164
HSBC,0,HSBA.L,2024-02-19,634.2000122070312,640.2000122070312,632.2000122070312,638.2000122070312,21133312
HSBC,0,HSBA.L,2024-02-20,636.2000122070312,644.0999755859375,636,643.7999877929688,34980834
HSBC,0,HSBA.L,2024-02-21,613,616.0999755859375,584.4000244140625,589.7999877929688,88244747
HSBC,0,HSBA.L,2024-02-22,598.0999755859375,600.5,587.7999877929688,590.5,77946571
HSBC,0,HSBA.L,2024-02-23,596.2000122070312,601.0999755859375,595.2999877929688,597.2000122070312,47054556
HSBC,0,HSBA.L,2024-02-26,600.2999877929688,600.6500244140625,592.7000122070312,595.7000122070312,89084463
HSBC,0,HSBA.L,2024-02-27,599,604.9000244140625,598.5,602.4000244140625,60013567
HSBC,0,HSBA.L,2024-02-28,605.4000244140625,613.4000244140625,601.9000244140625,609.5,52420210
HSBC,0,HSBA.L,2024-02-29,606.5999755859375,620.5,606.2000122070312,614.5,56956110
HSBC,0,HSBA.L,2024-03-01,617.7999877929688,624.780029296875,612.7000122070312,612.7999877929688,25741180
HSBC,0,HSBA.L,2024-03-04,609.0999755859375,613.698974609375,604.5,608.4000244140625,29293343
HSBC,0,HSBA.L,2024-03-05,604.4000244140625,611.5999755859375,600.5,610.0999755859375,50278186
HSBC,0,HSBA.L,2024-03-06,608.0999755859375,613.7000122070312,603.4000244140625,612,45095839
HSBC,0,HSBA.L,2024-03-07,586.4000244140625,594.239990234375,583.5999755859375,590.7000122070312,43620401
HSBC,0,HSBA.L,2024-03-08,589.7000122070312,590.0999755859375,579.7000122070312,579.9000244140625,43793152
HSBC,0,HSBA.L,2024-03-11,578.5,581,572.9000244140625,575.7999877929688,51557214
HSBC,0,HSBA.L,2024-03-12,585.2000122070312,594.2999877929688,584.0999755859375,592.5999755859375,55525865
HSBC,0,HSBA.L,2024-03-13,592.5999755859375,598.5999755859375,589.2999877929688,589.7000122070312,35428913
HSBC,0,HSBA.L,2024-03-14,590.2000122070312,590.5499877929688,584,586.4000244140625,44407570
HSBC,0,HSBA.L,2024-03-15,586.2000122070312,598.0999755859375,584.9000244140625,598,144608653
HSBC,0,HSBA.L,2024-03-18,596.7999877929688,607,596.4000244140625,602.5,37891932
HSBC,0,HSBA.L,2024-03-19,600,605.6900024414062,599.7999877929688,602.9000244140625,23063736
HSBC,0,HSBA.L,2024-03-20,600.9000244140625,608,599,605.4000244140625,34999580
HSBC,0,HSBA.L,2024-03-21,609.5,624,608.7999877929688,621.0999755859375,46221272
HSBC,0,HSBA.L,2024-03-22,619.5999755859375,629.7000122070312,619.4000244140625,624.9000244140625,31173104
HSBC,0,HSBA.L,2024-03-25,622.5,625.4000244140625,619.844970703125,624.5999755859375,20581329
HSBC,0,HSBA.L,2024-03-26,624,628.2000122070312,623,627.2999877929688,19146886
HSBC,0,HSBA.L,2024-03-27,621.5,622.0999755859375,612.5,615,21079290
HSBC,0,HSBA.L,2024-03-28,618.7999877929688,627.5,618,619,31683472
HSBC,0,HSBA.L,2024-04-02,629.2000122070312,632.4000244140625,619.4000244140625,621.4000244140625,25424009
HSBC,0,HSBA.L,2024-04-03,620.5,631.0999755859375,618.7000122070312,631.0999755859375,28446283
HSBC,0,HSBA.L,2024-04-04,634.5,644.4000244140625,633.0999755859375,641.7000122070312,30442640
HSBC,0,HSBA.L,2024-04-05,636.0999755859375,641.7999877929688,634,641.4000244140625,57354782
HSBC,0,HSBA.L,2024-04-08,639.7000122070312,646,637.5999755859375,644.5,17801945
HSBC,0,HSBA.L,2024-04-09,644.2000122070312,649.2000122070312,643.0999755859375,644.7000122070312,56964110
HSBC,0,HSBA.L,2024-04-10,650,665,649,663.2000122070312,53216145
HSBC,0,HSBA.L,2024-04-11,659.5999755859375,662.9000244140625,644.4000244140625,646.7000122070312,39103496
HSBC,0,HSBA.L,2024-04-12,647.5,660.0999755859375,647.5,653.4000244140625,31007911
HSBC,0,HSBA.L,2024-04-15,653,659.7999877929688,650,651.0999755859375,24347647
HSBC,0,HSBA.L,2024-04-16,642.5,642.5,630.5,631.7000122070312,27235255
HSBC,0,HSBA.L,2024-04-17,633,641.7999877929688,631.2000122070312,636.0999755859375,19309290
HSBC,0,HSBA.L,2024-04-18,639.2999877929688,645.5999755859375,637.5999755859375,644.5999755859375,56508011
HSBC,0,HSBA.L,2024-04-19,635.5,647.5999755859375,633.7999877929688,646.2000122070312,42777852
HSBC,0,HSBA.L,2024-04-22,655.7000122070312,669.7999877929688,653.2999877929688,666.5,25523717
HSBC,0,HSBA.L,2024-04-23,665.7999877929688,669.5999755859375,663.7999877929688,667.7000122070312,32647963
HSBC,0,HSBA.L,2024-04-24,666.5,668.4000244140625,662.2999877929688,663.5999755859375,21390323
HSBC,0,HSBA.L,2024-04-25,662.5,663.9000244140625,657.7000122070312,661.9000244140625,26470399
HSBC,0,HSBA.L,2024-04-26,663.0999755859375,665.7999877929688,661.0999755859375,663.5999755859375,15520886
HSBC,0,HSBA.L,2024-04-29,666.4000244140625,671.218017578125,666.4000244140625,668.0999755859375,20180940
HSBC,0,HSBA.L,2024-04-30,678.2000122070312,702.5,659.5999755859375,695.5999755859375,44382642
HSBC,0,HSBA.L,2024-05-01,693.2000122070312,697.6069946289062,696.7999877929688,697.5,1752322
HSBC,0,HSBA.L,2024-05-02,705.4000244140625,705.4000244140625,704.4359741210938,705,7966770
HSBC,0,HSBA.L,2024-05-03,706.5,714.4000244140625,700.7000122070312,705.5,16832563
HSBC,0,HSBA.L,2024-05-07,708.9000244140625,717.7000122070312,708.198974609375,712.5999755859375,55817425
HSBC,0,HSBA.L,2024-05-08,722.2999877929688,724.5,718,720.7999877929688,31193174
HSBC,0,HSBA.L,2024-05-09,700,725.2000122070312,690.9000244140625,690.9000244140625,24832537
HSBC,0,HSBA.L,2024-05-10,693.5999755859375,704.323974609375,686.7000122070312,696,21429600
HSBC,0,HSBA.L,2024-05-13,692.0999755859375,700.2000122070312,688.0999755859375,699.2000122070312,18083633
HSBC,0,HSBA.L,2024-05-14,700.7999877929688,708,695,706.4000244140625,80125072
HSBC,0,HSBA.L,2024-05-15,709,713.2999877929688,701.0999755859375,701.7000122070312,15971090
HSBC,0,HSBA.L,2024-05-16,707,714.5999755859375,685,696.5,35516089
HSBC,0,HSBA.L,2024-05-17,694,703.2000122070312,688.4000244140625,697,27895752
HSBC,0,HSBA.L,2024-05-20,696.0999755859375,697.9000244140625,694.7999877929688,695.5999755859375,15407264
HSBC,0,HSBA.L,2024-05-21,693.7999877929688,699.7999877929688,688.7999877929688,697.7000122070312,16019405
HSBC,0,HSBA.L,2024-05-22,697.7000122070312,703.5709838867188,691.9990234375,692.7999877929688,19973504
HSBC,0,HSBA.L,2024-05-23,696.2000122070312,700.2000122070312,688.5999755859375,691.4000244140625,16675622
HSBC,0,HSBA.L,2024-05-24,689.2999877929688,697.2000122070312,683.7999877929688,693.4000244140625,15148768
HSBC,0,HSBA.L,2024-05-28,693,697.5999755859375,683.5,688,20359945
HSBC,0,HSBA.L,2024-05-29,688.5,692.7000122070312,682.4000244140625,685.0999755859375,16614446
HSBC,0,HSBA.L,2024-05-30,681.7000122070312,694.0999755859375,677.5,692.7999877929688,23090714
HSBC,0,HSBA.L,2024-05-31,693.9000244140625,697.5,688.5999755859375,696.4000244140625,53598148
HSBC,0,HSBA.L,2024-06-03,699.2000122070312,701.0999755859375,691.0120239257812,693.2999877929688,16041403
HSBC,0,HSBA.L,2024-06-04,690.5,693.4000244140625,684.198974609375,690.2000122070312,22633804
HSBC,0,HSBA.L,2024-06-05,685.2000122070312,689.9000244140625,680.2000122070312,685.5,23768135
HSBC,0,HSBA.L,2024-06-06,685.5,693.9500122070312,681,692.2000122070312,13066947
HSBC,0,HSBA.L,2024-06-07,691.4000244140625,699.9000244140625,687.2000122070312,694.5999755859375,17531587
HSBC,0,HSBA.L,2024-06-10,690.5,698.7999877929688,688.5,693.5999755859375,19224837
HSBC,0,HSBA.L,2024-06-11,693.4000244140625,697.7999877929688,674,677.5999755859375,22207081
HSBC,0,HSBA.L,2024-06-12,681.2000122070312,689,673.5,681.7999877929688,18165743
HSBC,0,HSBA.L,2024-06-13,680.5999755859375,681.4000244140625,671.5999755859375,673.2000122070312,18065040
HSBC,0,HSBA.L,2024-06-14,678.5999755859375,680.5999755859375,670.2999877929688,676.7999877929688,25618242
HSBC,0,HSBA.L,2024-06-17,685,687.7999877929688,679.5,683,14710012
HSBC,0,HSBA.L,2024-06-18,684.7999877929688,689.7000122070312,680.2999877929688,686.5,25427180
HSBC,0,HSBA.L,2024-06-19,691.7999877929688,694.1500244140625,686.2999877929688,693,15842521
HSBC,0,HSBA.L,2024-06-20,690.2000122070312,698.7849731445312,686.2000122070312,697,16016072
HSBC,0,HSBA.L,2024-06-21,691,701.0999755859375,680.7999877929688,683.7000122070312,89803626
HSBC,0,HSBA.L,2024-06-24,683,701.2000122070312,679.0999755859375,690.7000122070312,42754421
HSBC,0,HSBA.L,2024-06-25,691.9000244140625,695.2000122070312,686.5,687,16325290
HSBC,0,HSBA.L,2024-06-26,691,694.4000244140625,683.2999877929688,688.0999755859375,24355511
HSBC,0,HSBA.L,2024-06-27,690,698.5679931640625,683.9000244140625,689.2999877929688,28742324
HSBC,0,HSBA.L,2024-06-28,696.7999877929688,698.2999877929688,683.9000244140625,683.9000244140625,24405412
HSBC,0,HSBA.L,2024-07-01,690.2999877929688,693.7999877929688,679.7000122070312,690.9000244140625,15905058
HSBC,0,HSBA.L,2024-07-02,691.5999755859375,695.7999877929688,685.9000244140625,688.9000244140625,17448210
HSBC,0,HSBA.L,2024-07-03,690.7000122070312,692.302001953125,682,685.2999877929688,16403286
HSBC,0,HSBA.L,2024-07-04,692.9000244140625,696.9000244140625,681.0999755859375,691.2999877929688,14192578
HSBC,0,HSBA.L,2024-07-05,686,695.5,670.7999877929688,673.5999755859375,25225180
HSBC,0,HSBA.L,2024-07-08,670.5,679.2999877929688,665.0999755859375,672.9000244140625,20154307
HSBC,0,HSBA.L,2024-07-09,666.2000122070312,677.7000122070312,662.7999877929688,669.5,26277635
HSBC,0,HSBA.L,2024-07-10,668.5,670.5,664.2999877929688,670.5,21761228
HSBC,0,HSBA.L,2024-07-11,672.2000122070312,676.7999877929688,666.4000244140625,669.4000244140625,12428210
HSBC,0,HSBA.L,2024-07-12,675.7000122070312,680.9000244140625,665.2999877929688,671.0999755859375,10681797
HSBC,0,HSBA.L,2024-07-15,665.9000244140625,675.2000122070312,661.9000244140625,663.7999877929688,13534070
HSBC,0,HSBA.L,2024-07-16,665.5999755859375,669.0999755859375,658.5,664,14160736
HSBC,0,HSBA.L,2024-07-17,663,667.0999755859375,658.906005859375,666.7000122070312,12892719
HSBC,0,HSBA.L,2024-07-18,671.7999877929688,675.0999755859375,662.5999755859375,663.5,13433977
HSBC,0,HSBA.L,2024-07-19,658.2999877929688,670.7999877929688,653.7000122070312,660.0999755859375,14701079
HSBC,0,HSBA.L,2024-07-22,666.0999755859375,670.2999877929688,662.7000122070312,667.5999755859375,52466189
HSBC,0,HSBA.L,2024-07-23,664.7999877929688,672.6539916992188,662.4000244140625,666.0999755859375,18838202
HSBC,0,HSBA.L,2024-07-24,664.5999755859375,665.5,616.030029296875,663,45977434
HSBC,0,HSBA.L,2024-07-25,657.5999755859375,661.7999877929688,650.7999877929688,661,22066428
HSBC,0,HSBA.L,2024-07-26,659.2999877929688,666.5999755859375,658.0999755859375,665.2000122070312,16601051
HSBC,0,HSBA.L,2024-07-29,667.9000244140625,678.5,667.7999877929688,670,38714477
HSBC,0,HSBA.L,2024-07-30,668.2000122070312,677.9000244140625,665,676.9000244140625,27722884
HSBC,0,HSBA.L,2024-07-31,689.9000244140625,705.7000122070312,688.4000244140625,704,56216682
HSBC,0,HSBA.L,2024-08-01,679.4000244140625,696.5999755859375,654.2999877929688,658.5,32965480
HSBC,0,HSBA.L,2024-08-02,659.9000244140625,662.4000244140625,633.7999877929688,636.2999877929688,62062786
HSBC,0,HSBA.L,2024-08-05,620.5,631,610.8870239257812,625.7999877929688,42207147
HSBC,0,HSBA.L,2024-08-06,632.9000244140625,634.5999755859375,623.0999755859375,628,22329195
HSBC,0,HSBA.L,2024-08-07,636.9000244140625,646.0999755859375,616.030029296875,640.5999755859375,17042177
HSBC,0,HSBA.L,2024-08-08,633.0999755859375,641.1220092773438,630,639.5999755859375,13944658
HSBC,0,HSBA.L,2024-08-09,643.4000244140625,644.4000244140625,638.7999877929688,642.5,10688306
HSBC,0,HSBA.L,2024-08-12,645,648.5,643.5,643.9000244140625,12588124
HSBC,0,HSBA.L,2024-08-13,647.7999877929688,648.7000122070312,644.2000122070312,645.5,17676532
HSBC,0,HSBA.L,2024-08-14,650.2999877929688,651.7000122070312,648.0999755859375,649.7999877929688,12951619
HSBC,0,HSBA.L,2024-08-15,646.2000122070312,657.1680297851562,643.7000122070312,655.7999877929688,12780172
HSBC,0,HSBA.L,2024-08-16,657.2999877929688,660.0700073242188,654.2999877929688,656.5999755859375,20039673
HSBC,0,HSBA.L,2024-08-19,654.2999877929688,664.5999755859375,654.2999877929688,663.5999755859375,10811368
HSBC,0,HSBA.L,2024-08-20,661.7000122070312,662.0999755859375,651.0999755859375,651.0999755859375,16016718
HSBC,0,HSBA.L,2024-08-21,652,657.5,616.030029296875,653.5,14780347
HSBC,0,HSBA.L,2024-08-22,652.5999755859375,657.7999877929688,651.4000244140625,654.0999755859375,28560923
HSBC,0,HSBA.L,2024-08-23,654.5,657.4000244140625,652.7000122070312,654.7000122070312,39776176
HSBC,0,HSBA.L,2024-08-27,658.2000122070312,664.7000122070312,655.4000244140625,660.9000244140625,20998532
HSBC,0,HSBA.L,2024-08-28,662.5,663.0999755859375,655.5999755859375,659.7000122070312,70025960
HSBC,0,HSBA.L,2024-08-29,660.9000244140625,665.4000244140625,659.2999877929688,660.7999877929688,31612842
HSBC,0,HSBA.L,2024-08-30,670.9000244140625,670.9000244140625,664.5,666.7000122070312,46269274
HSBC,0,HSBA.L,2024-09-02,665.5,672.0999755859375,663.0999755859375,665.9000244140625,10610343
HSBC,0,HSBA.L,2024-09-03,665,666.9190063476562,656,658.4000244140625,19449902
HSBC,0,HSBA.L,2024-09-04,652.7000122070312,661.7000122070312,650.0999755859375,658.7000122070312,13634826
HSBC,0,HSBA.L,2024-09-05,653.2000122070312,668.2999877929688,652.5,660.9000244140625,19615566
HSBC,0,HSBA.L,2024-09-06,658.5,660.9000244140625,647.5,648.7999877929688,14694992
HSBC,0,HSBA.L,2024-09-09,653.9000244140625,667.2999877929688,653.0999755859375,661.0999755859375,14039028
HSBC,0,HSBA.L,2024-09-10,662.5999755859375,663.7999877929688,648.5999755859375,649,19479459
HSBC,0,HSBA.L,2024-09-11,650,655.2000122070312,645.5,649.0999755859375,34282773
HSBC,0,HSBA.L,2024-09-12,659.5,663.4000244140625,651.5999755859375,655.5999755859375,19969877
HSBC,0,HSBA.L,2024-09-13,658.7000122070312,662.6589965820312,655.5999755859375,658.7000122070312,11139815
HSBC,0,HSBA.L,2024-09-16,654.2999877929688,655.7999877929688,647.2000122070312,654.7000122070312,13430718
HSBC,0,HSBA.L,2024-09-17,660.7000122070312,668.0009765625,659.9000244140625,661.7999877929688,22588755
HSBC,0,HSBA.L,2024-09-18,659.2000122070312,661.7000122070312,655.5999755859375,658.2999877929688,22931571
HSBC,0,HSBA.L,2024-09-19,666.2999877929688,671.5,663.2999877929688,669.2999877929688,37129120
HSBC,0,HSBA.L,2024-09-20,668,668.822021484375,658.7999877929688,660.5,89420506
HSBC,0,HSBA.L,2024-09-23,667.0999755859375,672.0999755859375,662.9000244140625,670.7000122070312,64610986
HSBC,0,HSBA.L,2024-09-24,673.2999877929688,683.4000244140625,671,672.2000122070312,45502774
HSBC,0,HSBA.L,2024-09-25,669.0999755859375,676.8779907226562,663.5540161132812,665.7999877929688,21315551
HSBC,0,HSBA.L,2024-09-26,673.0999755859375,682.0999755859375,670.4000244140625,679.7999877929688,38385550
HSBC,0,HSBA.L,2024-09-27,677.7999877929688,683.2000122070312,676.4000244140625,680.9000244140625,40184757
HSBC,0,HSBA.L,2024-09-30,676.9000244140625,680.2999877929688,669.2000122070312,669.2000122070312,20158641
BAT,1,BTI,2024-01-02,29.200000762939453,29.989999771118164,29.18000030517578,29.799999237060547,6277600
BAT,1,BTI,2024-01-03,29.68000030517578,29.969999313354492,29.540000915527344,29.889999389648438,4327600
BAT,1,BTI,2024-01-04,30,30.34000015258789,29.93000030517578,30.1299991607666,3731800
BAT,1,BTI,2024-01-05,30.229999542236328,30.420000076293945,30.1200008392334,30.280000686645508,3434100
BAT,1,BTI,2024-01-08,30.239999771118164,30.59000015258789,30.190000534057617,30.56999969482422,5202600
BAT,1,BTI,2024-01-09,30.5,30.510000228881836,30.100000381469727,30.309999465942383,5123600
BAT,1,BTI,2024-01-10,30.239999771118164,30.3700008392334,29.940000534057617,30.010000228881836,5514300
BAT,1,BTI,2024-01-11,30.229999542236328,30.309999465942383,29.899999618530273,30.299999237060547,6036700
BAT,1,BTI,2024-01-12,30.299999237060547,30.420000076293945,30.06999969482422,30.139999389648438,3971200
BAT,1,BTI,2024-01-16,29.899999618530273,30,29.68000030517578,29.739999771118164,6027500
BAT,1,BTI,2024-01-17,29.549999237060547,29.649999618530273,29.399999618530273,29.549999237060547,5686500
BAT,1,BTI,2024-01-18,29.399999618530273,29.459999084472656,29.049999237060547,29.360000610351562,4301900
BAT,1,BTI,2024-01-19,29.440000534057617,29.579999923706055,29.209999084472656,29.479999542236328,3740600
BAT,1,BTI,2024-01-22,29.59000015258789,29.959999084472656,29.489999771118164,29.649999618530273,5727100
BAT,1,BTI,2024-01-23,29.239999771118164,29.3799991607666,29.1200008392334,29.3700008392334,4658600
BAT,1,BTI,2024-01-24,29.709999084472656,29.729999542236328,29.329999923706055,29.420000076293945,4730600
BAT,1,BTI,2024-01-25,29.280000686645508,29.440000534057617,29.209999084472656,29.440000534057617,4053500
BAT,1,BTI,2024-01-26,29.809999465942383,29.889999389648438,29.600000381469727,29.65999984741211,3781100
BAT,1,BTI,2024-01-29,30.15999984741211,30.15999984741211,29.81999969482422,29.989999771118164,4658200
BAT,1,BTI,2024-01-30,29.93000030517578,30.059999465942383,29.770000457763672,30.040000915527344,2733700
BAT,1,BTI,2024-01-31,30.059999465942383,30.1299991607666,29.549999237060547,29.600000381469727,3749800
BAT,1,BTI,2024-02-01,29.68000030517578,30.260000228881836,29.649999618530273,30.209999084472656,4985400
BAT,1,BTI,2024-02-02,30.209999084472656,30.260000228881836,29.90999984741211,30.020000457763672,4558000
BAT,1,BTI,2024-02-05,29.989999771118164,30,29.700000762939453,29.709999084472656,4058600
BAT,1,BTI,2024-02-06,29.719999313354492,29.989999771118164,29.639999389648438,29.760000228881836,4386400
BAT,1,BTI,2024-02-07,29.729999542236328,29.75,29.31999969482422,29.40999984741211,4551200
BAT,1,BTI,2024-02-08,31.049999237060547,31.6299991607666,30.969999313354492,31.459999084472656,10479500
BAT,1,BTI,2024-02-09,30.729999542236328,30.90999984741211,30.56999969482422,30.75,5360000
BAT,1,BTI,2024-02-12,30.75,31.079999923706055,30.709999084472656,30.93000030517578,3811100
BAT,1,BTI,2024-02-13,30.639999389648438,30.719999313354492,30.329999923706055,30.459999084472656,5138000
BAT,1,BTI,2024-02-14,30.299999237060547,30.34000015258789,30.1200008392334,30.309999465942383,3053200
BAT,1,BTI,2024-02-15,30.489999771118164,30.649999618530273,30.450000762939453,30.559999465942383,3554800
BAT,1,BTI,2024-02-16,30.479999542236328,30.59000015258789,30.3700008392334,30.5,2830100
BAT,1,BTI,2024-02-20,30.030000686645508,30.3700008392334,30.030000686645508,30.299999237060547,4871000
BAT,1,BTI,2024-02-21,30,30.270000457763672,29.920000076293945,30.25,4825300
BAT,1,BTI,2024-02-22,30.25,30.510000228881836,30.100000381469727,30.469999313354492,4352300
BAT,1,BTI,2024-02-23,30.239999771118164,30.59000015258789,30.06999969482422,30.5,4572800
BAT,1,BTI,2024-02-26,30.459999084472656,30.459999084472656,30.06999969482422,30.219999313354492,4040400
BAT,1,BTI,2024-02-27,30.149999618530273,30.170000076293945,29.979999542236328,30.1200008392334,3954200
BAT,1,BTI,2024-02-28,29.969999313354492,29.989999771118164,29.59000015258789,29.729999542236328,4898900
BAT,1,BTI,2024-02-29,29.940000534057617,30.010000228881836,29.719999313354492,29.889999389648438,4090100
BAT,1,BTI,2024-03-01,29.790000915527344,29.799999237060547,29.540000915527344,29.780000686645508,3657000
BAT,1,BTI,2024-03-04,29.450000762939453,29.469999313354492,29.149999618530273,29.360000610351562,5781500
BAT,1,BTI,2024-03-05,29.31999969482422,29.579999923706055,29.25,29.420000076293945,4705200
BAT,1,BTI,2024-03-06,29.34000015258789,29.649999618530273,29.34000015258789,29.549999237060547,6139000
BAT,1,BTI,2024-03-07,29.450000762939453,29.56999969482422,29.389999389648438,29.530000686645508,4298900
BAT,1,BTI,2024-03-08,29.510000228881836,29.68000030517578,29.469999313354492,29.639999389648438,4650500
BAT,1,BTI,2024-03-11,29.530000686645508,30.209999084472656,29.420000076293945,30.040000915527344,7095000
BAT,1,BTI,2024-03-12,30.770000457763672,30.780000686645508,30.219999313354492,30.5,6027800
BAT,1,BTI,2024-03-13,30.6299991607666,30.899999618530273,30.6200008392334,30.860000610351562,3968600
BAT,1,BTI,2024-03-14,30.729999542236328,30.770000457763672,30.31999969482422,30.469999313354492,5187200
BAT,1,BTI,2024-03-15,30.3799991607666,30.56999969482422,30.040000915527344,30.299999237060547,7676100
BAT,1,BTI,2024-03-18,30.479999542236328,31.06999969482422,30.420000076293945,31.06999969482422,8979700
BAT,1,BTI,2024-03-19,30.90999984741211,31.209999084472656,30.90999984741211,31.09000015258789,7355600
BAT,1,BTI,2024-03-20,30.540000915527344,31.09000015258789,30.510000228881836,30.979999542236328,9129300
BAT,1,BTI,2024-03-21,30.31999969482422,30.399999618530273,30.09000015258789,30.149999618530273,5067900
BAT,1,BTI,2024-03-22,30.280000686645508,30.329999923706055,29.979999542236328,29.989999771118164,6421900
BAT,1,BTI,2024-03-25,30.030000686645508,30.290000915527344,30.030000686645508,30.049999237060547,4578500
BAT,1,BTI,2024-03-26,30.06999969482422,30.149999618530273,29.8799991607666,29.8799991607666,3768400
BAT,1,BTI,2024-03-27,29.90999984741211,30.350000381469727,29.899999618530273,30.34000015258789,4246900
BAT,1,BTI,2024-03-28,30.469999313354492,30.610000610351562,30.450000762939453,30.5,3170100
BAT,1,BTI,2024-04-01,30.59000015258789,30.6299991607666,30.350000381469727,30.350000381469727,2103800
BAT,1,BTI,2024-04-02,30.440000534057617,30.540000915527344,30.270000457763672,30.31999969482422,3189800
BAT,1,BTI,2024-04-03,30.18000030517578,30.219999313354492,30.030000686645508,30.100000381469727,3788200
BAT,1,BTI,2024-04-04,30.100000381469727,30.149999618530273,29.6299991607666,29.670000076293945,5750300
BAT,1,BTI,2024-04-05,29.6200008392334,29.649999618530273,29.34000015258789,29.600000381469727,5008700
BAT,1,BTI,2024-04-08,29.600000381469727,29.770000457763672,29.549999237060547,29.700000762939453,3856300
BAT,1,BTI,2024-04-09,29.709999084472656,29.8700008392334,29.469999313354492,29.850000381469727,6490700
BAT,1,BTI,2024-04-10,29.399999618530273,29.420000076293945,29.010000228881836,29.149999618530273,9770500
BAT,1,BTI,2024-04-11,29.299999237060547,29.31999969482422,28.940000534057617,29.100000381469727,5039500
BAT,1,BTI,2024-04-12,29.09000015258789,29.149999618530273,28.559999465942383,28.6200008392334,7606700
BAT,1,BTI,2024-04-15,28.670000076293945,28.809999465942383,28.360000610351562,28.510000228881836,6142200
BAT,1,BTI,2024-04-16,28.3799991607666,28.469999313354492,28.25,28.3799991607666,4691000
BAT,1,BTI,2024-04-17,28.479999542236328,28.639999389648438,28.420000076293945,28.59000015258789,3894300
BAT,1,BTI,2024-04-18,28.670000076293945,28.84000015258789,28.6200008392334,28.81999969482422,3618600
BAT,1,BTI,2024-04-19,28.649999618530273,29.110000610351562,28.639999389648438,29.049999237060547,5582600
BAT,1,BTI,2024-04-22,29.1299991607666,29.43000030517578,29.06999969482422,29.40999984741211,5598400
BAT,1,BTI,2024-04-23,29.440000534057617,29.639999389648438,29.43000030517578,29.559999465942383,4166900
BAT,1,BTI,2024-04-24,29.530000686645508,29.559999465942383,29.280000686645508,29.489999771118164,6449500
BAT,1,BTI,2024-04-25,29.450000762939453,29.549999237060547,29.1299991607666,29.399999618530273,5682800
BAT,1,BTI,2024-04-26,29.31999969482422,30.209999084472656,29.079999923706055,29.25,12525800
BAT,1,BTI,2024-04-29,29.489999771118164,29.6200008392334,29.40999984741211,29.530000686645508,3724900
BAT,1,BTI,2024-04-30,29.559999465942383,29.690000534057617,29.40999984741211,29.420000076293945,2940000
BAT,1,BTI,2024-05-01,29.450000762939453,29.649999618530273,29.360000610351562,29.420000076293945,2616000
BAT,1,BTI,2024-05-02,29.6200008392334,29.8700008392334,29.56999969482422,29.799999237060547,3067700
BAT,1,BTI,2024-05-03,29.979999542236328,30,29.690000534057617,29.809999465942383,2426600
BAT,1,BTI,2024-05-06,29.959999084472656,30.030000686645508,29.829999923706055,29.950000762939453,2386700
BAT,1,BTI,2024-05-07,30.06999969482422,30.299999237060547,29.950000762939453,29.969999313354492,4325200
BAT,1,BTI,2024-05-08,29.989999771118164,30.229999542236328,29.969999313354492,30.15999984741211,3007900
BAT,1,BTI,2024-05-09,30.219999313354492,30.360000610351562,30.1299991607666,30.360000610351562,3222100
BAT,1,BTI,2024-05-10,30.579999923706055,30.690000534057617,30.530000686645508,30.670000076293945,2908600
BAT,1,BTI,2024-05-13,30.809999465942383,31.079999923706055,30.809999465942383,30.920000076293945,6950900
BAT,1,BTI,2024-05-14,31.049999237060547,31.170000076293945,31,31.09000015258789,3685400
BAT,1,BTI,2024-05-15,31.299999237060547,31.43000030517578,31.209999084472656,31.31999969482422,3943100
BAT,1,BTI,2024-05-16,31.420000076293945,31.670000076293945,31.420000076293945,31.549999237060547,3353000
BAT,1,BTI,2024-05-17,31.510000228881836,31.65999984741211,31.350000381469727,31.59000015258789,3421600
BAT,1,BTI,2024-05-20,31.540000915527344,31.59000015258789,31.350000381469727,31.350000381469727,2991600
BAT,1,BTI,2024-05-21,31.450000762939453,31.56999969482422,31.3799991607666,31.469999313354492,2828800
BAT,1,BTI,2024-05-22,31.389999389648438,31.469999313354492,31.309999465942383,31.360000610351562,2573600
BAT,1,BTI,2024-05-23,31.309999465942383,31.31999969482422,30.700000762939453,30.729999542236328,4215400
BAT,1,BTI,2024-05-24,30.799999237060547,30.8799991607666,30.549999237060547,30.6200008392334,2894200
BAT,1,BTI,2024-05-28,30.639999389648438,30.719999313354492,30.459999084472656,30.549999237060547,2720300
BAT,1,BTI,2024-05-29,30.219999313354492,30.25,30.010000228881836,30.020000457763672,3868200
BAT,1,BTI,2024-05-30,30.389999389648438,30.75,30.309999465942383,30.700000762939453,4154500
BAT,1,BTI,2024-05-31,30.790000915527344,31.049999237060547,30.75,31.030000686645508,4125300
BAT,1,BTI,2024-06-03,31.239999771118164,31.350000381469727,31.110000610351562,31.34000015258789,3837800
BAT,1,BTI,2024-06-04,30.850000381469727,31.219999313354492,30.719999313354492,31.200000762939453,3247800
BAT,1,BTI,2024-06-05,31.229999542236328,31.25,31.059999465942383,31.170000076293945,2545500
BAT,1,BTI,2024-06-06,30.84000015258789,31.440000534057617,30.809999465942383,31.25,4384700
BAT,1,BTI,2024-06-07,31.030000686645508,31.280000686645508,30.979999542236328,30.989999771118164,4040800
BAT,1,BTI,2024-06-10,30.75,30.8700008392334,30.559999465942383,30.709999084472656,4721400
BAT,1,BTI,2024-06-11,30.43000030517578,30.610000610351562,30.290000915527344,30.5,4191600
BAT,1,BTI,2024-06-12,30.989999771118164,31.030000686645508,30.639999389648438,30.670000076293945,4188000
BAT,1,BTI,2024-06-13,30.729999542236328,30.729999542236328,30.3700008392334,30.600000381469727,3070000
BAT,1,BTI,2024-06-14,30.40999984741211,30.649999618530273,30.329999923706055,30.6299991607666,3599200
BAT,1,BTI,2024-06-17,30.649999618530273,30.950000762939453,30.530000686645508,30.940000534057617,2745500
BAT,1,BTI,2024-06-18,30.860000610351562,31.1200008392334,30.75,31.1200008392334,4199100
BAT,1,BTI,2024-06-20,31.1299991607666,31.510000228881836,31.100000381469727,31.5,5748000
BAT,1,BTI,2024-06-21,31.450000762939453,31.84000015258789,31.40999984741211,31.700000762939453,10783900
BAT,1,BTI,2024-06-24,32.20000076293945,32.47999954223633,32.15999984741211,32.36000061035156,4498000
BAT,1,BTI,2024-06-25,32.31999969482422,32.349998474121094,31.899999618530273,32.130001068115234,5734500
BAT,1,BTI,2024-06-26,31.8700008392334,31.899999618530273,31.75,31.850000381469727,3996200
BAT,1,BTI,2024-06-27,31.920000076293945,31.920000076293945,31.549999237060547,31.639999389648438,3322300
BAT,1,BTI,2024-06-28,31.040000915527344,31.049999237060547,30.809999465942383,30.93000030517578,4161400
BAT,1,BTI,2024-07-01,31.149999618530273,31.520000457763672,30.979999542236328,31.079999923706055,3472000
BAT,1,BTI,2024-07-02,30.979999542236328,31.1200008392334,30.940000534057617,31.06999969482422,2686100
BAT,1,BTI,2024-07-03,31.389999389648438,31.469999313354492,31.350000381469727,31.40999984741211,2119000
BAT,1,BTI,2024-07-05,31.700000762939453,31.729999542236328,31.530000686645508,31.690000534057617,3276200
BAT,1,BTI,2024-07-08,31.829999923706055,31.889999389648438,31.530000686645508,31.56999969482422,3655200
BAT,1,BTI,2024-07-09,31.540000915527344,31.899999618530273,31.5,31.770000457763672,5284600
BAT,1,BTI,2024-07-10,31.93000030517578,32.060001373291016,31.860000610351562,32.060001373291016,3214900
BAT,1,BTI,2024-07-11,32.029998779296875,32.27000045776367,32.02000045776367,32.22999954223633,3508200
BAT,1,BTI,2024-07-12,32.5099983215332,32.709999084472656,32.459999084472656,32.61000061035156,4372300
BAT,1,BTI,2024-07-15,32.400001525878906,32.439998626708984,32.16999816894531,32.20000076293945,2900000
BAT,1,BTI,2024-07-16,32,32.189998626708984,31.920000076293945,32.13999938964844,3482800
BAT,1,BTI,2024-07-17,32.31999969482422,32.75,32.29999923706055,32.70000076293945,3771700
BAT,1,BTI,2024-07-18,32.790000915527344,33.310001373291016,32.75,33.040000915527344,5734200
BAT,1,BTI,2024-07-19,33.16999816894531,33.290000915527344,33.06999969482422,33.20000076293945,2876200
BAT,1,BTI,2024-07-22,33.59000015258789,33.619998931884766,33.380001068115234,33.52000045776367,4305200
BAT,1,BTI,2024-07-23,33.439998626708984,33.540000915527344,33.349998474121094,33.349998474121094,2882000
BAT,1,BTI,2024-07-24,33.459999084472656,33.56999969482422,33.18000030517578,33.380001068115234,4198700
BAT,1,BTI,2024-07-25,34.56999969482422,35.029998779296875,34.56999969482422,34.72999954223633,8061600
BAT,1,BTI,2024-07-26,35.04999923706055,35.20000076293945,34.91999816894531,35.15999984741211,5553000
BAT,1,BTI,2024-07-29,35.58000183105469,35.65999984741211,35.34000015258789,35.52000045776367,8437600
BAT,1,BTI,2024-07-30,35.29999923706055,35.90999984741211,35.2400016784668,35.790000915527344,5671800
BAT,1,BTI,2024-07-31,35.5,35.70000076293945,35.150001525878906,35.63999938964844,12718000
BAT,1,BTI,2024-08-01,35.959999084472656,36.18000030517578,35.630001068115234,35.900001525878906,11683800
BAT,1,BTI,2024-08-02,36.029998779296875,36.45000076293945,35.66999816894531,36.45000076293945,7872100
BAT,1,BTI,2024-08-05,34.31999969482422,35.060001373291016,34.119998931884766,35,16009500
BAT,1,BTI,2024-08-06,34.439998626708984,35.209999084472656,34.40999984741211,34.91999816894531,11825400
BAT,1,BTI,2024-08-07,35.2400016784668,35.66999816894531,35.15999984741211,35.45000076293945,11478300
BAT,1,BTI,2024-08-08,35.4900016784668,36.02000045776367,35.400001525878906,35.900001525878906,11013200
BAT,1,BTI,2024-08-09,35.779998779296875,36.040000915527344,35.560001373291016,35.959999084472656,5494000
BAT,1,BTI,2024-08-12,35.959999084472656,36.060001373291016,35.810001373291016,35.869998931884766,4075600
BAT,1,BTI,2024-08-13,35.9900016784668,36.18000030517578,35.91999816894531,36.15999984741211,3597700
BAT,1,BTI,2024-08-14,36.02000045776367,36.29999923706055,36.02000045776367,36.18000030517578,6067400
BAT,1,BTI,2024-08-15,36.290000915527344,36.310001373291016,35.970001220703125,36,3054200
BAT,1,BTI,2024-08-16,35.84000015258789,36.09000015258789,35.79999923706055,36.060001373291016,3095600
BAT,1,BTI,2024-08-19,36.060001373291016,36.29999923706055,36.040000915527344,36.130001068115234,3198100
BAT,1,BTI,2024-08-20,36.08000183105469,36.2400016784668,36.060001373291016,36.13999938964844,2320900
BAT,1,BTI,2024-08-21,36.279998779296875,36.38999938964844,36.22999954223633,36.29999923706055,2700500
BAT,1,BTI,2024-08-22,36.400001525878906,36.41999816894531,36.189998626708984,36.25,2184600
BAT,1,BTI,2024-08-23,36.33000183105469,36.68000030517578,36.22999954223633,36.68000030517578,2454300
BAT,1,BTI,2024-08-26,36.58000183105469,36.81999969482422,36.52000045776367,36.7599983215332,2687800
BAT,1,BTI,2024-08-27,36.900001525878906,37.15999984741211,36.880001068115234,37.119998931884766,3125600
BAT,1,BTI,2024-08-28,37.0099983215332,37.220001220703125,36.95000076293945,37.16999816894531,4014000
BAT,1,BTI,2024-08-29,37.25,37.38999938964844,37.09000015258789,37.34000015258789,3589800
BAT,1,BTI,2024-08-30,37.380001068115234,37.59000015258789,37.33000183105469,37.56999969482422,3134400
BAT,1,BTI,2024-09-03,37.560001373291016,38.119998931884766,37.560001373291016,38,7828700
BAT,1,BTI,2024-09-04,38.099998474121094,38.349998474121094,38,38.16999816894531,4826100
BAT,1,BTI,2024-09-05,38.619998931884766,38.619998931884766,38.25,38.290000915527344,4194200
BAT,1,BTI,2024-09-06,38.5,38.68000030517578,38.400001525878906,38.61000061035156,5227100
BAT,1,BTI,2024-09-09,38.540000915527344,39.09000015258789,38.540000915527344,39.029998779296875,5108900
BAT,1,BTI,2024-09-10,38.9900016784668,39.2400016784668,38.81999969482422,39.220001220703125,7341300
BAT,1,BTI,2024-09-11,39.20000076293945,39.2400016784668,38.810001373291016,39.119998931884766,8880400
BAT,1,BTI,2024-09-12,38.79999923706055,39.02000045776367,38.61000061035156,38.939998626708984,4879500
BAT,1,BTI,2024-09-13,39.119998931884766,39.25,39.0099983215332,39.16999816894531,3765500
BAT,1,BTI,2024-09-16,39.4900016784668,39.540000915527344,39.310001373291016,39.36000061035156,3472700
BAT,1,BTI,2024-09-17,38.7400016784668,38.77000045776367,37.90999984741211,38.0099983215332,5812200
BAT,1,BTI,2024-09-18,38.029998779296875,38.209999084472656,37.810001373291016,37.880001068115234,4244100
BAT,1,BTI,2024-09-19,37.7599983215332,37.790000915527344,37.41999816894531,37.56999969482422,6819700
BAT,1,BTI,2024-09-20,37.41999816894531,37.52000045776367,37.33000183105469,37.439998626708984,4768500
BAT,1,BTI,2024-09-23,37.95000076293945,38,37.79999923706055,37.900001525878906,4323800
BAT,1,BTI,2024-09-24,38,38.27000045776367,37.880001068115234,38.099998474121094,4399600
BAT,1,BTI,2024-09-25,38.09000015258789,38.13999938964844,37.91999816894531,37.959999084472656,3491800
BAT,1,BTI,2024-09-26,37.470001220703125,38.060001373291016,37.439998626708984,37.81999969482422,5255300
BAT,1,BTI,2024-09-27,37.40999984741211,37.41999816894531,36.83000183105469,36.84000015258789,6567700
BAT,1,BTI,2024-09-30,36.689998626708984,36.7599983215332,36.47999954223633,36.58000183105469,5407700
BAT,0,BATS.L,2024-01-02,2303,2342.5,2289.8798828125,2331.5,10500029
BAT,0,BATS.L,2024-01-03,2341,2363,2323.5,2333,11090238
BAT,0,BATS.L,2024-01-04,2347,2368,2335,2366.5,2871513
BAT,0,BATS.L,2024-01-05,2356,2375,2351.5,2360,2167078
BAT,0,BATS.L,2024-01-08,2363.5,2379.5,2334,2371,2860271
BAT,0,BATS.L,2024-01-09,2379.5,2387.5,2371,2373,7642638
BAT,0,BATS.L,2024-01-10,2374,2377,2352.5,2352.5,2921851
BAT,0,BATS.L,2024-01-11,2361.5,2378.5,2341.5,2349.5,7996311
BAT,0,BATS.L,2024-01-12,2359,2373.22705078125,2348,2348,3442806
BAT,0,BATS.L,2024-01-15,2347.5,2357,2339,2350,2232514
BAT,0,BATS.L,2024-01-16,2335.5,2355.5,2328,2349,4098676
BAT,0,BATS.L,2024-01-17,2318.5,2336,2312.5,2319.5,3635856
BAT,0,BATS.L,2024-01-18,2318.5,2318.5,2288,2289,3353585
BAT,0,BATS.L,2024-01-19,2304.5,2330.5,2296.5,2307.5,3513310
BAT,0,BATS.L,2024-01-22,2314,2347,2309,2334.5,5094859
BAT,0,BATS.L,2024-01-23,2321,2339,2288,2295,3214092
BAT,0,BATS.L,2024-01-24,2310,2322,2299,2313.5,3441537
BAT,0,BATS.L,2024-01-25,2302,2306.5,2286,2292.5,2749018
BAT,0,BATS.L,2024-01-26,2301.5,2337.5,2301.5,2333,4514759
BAT,0,BATS.L,2024-01-29,2330.5,2381,2320.5,2355,6163864
BAT,0,BATS.L,2024-01-30,2358.5,2365.5,2344,2352,3268265
BAT,0,BATS.L,2024-01-31,2367,2372.5,2338.301025390625,2338.5,5780559
BAT,0,BATS.L,2024-02-01,2332.5,2356.5,2320.5,2339.5,3311431
BAT,0,BATS.L,2024-02-02,2373.5,2381.5,2350.5,2365,4018080
BAT,0,BATS.L,2024-02-05,2367,2395.5,2360.5,2378,4673529
BAT,0,BATS.L,2024-02-06,2365,2377.5,2354,2362,2923332
BAT,0,BATS.L,2024-02-07,2356,2357.949951171875,2319,2319,4883519
BAT,0,BATS.L,2024-02-08,2428.5,2499.2099609375,2412,2484,8876516
BAT,0,BATS.L,2024-02-09,2454.5,2470,2410.12109375,2421,4401503
BAT,0,BATS.L,2024-02-12,2419.5,2441.5,2401.5,2435,4617579
BAT,0,BATS.L,2024-02-13,2434,2445,2399.5,2408.5,3379387
BAT,0,BATS.L,2024-02-14,2404.5,2420,2394.5,2399,9844921
BAT,0,BATS.L,2024-02-15,2392.5,2431.5,2390.5,2422,3863298
BAT,0,BATS.L,2024-02-16,2425,2431.5,2389.5,2413.5,3845246
BAT,0,BATS.L,2024-02-19,2374.5,2399,2369.5,2369.5,10649357
BAT,0,BATS.L,2024-02-20,2366.5,2383.5,2356.5,2383.5,4598112
BAT,0,BATS.L,2024-02-21,2380,2384.5,2354,2370.5,8184188
BAT,0,BATS.L,2024-02-22,2365,2386.5,2357,2382,7993247
BAT,0,BATS.L,2024-02-23,2393,2395,2359,2388,4253486
BAT,0,BATS.L,2024-02-26,2387,2394.639892578125,2366,2371.5,5496797
BAT,0,BATS.L,2024-02-27,2366.5,2380,2351,2364,4357661
BAT,0,BATS.L,2024-02-28,2370,2372.5,2329.5,2333.5,5003337
BAT,0,BATS.L,2024-02-29,2350,2363,2333.5,2345,16021178
BAT,0,BATS.L,2024-03-01,2352.5,2370.5,2330.5,2334.5,3459310
BAT,0,BATS.L,2024-03-04,2326.5,2332,2281.498046875,2294,4650106
BAT,0,BATS.L,2024-03-05,2291.5,2314,2279,2303.5,5085627
BAT,0,BATS.L,2024-03-06,2306,2318.5,2279.5,2301.5,7243616
BAT,0,BATS.L,2024-03-07,2299.5,2300.5,2278,2289,4386639
BAT,0,BATS.L,2024-03-08,2288,2293.5,2273,2286.5,3685121
BAT,0,BATS.L,2024-03-11,2297,2344.5,2268.1689453125,2319,5707150
BAT,0,BATS.L,2024-03-12,2347,2400.5,2340,2366.5,10271709
BAT,0,BATS.L,2024-03-13,2370,2404,2367.5,2395.5,7604042
BAT,0,BATS.L,2024-03-14,2386.5,2403,2371,2380.5,3650538
BAT,0,BATS.L,2024-03-15,2377,2385.89990234375,2340.5,2340.5,40520113
BAT,0,BATS.L,2024-03-18,2365.5,2404.5,2353,2399,10741231
BAT,0,BATS.L,2024-03-19,2420,2436,2392.5,2412,6008554
BAT,0,BATS.L,2024-03-20,2412.5,2416,2365,2394.5,11036138
BAT,0,BATS.L,2024-03-21,2358.5,2373,2341.639892578125,2362,5092338
BAT,0,BATS.L,2024-03-22,2369,2390.5,2366.5,2376,4919211
BAT,0,BATS.L,2024-03-25,2366,2383,2342,2375.5,6941062
BAT,0,BATS.L,2024-03-26,2369.5,2375,2355,2366,16497916
BAT,0,BATS.L,2024-03-27,2365,2391.5,2349,2389,8579397
BAT,0,BATS.L,2024-03-28,2386.5,2412,2384.5,2406,3985602
BAT,0,BATS.L,2024-04-02,2412,2432,2404,2404,5179073
BAT,0,BATS.L,2024-04-03,2391,2402.7939453125,2371.5,2376,11090968
BAT,0,BATS.L,2024-04-04,2373,2377.360107421875,2348,2356,5821846
BAT,0,BATS.L,2024-04-05,2335,2351,2324,2329,15122460
BAT,0,BATS.L,2024-04-08,2330,2343,2317,2332,6457362
BAT,0,BATS.L,2024-04-09,2332,2342,2316,2318,17350537
BAT,0,BATS.L,2024-04-10,2339,2350,2301,2308,17753114
BAT,0,BATS.L,2024-04-11,2308,2320,2298.998046875,2303,4953865
BAT,0,BATS.L,2024-04-12,2306,2330,2298,2307,5738210
BAT,0,BATS.L,2024-04-15,2300,2304,2276,2287,5249113
BAT,0,BATS.L,2024-04-16,2270,2279.889892578125,2257,2267,7963773
BAT,0,BATS.L,2024-04-17,2267,2288,2252,2276,6988255
BAT,0,BATS.L,2024-04-18,2292,2309,2287,2293,3803904
BAT,0,BATS.L,2024-04-19,2301,2316,2280.4990234375,2310,14031357
BAT,0,BATS.L,2024-04-22,2349,2365.489990234375,2338,2360,4672734
BAT,0,BATS.L,2024-04-23,2377,2389,2359,2360,8443655
BAT,0,BATS.L,2024-04-24,2368,2378,2344,2346,4867784
BAT,0,BATS.L,2024-04-25,2348,2359,2323,2337,8465160
BAT,0,BATS.L,2024-04-26,2344,2355,2325,2326,3107068
BAT,0,BATS.L,2024-04-29,2336,2369,2336,2345,4146654
BAT,0,BATS.L,2024-04-30,2348,2365,2343,2351,397624
BAT,0,BATS.L,2024-05-01,2346,2347,2343,2349,112407
BAT,0,BATS.L,2024-05-02,2358,2377,2334,2371,4846270
BAT,0,BATS.L,2024-05-03,2371,2391,2355,2355,4176106
BAT,0,BATS.L,2024-05-07,2366,2402.5,2363,2387,7443536
BAT,0,BATS.L,2024-05-08,2397,2410,2384,2406,4695037
BAT,0,BATS.L,2024-05-09,2408,2425,2391,2401,9954842
BAT,0,BATS.L,2024-05-10,2409,2447,2386,2433,5574236
BAT,0,BATS.L,2024-05-13,2432,2465,2417,2460,2995655
BAT,0,BATS.L,2024-05-14,2458,2475,2441,2465,13880656
BAT,0,BATS.L,2024-05-15,2470,2494,2450,2466,5595607
BAT,0,BATS.L,2024-05-16,2464,2493,2448,2486,4008299
BAT,0,BATS.L,2024-05-17,2487,2496,2469,2475,8293019
BAT,0,BATS.L,2024-05-20,2477,2483,2466,2476,4311279
BAT,0,BATS.L,2024-05-21,2462,2491,2447,2473,8303522
BAT,0,BATS.L,2024-05-22,2463,2488,2447,2464,4349319
BAT,0,BATS.L,2024-05-23,2450,2479,2424,2424,10983314
BAT,0,BATS.L,2024-05-24,2400,2418,2390,2390,3038194
BAT,0,BATS.L,2024-05-28,2395,2397,2378,2381,3860230
BAT,0,BATS.L,2024-05-29,2381,2398,2352,2356,3133945
BAT,0,BATS.L,2024-05-30,2351,2392,2336,2389,3572246
BAT,0,BATS.L,2024-05-31,2403,2428,2374,2415,7423571
BAT,0,BATS.L,2024-06-03,2439,2450,2430,2435,6217147
BAT,0,BATS.L,2024-06-04,2430,2432,2388,2422,7667528
BAT,0,BATS.L,2024-06-05,2449,2449,2423,2427,4964372
BAT,0,BATS.L,2024-06-06,2417,2442,2401,2434,4904974
BAT,0,BATS.L,2024-06-07,2434,2452,2414,2437,2396694
BAT,0,BATS.L,2024-06-10,2423,2428,2393,2402,3026316
BAT,0,BATS.L,2024-06-11,2399,2417,2369,2388,6334505
BAT,0,BATS.L,2024-06-12,2385,2410,2371,2381,10329499
BAT,0,BATS.L,2024-06-13,2383,2397,2367.5,2378,2978887
BAT,0,BATS.L,2024-06-14,2385,2398.818115234375,2374,2392,2678196
BAT,0,BATS.L,2024-06-17,2410,2413,2390.31103515625,2409,2870033
BAT,0,BATS.L,2024-06-18,2421,2436.863037109375,2406,2425,3688030
BAT,0,BATS.L,2024-06-19,2429,2441,2423,2440,3212276
BAT,0,BATS.L,2024-06-20,2433,2462,2421,2460,5190072
BAT,0,BATS.L,2024-06-21,2465,2497,2445,2488,9550115
BAT,0,BATS.L,2024-06-24,2486,2547,2445,2535,4057922
BAT,0,BATS.L,2024-06-25,2548,2562,2514,2515,3298887
BAT,0,BATS.L,2024-06-26,2520,2536,2497,2511,4066299
BAT,0,BATS.L,2024-06-27,2483,2527,2433,2433,3110623
BAT,0,BATS.L,2024-06-28,2448,2455,2427,2430,4442693
BAT,0,BATS.L,2024-07-01,2455,2474,2415,2451,2434684
BAT,0,BATS.L,2024-07-02,2440,2466,2427,2433,2786758
BAT,0,BATS.L,2024-07-03,2446,2457,2438,2455,2587246
BAT,0,BATS.L,2024-07-04,2465,2488,2440,2470,2255788
BAT,0,BATS.L,2024-07-05,2479,2489,2457,2460,2493310
BAT,0,BATS.L,2024-07-08,2463,2477,2452,2458,2522621
BAT,0,BATS.L,2024-07-09,2459,2484.6201171875,2443,2477,4470024
BAT,0,BATS.L,2024-07-10,2489,2504,2462,2488,2404292
BAT,0,BATS.L,2024-07-11,2490,2498,2466,2482,2502193
BAT,0,BATS.L,2024-07-12,2503,2513,2495,2507,2391689
BAT,0,BATS.L,2024-07-15,2491,2523,2467,2476,2322397
BAT,0,BATS.L,2024-07-16,2470,2491,2455,2464,2458813
BAT,0,BATS.L,2024-07-17,2472,2503,2450,2497,2940660
BAT,0,BATS.L,2024-07-18,2520,2561,2482,2556,3578844
BAT,0,BATS.L,2024-07-19,2546,2565,2482,2565,5296351
BAT,0,BATS.L,2024-07-22,2572,2599,2564,2589,3727112
BAT,0,BATS.L,2024-07-23,2586,2618,2566.968017578125,2585,3963648
BAT,0,BATS.L,2024-07-24,2554,2592,2546,2576,2761994
BAT,0,BATS.L,2024-07-25,2554,2718,2551,2713,9978017
BAT,0,BATS.L,2024-07-26,2711,2740,2698,2729,4832574
BAT,0,BATS.L,2024-07-29,2741,2792,2739,2762,6384914
BAT,0,BATS.L,2024-07-30,2759,2767,2750,2760,5499515
BAT,0,BATS.L,2024-07-31,2785,2794,2733,2745,4926594
BAT,0,BATS.L,2024-08-01,2769,2816.196044921875,2757,2797,5661586
BAT,0,BATS.L,2024-08-02,2787,2839,2781,2788,6736469
BAT,0,BATS.L,2024-08-05,2778,2790,2658,2693,10326981
BAT,0,BATS.L,2024-08-06,2735,2750,2691,2714,3958875
BAT,0,BATS.L,2024-08-07,2733,2799,2732,2784,4056273
BAT,0,BATS.L,2024-08-08,2780,2817,2755,2803,4321725
BAT,0,BATS.L,2024-08-09,2796,2805,2780,2801,2095730
BAT,0,BATS.L,2024-08-12,2803,2809,2793,2801,6054554
BAT,0,BATS.L,2024-08-13,2803,2809,2791,2800,2713492
BAT,0,BATS.L,2024-08-14,2816,2827,2790,2810,3003567
BAT,0,BATS.L,2024-08-15,2825,2831,2792,2799,2197807
BAT,0,BATS.L,2024-08-16,2789,2791,2757,2774,3633243
BAT,0,BATS.L,2024-08-19,2769,2788,2556.22998046875,2781,2365284
BAT,0,BATS.L,2024-08-20,2772,2774,2753,2771,2297144
BAT,0,BATS.L,2024-08-21,2774,2779,2763,2771,2569933
BAT,0,BATS.L,2024-08-22,2763,2787,2762,2766,2036645
BAT,0,BATS.L,2024-08-23,2771,2777,2752,2759,1847309
BAT,0,BATS.L,2024-08-27,2777,2796.510009765625,2769,2789,9037406
BAT,0,BATS.L,2024-08-28,2801,2808,2783,2808,1888968
BAT,0,BATS.L,2024-08-29,2803,2824.991943359375,2794,2816,2086261
BAT,0,BATS.L,2024-08-30,2830,2846,2818,2836,2850881
BAT,0,BATS.L,2024-09-02,2844,2859,2839,2851,1566712
BAT,0,BATS.L,2024-09-03,2857,2873,2833,2867,3824868
BAT,0,BATS.L,2024-09-04,2863,2901,2859,2901,2798691
BAT,0,BATS.L,2024-09-05,2894,2923,2893,2910,2616816
BAT,0,BATS.L,2024-09-06,2889,2929,2886,2929,2907771
BAT,0,BATS.L,2024-09-09,2948,2973,2927.94091796875,2973,3118563
BAT,0,BATS.L,2024-09-10,2973,2979,2959,2959,3235722
BAT,0,BATS.L,2024-09-11,2975,2990.5,2949,2984,3167178
BAT,0,BATS.L,2024-09-12,2989,2994,2939.529052734375,2950,3231743
BAT,0,BATS.L,2024-09-13,2947,2978.532958984375,2944,2965,2411473
BAT,0,BATS.L,2024-09-16,2950,2980.320068359375,2947,2970,1930907
BAT,0,BATS.L,2024-09-17,2980,2982,2888,2900,4619071
BAT,0,BATS.L,2024-09-18,2879,2899.40087890625,2841,2868,3082507
BAT,0,BATS.L,2024-09-19,2870,2870,2817,2825,4777241
BAT,0,BATS.L,2024-09-20,2825,2827,2795,2810,6530894
BAT,0,BATS.L,2024-09-23,2825,2842,2816,2839,2475891
BAT,0,BATS.L,2024-09-24,2831,2855,2824,2846,3433747
BAT,0,BATS.L,2024-09-25,2830,2846,2825,2842,3496357
BAT,0,BATS.L,2024-09-26,2799,2811,2728,2762,4453599
BAT,0,BATS.L,2024-09-27,2755,2790,2752,2774,4610340
BAT,0,BATS.L,2024-09-30,2753,2759,2717,2724,4514053
Diageo,1,DEO,2024-01-02,142.0500030517578,144.7899932861328,141.7899932861328,144.0500030517578,969700
Diageo,1,DEO,2024-01-03,141.57000732421875,143.22999572753906,141.24000549316406,143.05999755859375,872000
Diageo,1,DEO,2024-01-04,142.94000244140625,144.0800018310547,142.33999633789062,142.4499969482422,916200
Diageo,1,DEO,2024-01-05,141.47999572753906,143.1699981689453,140.7899932861328,141.50999450683594,681000
Diageo,1,DEO,2024-01-08,142.25,143.1699981689453,141.82000732421875,143,937800
Diageo,1,DEO,2024-01-09,141.69000244140625,142,140.50999450683594,140.64999389648438,527200
Diageo,1,DEO,2024-01-10,142.8000030517578,143.6699981689453,142.00999450683594,142.75,1208200
Diageo,1,DEO,2024-01-11,143.49000549316406,144.22000122070312,141.8800048828125,143.9499969482422,1394300
Diageo,1,DEO,2024-01-12,142.6699981689453,144.2899932861328,142.55999755859375,143.1300048828125,786300
Diageo,1,DEO,2024-01-16,141.47000122070312,142.25,141.24000549316406,141.75,868600
Diageo,1,DEO,2024-01-17,139.60000610351562,140.17999267578125,138.5800018310547,138.92999267578125,861600
Diageo,1,DEO,2024-01-18,138.8699951171875,139.8800048828125,138.67999267578125,139.7100067138672,658600
Diageo,1,DEO,2024-01-19,138.3699951171875,138.83999633789062,137.25999450683594,138.4600067138672,684200
Diageo,1,DEO,2024-01-22,138.67999267578125,138.97999572753906,137.08999633789062,137.72000122070312,860000
Diageo,1,DEO,2024-01-23,137.3300018310547,139.05999755859375,136.4499969482422,138.38999938964844,1004600
Diageo,1,DEO,2024-01-24,138.3800048828125,138.77999877929688,137.49000549316406,137.5,879100
Diageo,1,DEO,2024-01-25,138.86000061035156,141.57000732421875,138.02000427246094,140.91000366210938,1391400
Diageo,1,DEO,2024-01-26,145.72000122070312,146.0500030517578,144.35000610351562,144.5399932861328,1063600
Diageo,1,DEO,2024-01-29,144.39999389648438,144.5399932861328,143.27999877929688,144.52000427246094,1554400
Diageo,1,DEO,2024-01-30,145.52999877929688,147,144.08999633789062,144.6199951171875,1380300
Diageo,1,DEO,2024-01-31,145.39999389648438,146.4600067138672,144.1999969482422,144.3300018310547,821800
Diageo,1,DEO,2024-02-01,145.14999389648438,149.19000244140625,144.75,148.99000549316406,982800
Diageo,1,DEO,2024-02-02,151.72000122070312,151.72000122070312,148.02999877929688,149.08999633789062,1032200
Diageo,1,DEO,2024-02-05,149.42999267578125,150.0399932861328,148.52999877929688,149.47000122070312,827900
Diageo,1,DEO,2024-02-06,149.05999755859375,150.42999267578125,148.69000244140625,149.88999938964844,597600
Diageo,1,DEO,2024-02-07,149.64999389648438,149.80999755859375,148.32000732421875,148.61000061035156,459500
Diageo,1,DEO,2024-02-08,148.35000610351562,148.74000549316406,147.47999572753906,147.72999572753906,547500
Diageo,1,DEO,2024-02-09,146.8000030517578,147.11000061035156,146.3000030517578,146.47999572753906,418700
Diageo,1,DEO,2024-02-12,145.41000366210938,147.30999755859375,145.36000061035156,146.82000732421875,412400
Diageo,1,DEO,2024-02-13,144.75999450683594,145.2899932861328,142.9199981689453,143.6300048828125,586800
Diageo,1,DEO,2024-02-14,143.6300048828125,145.35000610351562,143.36000061035156,145.17999267578125,653100
Diageo,1,DEO,2024-02-15,145.77000427246094,149.1999969482422,145.77000427246094,147.82000732421875,1269800
Diageo,1,DEO,2024-02-16,148.07000732421875,148.07000732421875,146.52999877929688,146.89999389648438,639800
Diageo,1,DEO,2024-02-20,149.02999877929688,151.22999572753906,148.85000610351562,150.27999877929688,1403200
Diageo,1,DEO,2024-02-21,150.47999572753906,151.32000732421875,150.27000427246094,151.05999755859375,787400
Diageo,1,DEO,2024-02-22,150.8000030517578,151.83999633789062,150.10000610351562,151.72000122070312,909200
Diageo,1,DEO,2024-02-23,151.55999755859375,152.72000122070312,151.50999450683594,152.2899932861328,1274200
Diageo,1,DEO,2024-02-26,152.9600067138672,152.97000122070312,151.82000732421875,152.75999450683594,668000
Diageo,1,DEO,2024-02-27,153.72999572753906,154.7100067138672,153.19000244140625,154.69000244140625,804700
Diageo,1,DEO,2024-02-28,153.1999969482422,153.36000061035156,152.22000122070312,153.17999267578125,778300
Diageo,1,DEO,2024-02-29,150.3800048828125,151.30999755859375,150.22999572753906,150.8000030517578,1352700
Diageo,1,DEO,2024-03-01,150.55999755859375,151.58999633789062,149.75,150.7100067138672,935600
Diageo,1,DEO,2024-03-04,149.8300018310547,150.47000122070312,149.5500030517578,150.22000122070312,611800
Diageo,1,DEO,2024-03-05,150.5,150.6300048828125,148.80999755859375,149.0399932861328,827400
Diageo,1,DEO,2024-03-06,148.72999572753906,148.92999267578125,147.02999877929688,147.38999938964844,616400
Diageo,1,DEO,2024-03-07,146.97000122070312,148.57000732421875,146.83999633789062,148.24000549316406,686900
Diageo,1,DEO,2024-03-08,148.6699981689453,149.69000244140625,148.55999755859375,149.16000366210938,545300
Diageo,1,DEO,2024-03-11,147.97000122070312,150.44000244140625,147.97000122070312,150.3699951171875,829300
Diageo,1,DEO,2024-03-12,150.35000610351562,150.60000610351562,149.39999389648438,149.5800018310547,482000
Diageo,1,DEO,2024-03-13,149.7100067138672,150.63999938964844,149.5500030517578,150.38999938964844,259100
Diageo,1,DEO,2024-03-14,151.75999450683594,151.75999450683594,147.86000061035156,148.1999969482422,1317000
Diageo,1,DEO,2024-03-15,147.88999938964844,148.8300018310547,147.61000061035156,148.7100067138672,624200
Diageo,1,DEO,2024-03-18,147.6199951171875,147.88999938964844,145.88999938964844,145.88999938964844,480000
Diageo,1,DEO,2024-03-19,144.6999969482422,146.10000610351562,144.5500030517578,145.7899932861328,663700
Diageo,1,DEO,2024-03-20,145.1300048828125,146.3300018310547,144.55999755859375,146.3300018310547,514300
Diageo,1,DEO,2024-03-21,146.9199981689453,147.75,146.2100067138672,146.25,693500
Diageo,1,DEO,2024-03-22,147.72000122070312,147.88999938964844,146.60000610351562,146.66000366210938,519100
Diageo,1,DEO,2024-03-25,147.08999633789062,147.47999572753906,145.42999267578125,145.7100067138672,726500
Diageo,1,DEO,2024-03-26,147.38999938964844,148.25999450683594,146.6199951171875,147.50999450683594,730300
Diageo,1,DEO,2024-03-27,147.83999633789062,149.44000244140625,147.6999969482422,149.4199981689453,506000
Diageo,1,DEO,2024-03-28,149.0800018310547,149.36000061035156,148.08999633789062,148.74000549316406,360000
Diageo,1,DEO,2024-04-01,148.22999572753906,148.49000549316406,147.35000610351562,147.82000732421875,431500
Diageo,1,DEO,2024-04-02,147.8000030517578,149.24000549316406,147.5399932861328,149.0800018310547,413800
Diageo,1,DEO,2024-04-03,147.47999572753906,148.2899932861328,146.7899932861328,147.63999938964844,447700
Diageo,1,DEO,2024-04-04,148.32000732421875,148.3800048828125,145.5399932861328,145.75,576400
Diageo,1,DEO,2024-04-05,145.52000427246094,145.5500030517578,144.25,144.44000244140625,534500
Diageo,1,DEO,2024-04-08,143.9600067138672,144.27999877929688,143.2899932861328,143.30999755859375,525800
Diageo,1,DEO,2024-04-09,144.14999389648438,144.14999389648438,143.0500030517578,143.89999389648438,594900
Diageo,1,DEO,2024-04-10,142.5,142.75999450683594,141.47000122070312,142.3000030517578,343800
Diageo,1,DEO,2024-04-11,142.6699981689453,142.8800048828125,140.8000030517578,140.8699951171875,1393400
Diageo,1,DEO,2024-04-12,140.24000549316406,140.50999450683594,136.8699951171875,136.99000549316406,1003900
Diageo,1,DEO,2024-04-15,139.6300048828125,139.7100067138672,136.8800048828125,137.38999938964844,1503400
Diageo,1,DEO,2024-04-16,137.75999450683594,137.7899932861328,136.00999450683594,136.02999877929688,1736300
Diageo,1,DEO,2024-04-17,140.4600067138672,140.52999877929688,138.69000244140625,140.35000610351562,1048400
Diageo,1,DEO,2024-04-18,141.33999633789062,141.75,140.14999389648438,140.7899932861328,826300
Diageo,1,DEO,2024-04-19,139.77000427246094,141.07000732421875,139.64999389648438,140.75999450683594,692900
Diageo,1,DEO,2024-04-22,141.11000061035156,142.3000030517578,140.7899932861328,142.11000061035156,953200
Diageo,1,DEO,2024-04-23,140.72000122070312,141.35000610351562,139.9600067138672,140.47999572753906,799900
Diageo,1,DEO,2024-04-24,140.6999969482422,140.77999877929688,139.99000549316406,140.3800048828125,457700
Diageo,1,DEO,2024-04-25,137.7899932861328,138.4600067138672,137.1199951171875,138.30999755859375,623100
Diageo,1,DEO,2024-04-26,138.97000122070312,139.44000244140625,138.1999969482422,138.63999938964844,610800
Diageo,1,DEO,2024-04-29,139.4199981689453,139.5500030517578,138.9499969482422,139.24000549316406,498300
Diageo,1,DEO,2024-04-30,140.16000366210938,140.22000122070312,138.1199951171875,138.16000366210938,1264300
Diageo,1,DEO,2024-05-01,137.52999877929688,138.16000366210938,136.99000549316406,137.0500030517578,599300
Diageo,1,DEO,2024-05-02,137.0399932861328,137.19000244140625,136.0500030517578,136.57000732421875,514000
Diageo,1,DEO,2024-05-03,138.42999267578125,139.02000427246094,137.0399932861328,137.44000244140625,683500
Diageo,1,DEO,2024-05-06,138.1300048828125,138.44000244140625,136.66000366210938,137.14999389648438,456500
Diageo,1,DEO,2024-05-07,138.58999633789062,139.10000610351562,138,139.0399932861328,569300
Diageo,1,DEO,2024-05-08,140.32000732421875,140.9600067138672,139.9499969482422,140.91000366210938,729600
Diageo,1,DEO,2024-05-09,141.8800048828125,142.97000122070312,141.66000366210938,142.83999633789062,566200
Diageo,1,DEO,2024-05-10,142.60000610351562,143.1300048828125,142.14999389648438,142.94000244140625,469000
Diageo,1,DEO,2024-05-13,142.08999633789062,143,142.08999633789062,142.57000732421875,641700
Diageo,1,DEO,2024-05-14,143.9199981689453,144.27000427246094,142.42999267578125,143.63999938964844,511000
Diageo,1,DEO,2024-05-15,143.02000427246094,143.32000732421875,141.77999877929688,141.9199981689453,330500
Diageo,1,DEO,2024-05-16,142.80999755859375,143.11000061035156,142.13999938964844,142.9499969482422,322400
Diageo,1,DEO,2024-05-17,142.0800018310547,142.6999969482422,141.97000122070312,142.39999389648438,238000
Diageo,1,DEO,2024-05-20,141.83999633789062,142.14999389648438,140.41000366210938,140.5500030517578,412200
Diageo,1,DEO,2024-05-21,140.60000610351562,140.63999938964844,139.3000030517578,139.72999572753906,570400
Diageo,1,DEO,2024-05-22,138.75,139.8000030517578,138.75,139.02999877929688,402000
Diageo,1,DEO,2024-05-23,138.82000732421875,138.83999633789062,136.75999450683594,136.88999938964844,433300
Diageo,1,DEO,2024-05-24,137.4499969482422,137.61000061035156,136.69000244140625,136.80999755859375,367800
Diageo,1,DEO,2024-05-28,135.25,135.25,133.8000030517578,134.02999877929688,537200
Diageo,1,DEO,2024-05-29,132.50999450683594,132.83999633789062,131.42999267578125,131.44000244140625,525700
Diageo,1,DEO,2024-05-30,132.17999267578125,133.1999969482422,132.10000610351562,132.3300018310547,738300
Diageo,1,DEO,2024-05-31,132.69000244140625,135.08999633789062,132.60000610351562,135.08999633789062,638800
Diageo,1,DEO,2024-06-03,134.9499969482422,135.7899932861328,134.7899932861328,135.77999877929688,546500
Diageo,1,DEO,2024-06-04,134.49000549316406,136.0399932861328,134.27999877929688,135.52999877929688,501400
Diageo,1,DEO,2024-06-05,136.5,136.72999572753906,135.1999969482422,136.6199951171875,1028200
Diageo,1,DEO,2024-06-06,137.67999267578125,139.00999450683594,137.55999755859375,138.75,725900
Diageo,1,DEO,2024-06-07,136.17999267578125,136.83999633789062,135.75999450683594,136.05999755859375,562500
Diageo,1,DEO,2024-06-10,133.75999450683594,134,132.61000061035156,132.9600067138672,737400
Diageo,1,DEO,2024-06-11,131.82000732421875,132.9499969482422,131.16000366210938,132.63999938964844,652100
Diageo,1,DEO,2024-06-12,134.97000122070312,134.97000122070312,133.2100067138672,133.3699951171875,429700
Diageo,1,DEO,2024-06-13,132.16000366210938,132.22000122070312,131.0399932861328,131.3699951171875,500300
Diageo,1,DEO,2024-06-14,131.75999450683594,132.0800018310547,130.5,131.57000732421875,400300
Diageo,1,DEO,2024-06-17,130.60000610351562,131.8699951171875,130.60000610351562,131.77000427246094,460800
Diageo,1,DEO,2024-06-18,131.0399932861328,131.47999572753906,129.11000061035156,129.38999938964844,1160400
Diageo,1,DEO,2024-06-20,131.8699951171875,131.8699951171875,130.86000061035156,131.42999267578125,1023200
Diageo,1,DEO,2024-06-21,129.97000122070312,131.41000366210938,129.97000122070312,130.32000732421875,658800
Diageo,1,DEO,2024-06-24,130.97000122070312,131.92999267578125,130.86000061035156,131.42999267578125,618200
Diageo,1,DEO,2024-06-25,130.7899932861328,131.24000549316406,129.91000366210938,130.3800048828125,754100
Diageo,1,DEO,2024-06-26,128.9199981689453,129.67999267578125,128.63999938964844,128.75999450683594,511600
Diageo,1,DEO,2024-06-27,127.91999816894531,127.95999908447266,126.2699966430664,126.94999694824219,823500
Diageo,1,DEO,2024-06-28,126.19999694824219,126.87999725341797,125.66000366210938,126.08000183105469,681900
Diageo,1,DEO,2024-07-01,126.58999633789062,127.44000244140625,125.66000366210938,125.87000274658203,928400
Diageo,1,DEO,2024-07-02,125.6500015258789,126.26000213623047,124.80000305175781,126.20999908447266,806700
Diageo,1,DEO,2024-07-03,128.0800018310547,128.39999389648438,127.7300033569336,128.36000061035156,399400
Diageo,1,DEO,2024-07-05,130.47000122070312,130.47000122070312,128.8800048828125,129.63999938964844,571400
Diageo,1,DEO,2024-07-08,129.72000122070312,129.85000610351562,127.94999694824219,128.10000610351562,490200
Diageo,1,DEO,2024-07-09,127.83999633789062,128.02999877929688,126.38999938964844,126.66999816894531,1071300
Diageo,1,DEO,2024-07-10,127.83000183105469,129.17999267578125,127.52999877929688,129.14999389648438,486400
Diageo,1,DEO,2024-07-11,130.8699951171875,132.0399932861328,130.67999267578125,131.58999633789062,573500
Diageo,1,DEO,2024-07-12,131.17999267578125,132.2899932861328,131.17999267578125,131.64999389648438,656900
Diageo,1,DEO,2024-07-15,130.0500030517578,130.1300048828125,129.05999755859375,129.22000122070312,531700
Diageo,1,DEO,2024-07-16,128.27000427246094,129.5800018310547,128.07000732421875,129.55999755859375,792500
Diageo,1,DEO,2024-07-17,129.9600067138672,131.39999389648438,129.83999633789062,131.07000732421875,571200
Diageo,1,DEO,2024-07-18,131.4499969482422,131.6300048828125,129.0500030517578,129.05999755859375,460800
Diageo,1,DEO,2024-07-19,128.57000732421875,129.0399932861328,127.91999816894531,128.49000549316406,1223700
Diageo,1,DEO,2024-07-22,130.8800048828125,130.9600067138672,129.10000610351562,129.69000244140625,840300
Diageo,1,DEO,2024-07-23,129.22999572753906,129.22999572753906,128.0800018310547,128.47000122070312,1136800
Diageo,1,DEO,2024-07-24,128.47999572753906,129.7899932861328,128.3800048828125,129.63999938964844,1036700
Diageo,1,DEO,2024-07-25,130.00999450683594,131.67999267578125,128.8800048828125,130.69000244140625,1041300
Diageo,1,DEO,2024-07-26,131.3699951171875,132.72000122070312,131.35000610351562,132.42999267578125,654400
Diageo,1,DEO,2024-07-29,131,131.9499969482422,130.5,131.57000732421875,756700
Diageo,1,DEO,2024-07-30,123.91999816894531,125.45999908447266,123.31999969482422,125.38999938964844,1757200
Diageo,1,DEO,2024-07-31,125.83999633789062,125.93000030517578,123.81999969482422,124.75,1121600
Diageo,1,DEO,2024-08-01,123.19000244140625,123.75,122.22000122070312,122.77999877929688,1433700
Diageo,1,DEO,2024-08-02,123.44000244140625,123.69000244140625,121.9800033569336,123.41999816894531,1036300
Diageo,1,DEO,2024-08-05,121.4800033569336,121.76000213623047,119.73999786376953,120.0199966430664,1011600
Diageo,1,DEO,2024-08-06,119.4800033569336,121.69999694824219,119.4800033569336,121.08000183105469,740800
Diageo,1,DEO,2024-08-07,121.94000244140625,123.22000122070312,121.94000244140625,122.16000366210938,993800
Diageo,1,DEO,2024-08-08,121.72000122070312,123.04000091552734,121.58000183105469,122.83999633789062,923800
Diageo,1,DEO,2024-08-09,123.58000183105469,124.63999938964844,122.87999725341797,124.55000305175781,903100
Diageo,1,DEO,2024-08-12,125.25,125.76000213623047,124.19000244140625,124.5,1277300
Diageo,1,DEO,2024-08-13,125.68000030517578,128.25999450683594,125.48999786376953,127.9000015258789,1036000
Diageo,1,DEO,2024-08-14,126.06999969482422,128.39999389648438,126.04000091552734,128.13999938964844,1178900
Diageo,1,DEO,2024-08-15,129.83999633789062,130.64999389648438,129.60000610351562,130.35000610351562,675500
Diageo,1,DEO,2024-08-16,128.47999572753906,128.89999389648438,128.3300018310547,128.6199951171875,616700
Diageo,1,DEO,2024-08-19,129.11000061035156,129.94000244140625,129.00999450683594,129.36000061035156,618200
Diageo,1,DEO,2024-08-20,127.73999786376953,128.47999572753906,127.66000366210938,128.42999267578125,1728100
Diageo,1,DEO,2024-08-21,130.24000549316406,131.5800018310547,130.1699981689453,131.3000030517578,864800
Diageo,1,DEO,2024-08-22,132,132.89999389648438,131.33999633789062,132.36000061035156,1108200
Diageo,1,DEO,2024-08-23,133.5399932861328,135.07000732421875,132.8800048828125,135.02999877929688,888800
Diageo,1,DEO,2024-08-26,135.41000366210938,136.8300018310547,135.3000030517578,135.66000366210938,819600
Diageo,1,DEO,2024-08-27,135.57000732421875,135.80999755859375,134.08999633789062,134.38999938964844,922100
Diageo,1,DEO,2024-08-28,133.94000244140625,134.1199951171875,132.5500030517578,133.08999633789062,642700
Diageo,1,DEO,2024-08-29,133.72000122070312,134.3800048828125,132.74000549316406,133.52999877929688,684200
Diageo,1,DEO,2024-08-30,131.07000732421875,131.16000366210938,129.75,130.75999450683594,791900
Diageo,1,DEO,2024-09-03,129.13999938964844,130.27999877929688,128.3800048828125,129.50999450683594,1083400
Diageo,1,DEO,2024-09-04,128.1199951171875,129.77999877929688,128.1199951171875,129.41000366210938,1157900
Diageo,1,DEO,2024-09-05,128.22999572753906,129.17999267578125,128.16000366210938,128.6300048828125,766200
Diageo,1,DEO,2024-09-06,127.81999969482422,128.49000549316406,126.4000015258789,126.43000030517578,1366000
Diageo,1,DEO,2024-09-09,126.91000366210938,129.3000030517578,126.77999877929688,128.7100067138672,699500
Diageo,1,DEO,2024-09-10,128.4600067138672,128.58999633789062,126.62999725341797,127.45999908447266,688700
Diageo,1,DEO,2024-09-11,127.75,129.05999755859375,126.44999694824219,128.75999450683594,655900
Diageo,1,DEO,2024-09-12,131.3800048828125,133.39999389648438,131.07000732421875,133.35000610351562,764300
Diageo,1,DEO,2024-09-13,133.69000244140625,134.44000244140625,130.88999938964844,132.11000061035156,1714300
Diageo,1,DEO,2024-09-16,132.60000610351562,133.5,131.60000610351562,132.89999389648438,1429700
Diageo,1,DEO,2024-09-17,133.36000061035156,134.5399932861328,133.05999755859375,133.39999389648438,683300
Diageo,1,DEO,2024-09-18,133.27999877929688,133.8699951171875,132.11000061035156,132.94000244140625,529800
Diageo,1,DEO,2024-09-19,135.8699951171875,136.75,135.50999450683594,135.86000061035156,779200
Diageo,1,DEO,2024-09-20,134.00999450683594,134.00999450683594,132.75999450683594,133.02999877929688,627900
Diageo,1,DEO,2024-09-23,134.22999572753906,135.77999877929688,134.11000061035156,135.58999633789062,495800
Diageo,1,DEO,2024-09-24,135.8300018310547,137,135.69000244140625,136.30999755859375,646100
Diageo,1,DEO,2024-09-25,135.6199951171875,135.72000122070312,133.08999633789062,133.17999267578125,550300
Diageo,1,DEO,2024-09-26,140.52000427246094,140.80999755859375,139.57000732421875,140.33999633789062,976100
Diageo,1,DEO,2024-09-27,141.27999877929688,142.72999572753906,140.67999267578125,140.77000427246094,836900
Diageo,1,DEO,2024-09-30,140.63999938964844,141.00999450683594,139.6300048828125,140.33999633789062,542200
Diageo,0,DGE.L,2024-01-02,2866.5,2879,2792,2819.5,2976379
Diageo,0,DGE.L,2024-01-03,2819.5,2842,2774.5,2787,2701164
Diageo,0,DGE.L,2024-01-04,2794,2814.5,2782,2808.5,3743393
Diageo,0,DGE.L,2024-01-05,2770.5,2782,2723,2765,8724478
Diageo,0,DGE.L,2024-01-08,2761,2778,2749,2770.5,2839241
Diageo,0,DGE.L,2024-01-09,2790,2790,2740.5,2767.5,4444410
Diageo,0,DGE.L,2024-01-10,2750,2795,2748.5,2787.5,5106045
Diageo,0,DGE.L,2024-01-11,2771,2815.5,2770,2815.5,8751565
Diageo,0,DGE.L,2024-01-12,2807.5,2819.5,2766,2805.5,4875823
Diageo,0,DGE.L,2024-01-15,2788,2809,2783.5,2805,5157897
Diageo,0,DGE.L,2024-01-16,2784,2807.5,2768.5,2797.5,5195145
Diageo,0,DGE.L,2024-01-17,2761.5,2764.5,2729.5,2749,3760707
Diageo,0,DGE.L,2024-01-18,2717.5,2745,2712,2732.5,3612780
Diageo,0,DGE.L,2024-01-19,2746.5,2762.5,2699.22509765625,2715.5,5141092
Diageo,0,DGE.L,2024-01-22,2695,2734.5,2695,2700.5,5882408
Diageo,0,DGE.L,2024-01-23,2697,2711,2676,2685.5,5281439
Diageo,0,DGE.L,2024-01-24,2708.5,2725.5,2687,2699.5,3316269
Diageo,0,DGE.L,2024-01-25,2702.5,2719.5,2700,2710,2737368
Diageo,0,DGE.L,2024-01-26,2796,2860,2792,2849,4715618
Diageo,0,DGE.L,2024-01-29,2820,2868,2815.5,2841.5,5095664
Diageo,0,DGE.L,2024-01-30,2740,2925,2720,2860,9529443
Diageo,0,DGE.L,2024-01-31,2842,2876.5,2828,2860.5,5841282
Diageo,0,DGE.L,2024-02-01,2882.5,2905,2854.5,2905,4696016
Diageo,0,DGE.L,2024-02-02,2931,3007.5,2930,2936.5,4684361
Diageo,0,DGE.L,2024-02-05,2940,2984,2940,2984,3930514
Diageo,0,DGE.L,2024-02-06,2973,2997,2940,2971.5,3406369
Diageo,0,DGE.L,2024-02-07,2975,2996.39501953125,2939.2451171875,2940,3666011
Diageo,0,DGE.L,2024-02-08,2933.5,2966,2926,2926,2679693
Diageo,0,DGE.L,2024-02-09,2914,2928.5,2896.5,2899.5,2666350
Diageo,0,DGE.L,2024-02-12,2899,2916,2877.5,2890.5,4625812
Diageo,0,DGE.L,2024-02-13,2889,2899,2860,2860.5,1903369
Diageo,0,DGE.L,2024-02-14,2852,2872,2844.5,2868.5,2862946
Diageo,0,DGE.L,2024-02-15,2908.5,2938.5,2893.65087890625,2898,4576498
Diageo,0,DGE.L,2024-02-16,2938,2949.5,2905.9560546875,2927.5,4566559
Diageo,0,DGE.L,2024-02-19,2900,2940.5,2898,2940.5,3214504
Diageo,0,DGE.L,2024-02-20,2936,2973.5,2928,2966.5,4824893
Diageo,0,DGE.L,2024-02-21,2979,3011,2972,2989,2701440
Diageo,0,DGE.L,2024-02-22,2982,3003,2961.800048828125,2985,2438793
Diageo,0,DGE.L,2024-02-23,2985.5,3003.5,2977.5,2986,2573370
Diageo,0,DGE.L,2024-02-26,2992,3011,2975,2992.5,2657220
Diageo,0,DGE.L,2024-02-27,2989,3043.5,2986.5,3027,3353191
Diageo,0,DGE.L,2024-02-28,3033.5,3056,3004,3004,2838919
Diageo,0,DGE.L,2024-02-29,2984,2988,2931.5,2962,6014510
Diageo,0,DGE.L,2024-03-01,2976,2988,2948.5,2963.5,2749828
Diageo,0,DGE.L,2024-03-04,2950,2950.3701171875,2925.5,2930,3752437
Diageo,0,DGE.L,2024-03-05,2926,2951.5,2912.5,2923,4344776
Diageo,0,DGE.L,2024-03-06,2917,2917,2875.885009765625,2876,3850807
Diageo,0,DGE.L,2024-03-07,2867,2876.5,2839,2876.5,5067799
Diageo,0,DGE.L,2024-03-08,2865,2879,2855,2874,2136879
Diageo,0,DGE.L,2024-03-11,2873,2891.5,2848,2891.5,4414467
Diageo,0,DGE.L,2024-03-12,2913,2928.5,2906,2908,3515375
Diageo,0,DGE.L,2024-03-13,2904.5,2919.5,2890.5,2911,2422623
Diageo,0,DGE.L,2024-03-14,2949,2974.5,2901.5,2910.5,4465978
Diageo,0,DGE.L,2024-03-15,2894,2910.5,2878.5,2907,9483688
Diageo,0,DGE.L,2024-03-18,2909,2909.5,2867.5,2868.5,2319948
Diageo,0,DGE.L,2024-03-19,2851,2857.5,2825.5,2827.5,8238407
Diageo,0,DGE.L,2024-03-20,2826.5,2849,2801,2826.5,3255416
Diageo,0,DGE.L,2024-03-21,2850,2881.02099609375,2836.5,2870.5,3591042
Diageo,0,DGE.L,2024-03-22,2874,2922,2870.5,2901,3108895
Diageo,0,DGE.L,2024-03-25,2895,2909,2870,2887.5,6693942
Diageo,0,DGE.L,2024-03-26,2872.5,2929.049072265625,2865,2927,4417089
Diageo,0,DGE.L,2024-03-27,2921.5,2949,2899.5,2938,9080191
Diageo,0,DGE.L,2024-03-28,2940,2951,2921.5,2925.5,3451083
Diageo,0,DGE.L,2024-04-02,2920.5,2955,2916.5,2955,5593083
Diageo,0,DGE.L,2024-04-03,2933.5,2955.5,2902.5009765625,2925,5041850
Diageo,0,DGE.L,2024-04-04,2911.5,2925,2896.75,2910,4737715
Diageo,0,DGE.L,2024-04-05,2870.5,2894.5,2849,2849.5,3361282
Diageo,0,DGE.L,2024-04-08,2840.5,2843.25,2813.5,2822.5,2573745
Diageo,0,DGE.L,2024-04-09,2806,2839.5,2801,2809,3058231
Diageo,0,DGE.L,2024-04-10,2828.5,2843.5,2802.5,2825,7435365
Diageo,0,DGE.L,2024-04-11,2810.5,2830.75,2805,2805,5747919
Diageo,0,DGE.L,2024-04-12,2804.5,2823,2784,2784,3794850
Diageo,0,DGE.L,2024-04-15,2755.5,2792,2752,2770,4099314
Diageo,0,DGE.L,2024-04-16,2750,2772.81494140625,2742.5,2746,6506490
Diageo,0,DGE.L,2024-04-17,2727,2817.5,2725.5,2799,6265853
Diageo,0,DGE.L,2024-04-18,2819.5,2859,2815,2823,6800720
Diageo,0,DGE.L,2024-04-19,2812,2836.5,2790.5,2836.5,4795030
Diageo,0,DGE.L,2024-04-22,2860.5,2904,2848,2857,3343916
Diageo,0,DGE.L,2024-04-23,2847.5,2875,2816,2819,4542165
Diageo,0,DGE.L,2024-04-24,2818.5,2833.5,2807.5,2812,2474211
Diageo,0,DGE.L,2024-04-25,2795.5,2813,2740.25,2759,5532411
Diageo,0,DGE.L,2024-04-26,2770,2794,2758.5,2776,3750174
Diageo,0,DGE.L,2024-04-29,2775,2801.5,2767,2769.5,3279602
Diageo,0,DGE.L,2024-04-30,2771.5,2806,2758.5,2775.5,3385694
Diageo,0,DGE.L,2024-05-01,2771,2743.5,2741,2742.5,273810
Diageo,0,DGE.L,2024-05-02,2745,2763.5,2718.5,2728.5,3104419
Diageo,0,DGE.L,2024-05-03,2743.5,2775.5,2712,2729,2429053
Diageo,0,DGE.L,2024-05-07,2744.5,2777,2744,2755.5,4562505
Diageo,0,DGE.L,2024-05-08,2770.5,2814.5,2770.5,2808,4128111
Diageo,0,DGE.L,2024-05-09,2817.5,2847,2791,2837,1898415
Diageo,0,DGE.L,2024-05-10,2841,2854.5,2819.5,2850,2205007
Diageo,0,DGE.L,2024-05-13,2851,2873.5,2824,2831.5,1762601
Diageo,0,DGE.L,2024-05-14,2827.5,2863,2810,2839,2438853
Diageo,0,DGE.L,2024-05-15,2839,2856.5,2802.451904296875,2803,2145610
Diageo,0,DGE.L,2024-05-16,2804,2833.5,2786,2817,2565215
Diageo,0,DGE.L,2024-05-17,2817.5,2827,2791,2800.5,2994878
Diageo,0,DGE.L,2024-05-20,2800,2813.2548828125,2782,2794,2347154
Diageo,0,DGE.L,2024-05-21,2748.5,2811,2735.5,2751.5,2969054
Diageo,0,DGE.L,2024-05-22,2735,2768.5,2718.5,2745.5,8827545
Diageo,0,DGE.L,2024-05-23,2743,2762,2706.5,2709.5,4268289
Diageo,0,DGE.L,2024-05-24,2691,2726,2673.5,2693,3584422
Diageo,0,DGE.L,2024-05-28,2689.5,2709.5,2618,2629,3345223
Diageo,0,DGE.L,2024-05-29,2612.5,2645,2588.948974609375,2590,3696832
Diageo,0,DGE.L,2024-05-30,2573,2612.5,2563,2602,5413109
Diageo,0,DGE.L,2024-05-31,2595.5,2637.5,2584,2630.5,6766307
Diageo,0,DGE.L,2024-06-03,2656.5,2673,2628.25,2639,2674707
Diageo,0,DGE.L,2024-06-04,2639.5,2642,2610,2639.5,2823474
Diageo,0,DGE.L,2024-06-05,2660,2677.5,2636.5,2656.5,3719018
Diageo,0,DGE.L,2024-06-06,2671,2719.5,2640.5,2712.5,4834359
Diageo,0,DGE.L,2024-06-07,2704,2729,2650.5,2670,2776412
Diageo,0,DGE.L,2024-06-10,2642,2686.5,2606.5,2607,2883871
Diageo,0,DGE.L,2024-06-11,2609.5,2626,2570.5,2594.5,3090763
Diageo,0,DGE.L,2024-06-12,2600,2627,2578.5,2611,3896280
Diageo,0,DGE.L,2024-06-13,2602.5,2610,2561,2574.5,3275804
Diageo,0,DGE.L,2024-06-14,2569,2602,2562.5,2579,2763551
Diageo,0,DGE.L,2024-06-17,2603.5,2609.5,2560,2575.5,2788747
Diageo,0,DGE.L,2024-06-18,2585,2588,2558,2558,3229309
Diageo,0,DGE.L,2024-06-19,2519,2569.5,2515.5,2569,3955921
Diageo,0,DGE.L,2024-06-20,2569,2599.5,2526,2590.5,5469187
Diageo,0,DGE.L,2024-06-21,2582.5,2606.5,2552,2578,8019175
Diageo,0,DGE.L,2024-06-24,2571.5,2606.5,2556,2578,2684832
Diageo,0,DGE.L,2024-06-25,2586.5,2600,2562.5,2572.5,2638382
Diageo,0,DGE.L,2024-06-26,2579.5,2580,2541.5,2553,3459896
Diageo,0,DGE.L,2024-06-27,2548.5,2568.5,2500,2500,3454618
Diageo,0,DGE.L,2024-06-28,2514,2521.5,2483.75,2489.5,3652930
Diageo,0,DGE.L,2024-07-01,2502.5,2516.5,2474.5,2480,2662847
Diageo,0,DGE.L,2024-07-02,2466.5,2495,2452,2463.5,3746971
Diageo,0,DGE.L,2024-07-03,2530,2542,2490,2508.5,4979067
Diageo,0,DGE.L,2024-07-04,2515.5,2541,2493,2535,3086286
Diageo,0,DGE.L,2024-07-05,2545.5,2561,2519.5,2523,2482497
Diageo,0,DGE.L,2024-07-08,2529.5,2550.5,2504,2506,5368691
Diageo,0,DGE.L,2024-07-09,2497.5,2538.5,2473.5,2478,3727087
Diageo,0,DGE.L,2024-07-10,2478,2504.5,2462.5,2502.5,3284112
Diageo,0,DGE.L,2024-07-11,2521,2559,2487,2546,6702105
Diageo,0,DGE.L,2024-07-12,2535.5,2731.5,2520,2539.5,3259930
Diageo,0,DGE.L,2024-07-15,2523.5,2534.5,2483.5,2488,3546442
Diageo,0,DGE.L,2024-07-16,2473,2731.5,2461,2480,3188382
Diageo,0,DGE.L,2024-07-17,2476.5,2520,2473,2508.5,3682124
Diageo,0,DGE.L,2024-07-18,2539.5,2552,2493,2525,2053284
Diageo,0,DGE.L,2024-07-19,2485.5,2524,2472,2490.5,3205121
Diageo,0,DGE.L,2024-07-22,2503.5,2542,2501,2505,1960009
Diageo,0,DGE.L,2024-07-23,2499,2512.5,2487.5,2496,2619086
Diageo,0,DGE.L,2024-07-24,2474.5,2503.5,2473,2496.5,2382318
Diageo,0,DGE.L,2024-07-25,2501,2554,2486.5,2531.5,3148140
Diageo,0,DGE.L,2024-07-26,2539.5,2567,2536.5,2565.5,2400071
Diageo,0,DGE.L,2024-07-29,2562,2579.5,2539,2547.5,2514282
Diageo,0,DGE.L,2024-07-30,2399,2436.5,2275,2418,9276148
Diageo,0,DGE.L,2024-07-31,2452,2496.5,2407,2419,7107554
Diageo,0,DGE.L,2024-08-01,2422,2434,2387.5,2400,3518058
Diageo,0,DGE.L,2024-08-02,2381.5,2404,2366,2380,5074205
Diageo,0,DGE.L,2024-08-05,2369.5,2397.5,2353,2359,3005690
Diageo,0,DGE.L,2024-08-06,2372,2379.5,2348.884033203125,2368,3196555
Diageo,0,DGE.L,2024-08-07,2370,2409,2355,2406,2574635
Diageo,0,DGE.L,2024-08-08,2405.5,2455.5,2382.862060546875,2404,2664476
Diageo,0,DGE.L,2024-08-09,2415.5,2446,2403,2426.5,1733356
Diageo,0,DGE.L,2024-08-12,2465,2467.5,2437.77490234375,2451.5,3264831
Diageo,0,DGE.L,2024-08-13,2440.5,2468,2433,2467,2273162
Diageo,0,DGE.L,2024-08-14,2500,2509.550048828125,2447.5,2470,2306915
Diageo,0,DGE.L,2024-08-15,2496.5,2532.5,2484.111083984375,2520.5,1841411
Diageo,0,DGE.L,2024-08-16,2520,2524.5,2478,2483.5,2686842
Diageo,0,DGE.L,2024-08-19,2484,2493,2475.5,2482,1592639
Diageo,0,DGE.L,2024-08-20,2484.5,2498,2440.5,2441.5,2201949
Diageo,0,DGE.L,2024-08-21,2456,2501.5,2454,2490.5,5813901
Diageo,0,DGE.L,2024-08-22,2486.5,2517,2483,2502,1946214
Diageo,0,DGE.L,2024-08-23,2522.5,2540,2514.550048828125,2531,2010069
Diageo,0,DGE.L,2024-08-27,2547,2577.5,2530,2530,4260982
Diageo,0,DGE.L,2024-08-28,2522,2536.5,2513.5,2519.5,1587009
Diageo,0,DGE.L,2024-08-29,2469,2578.5,2464.5,2489,4042184
Diageo,0,DGE.L,2024-08-30,2489,2504.5,2472.277099609375,2472.5,3638702
Diageo,0,DGE.L,2024-09-02,2478,2490,2460,2474,1608425
Diageo,0,DGE.L,2024-09-03,2486,2490,2438.5,2464.5,2446850
Diageo,0,DGE.L,2024-09-04,2449.5,2461,2428.5,2450,1779753
Diageo,0,DGE.L,2024-09-05,2441.5,2450,2417.5,2430.5,3253476
Diageo,0,DGE.L,2024-09-06,2427.5,2435,2397.5,2400,3201199
Diageo,0,DGE.L,2024-09-09,2415,2486.7099609375,2392.16796875,2439,1914662
Diageo,0,DGE.L,2024-09-10,2440.5,2449,2410.5,2417,3396741
Diageo,0,DGE.L,2024-09-11,2420,2442,2409,2434,3378798
Diageo,0,DGE.L,2024-09-12,2527,2627,2465,2506,6479218
Diageo,0,DGE.L,2024-09-13,2531,2545,2463.5,2470,3449302
Diageo,0,DGE.L,2024-09-16,2473,2491,2464,2466,3175519
Diageo,0,DGE.L,2024-09-17,2488.5,2528,2473,2525.5,4032313
Diageo,0,DGE.L,2024-09-18,2509,2513.362060546875,2476.5,2484,3209514
Diageo,0,DGE.L,2024-09-19,2521,2566.5,2506.5,2552,4837326
Diageo,0,DGE.L,2024-09-20,2525,2533,2491.720947265625,2494.5,7793076
Diageo,0,DGE.L,2024-09-23,2484,2526.5,2479,2526.5,3846601
Diageo,0,DGE.L,2024-09-24,2554.5,2560,2521,2549,7378143
Diageo,0,DGE.L,2024-09-25,2516,2543.5,2494,2497.5,3333364
Diageo,0,DGE.L,2024-09-26,2550,2635,2548.197021484375,2614.5,4936613
Diageo,0,DGE.L,2024-09-27,2619,2659.5,2615.5,2653,3434307
Diageo,0,DGE.L,2024-09-30,2614.5,2652.5,2602.947998046875,2603,6218623
NationalGrid,1,NGG,2024-01-02,67.30999755859375,67.98999786376953,67.22000122070312,67.81999969482422,454300
NationalGrid,1,NGG,2024-01-03,67.41000366210938,68.5,67.41000366210938,68.37999725341797,335100
NationalGrid,1,NGG,2024-01-04,68.77999877929688,69.36000061035156,68.76000213623047,68.9800033569336,593600
NationalGrid,1,NGG,2024-01-05,68.66000366210938,69.30999755859375,68.52999877929688,69.27999877929688,291500
NationalGrid,1,NGG,2024-01-08,68.94999694824219,69.19999694824219,68.81999969482422,69.16999816894531,299300
NationalGrid,1,NGG,2024-01-09,68.69999694824219,69.12000274658203,68.69999694824219,68.9000015258789,348900
NationalGrid,1,NGG,2024-01-10,68.87000274658203,69.08000183105469,68.83000183105469,68.87000274658203,168700
NationalGrid,1,NGG,2024-01-11,69.0199966430664,69.06999969482422,67.80000305175781,68.29000091552734,320100
NationalGrid,1,NGG,2024-01-12,68.75,68.9000015258789,68.4800033569336,68.68000030517578,218600
NationalGrid,1,NGG,2024-01-16,68.37999725341797,68.44999694824219,67.91999816894531,68.05999755859375,271200
NationalGrid,1,NGG,2024-01-17,66.11000061035156,66.51000213623047,65.83999633789062,66.2300033569336,501700
NationalGrid,1,NGG,2024-01-18,66.02999877929688,66.06999969482422,65.55999755859375,65.94000244140625,304500
NationalGrid,1,NGG,2024-01-19,65.80000305175781,66.1500015258789,65.56999969482422,66.11000061035156,272800
NationalGrid,1,NGG,2024-01-22,66.44999694824219,66.72000122070312,66.0999984741211,66.37999725341797,563800
NationalGrid,1,NGG,2024-01-23,65.94000244140625,66.7300033569336,65.7300033569336,66.69999694824219,2033300
NationalGrid,1,NGG,2024-01-24,67.33999633789062,67.45999908447266,66.26000213623047,66.27999877929688,1763200
NationalGrid,1,NGG,2024-01-25,66.44999694824219,66.58000183105469,65.93000030517578,66.56999969482422,281200
NationalGrid,1,NGG,2024-01-26,66.93000030517578,67.4000015258789,66.93000030517578,67.22000122070312,260700
NationalGrid,1,NGG,2024-01-29,67.20999908447266,67.69000244140625,66.94999694824219,67.52999877929688,282800
NationalGrid,1,NGG,2024-01-30,67.41999816894531,67.75,67.11000061035156,67.51000213623047,190900
NationalGrid,1,NGG,2024-01-31,67.94000244140625,68.4000015258789,67.36000061035156,67.52999877929688,232300
NationalGrid,1,NGG,2024-02-01,67.47000122070312,68.62000274658203,67.12000274658203,68.58000183105469,622200
NationalGrid,1,NGG,2024-02-02,67.44000244140625,67.5199966430664,66.37999725341797,66.87999725341797,224700
NationalGrid,1,NGG,2024-02-05,66.7300033569336,67.02999877929688,66.45999908447266,66.8499984741211,985400
NationalGrid,1,NGG,2024-02-06,66.08000183105469,66.63999938964844,65.98999786376953,66.56999969482422,1427100
NationalGrid,1,NGG,2024-02-07,66.5199966430664,66.63999938964844,66.33000183105469,66.45999908447266,484100
NationalGrid,1,NGG,2024-02-08,65.69000244140625,65.77999877929688,64.73999786376953,64.87999725341797,468800
NationalGrid,1,NGG,2024-02-09,64.27999877929688,64.5199966430664,63.77000045776367,64.22000122070312,428700
NationalGrid,1,NGG,2024-02-12,64.08000183105469,64.63999938964844,63.880001068115234,64.58000183105469,412300
NationalGrid,1,NGG,2024-02-13,64.30999755859375,64.36000061035156,63.349998474121094,63.70000076293945,289400
NationalGrid,1,NGG,2024-02-14,63.86000061035156,64.08000183105469,63.599998474121094,64.0199966430664,896600
NationalGrid,1,NGG,2024-02-15,64.4800033569336,65.02999877929688,64.37999725341797,64.80000305175781,297400
NationalGrid,1,NGG,2024-02-16,64.72000122070312,65.20999908447266,64.62999725341797,65.08999633789062,256500
NationalGrid,1,NGG,2024-02-20,66.25,66.87999725341797,66.18000030517578,66.70999908447266,647700
NationalGrid,1,NGG,2024-02-21,66.55000305175781,66.91000366210938,66.2300033569336,66.68000030517578,533500
NationalGrid,1,NGG,2024-02-22,66.08000183105469,66.31999969482422,65.5999984741211,66.02999877929688,349500
NationalGrid,1,NGG,2024-02-23,66.52999877929688,66.91000366210938,66.37999725341797,66.63999938964844,240900
NationalGrid,1,NGG,2024-02-26,66.3499984741211,66.38999938964844,65.62000274658203,65.66000366210938,284400
NationalGrid,1,NGG,2024-02-27,65.94000244140625,66.41000366210938,65.80000305175781,66.37999725341797,208500
NationalGrid,1,NGG,2024-02-28,65.91999816894531,66.2300033569336,65.80999755859375,66.08000183105469,376300
NationalGrid,1,NGG,2024-02-29,67.01000213623047,67.37999725341797,66.55000305175781,66.66000366210938,326100
NationalGrid,1,NGG,2024-03-01,66.51000213623047,66.69999694824219,65.86000061035156,66.52999877929688,254000
NationalGrid,1,NGG,2024-03-04,66.4000015258789,67.58000183105469,66.36000061035156,67.4800033569336,375400
NationalGrid,1,NGG,2024-03-05,67.9000015258789,68.51000213623047,67.66999816894531,67.75,406200
NationalGrid,1,NGG,2024-03-06,68.66999816894531,68.87000274658203,68.12999725341797,68.41999816894531,299100
NationalGrid,1,NGG,2024-03-07,68.93000030517578,69.02999877929688,68.44999694824219,68.72000122070312,266200
NationalGrid,1,NGG,2024-03-08,68.72000122070312,69.04000091552734,68.58999633789062,68.80000305175781,380700
NationalGrid,1,NGG,2024-03-11,68.58000183105469,68.80000305175781,68.27999877929688,68.58999633789062,236800
NationalGrid,1,NGG,2024-03-12,68.1500015258789,68.19000244140625,67.08000183105469,67.48999786376953,333500
NationalGrid,1,NGG,2024-03-13,67.83000183105469,68.16000366210938,67.5999984741211,67.5999984741211,224400
NationalGrid,1,NGG,2024-03-14,67.9000015258789,67.91999816894531,67.08000183105469,67.44999694824219,219500
NationalGrid,1,NGG,2024-03-15,67.70999908447266,67.97000122070312,67.41000366210938,67.88999938964844,368600
NationalGrid,1,NGG,2024-03-18,67.58999633789062,67.62999725341797,67.11000061035156,67.20999908447266,227700
NationalGrid,1,NGG,2024-03-19,67.16999816894531,67.44000244140625,67.04000091552734,67.29000091552734,184200
NationalGrid,1,NGG,2024-03-20,67.8499984741211,68.55000305175781,67.69999694824219,68.52999877929688,283900
NationalGrid,1,NGG,2024-03-21,68.7300033569336,68.94000244140625,67.87999725341797,67.91999816894531,311000
NationalGrid,1,NGG,2024-03-22,67.68000030517578,68.33000183105469,67.68000030517578,68,217600
NationalGrid,1,NGG,2024-03-25,68.19000244140625,68.38999938964844,67.94000244140625,67.9800033569336,479000
NationalGrid,1,NGG,2024-03-26,67.8499984741211,67.97000122070312,67.12000274658203,67.1500015258789,372600
NationalGrid,1,NGG,2024-03-27,66.63999938964844,67.9000015258789,66.56999969482422,67.83000183105469,302300
NationalGrid,1,NGG,2024-03-28,67.9800033569336,68.38999938964844,67.93000030517578,68.22000122070312,280000
NationalGrid,1,NGG,2024-04-01,67.91999816894531,68.08000183105469,67.3499984741211,67.83000183105469,232900
NationalGrid,1,NGG,2024-04-02,67.98999786376953,68.55000305175781,67.9800033569336,68.0199966430664,321000
NationalGrid,1,NGG,2024-04-03,68,68.41999816894531,67.61000061035156,68.16000366210938,247300
NationalGrid,1,NGG,2024-04-04,68.83000183105469,68.95999908447266,67.91000366210938,68.20999908447266,233100
NationalGrid,1,NGG,2024-04-05,66.7699966430664,66.87999725341797,66.01000213623047,66.33000183105469,404700
NationalGrid,1,NGG,2024-04-08,66.29000091552734,67,66.29000091552734,66.55999755859375,414400
NationalGrid,1,NGG,2024-04-09,66.7699966430664,66.9800033569336,66.31999969482422,66.7699966430664,215300
NationalGrid,1,NGG,2024-04-10,65.94999694824219,65.94999694824219,64.68000030517578,64.87000274658203,294000
NationalGrid,1,NGG,2024-04-11,65.26000213623047,65.2699966430664,64.19999694824219,64.66000366210938,246300
NationalGrid,1,NGG,2024-04-12,65.25,66.08999633789062,64.9000015258789,65,437700
NationalGrid,1,NGG,2024-04-15,65.11000061035156,65.19999694824219,64.41000366210938,64.51000213623047,312200
NationalGrid,1,NGG,2024-04-16,64.02999877929688,64.0999984741211,63.310001373291016,63.52000045776367,449500
NationalGrid,1,NGG,2024-04-17,64.27999877929688,64.7300033569336,63.9900016784668,64.58999633789062,286500
NationalGrid,1,NGG,2024-04-18,65.19999694824219,65.48999786376953,64.93000030517578,65.44000244140625,350400
NationalGrid,1,NGG,2024-04-19,65.48999786376953,65.8499984741211,65.31999969482422,65.37999725341797,488900
NationalGrid,1,NGG,2024-04-22,65.41000366210938,66.08000183105469,65.27999877929688,65.8499984741211,451400
NationalGrid,1,NGG,2024-04-23,66.27999877929688,67.11000061035156,66.2699966430664,66.83999633789062,336500
NationalGrid,1,NGG,2024-04-24,66.7300033569336,66.95999908447266,66.4000015258789,66.81999969482422,253800
NationalGrid,1,NGG,2024-04-25,66.31999969482422,66.80999755859375,66,66.76000213623047,232300
NationalGrid,1,NGG,2024-04-26,66.80000305175781,66.93000030517578,66.30000305175781,66.30999755859375,287100
NationalGrid,1,NGG,2024-04-29,67.0999984741211,67.43000030517578,67.04000091552734,67.12000274658203,231700
NationalGrid,1,NGG,2024-04-30,66.68000030517578,66.93000030517578,66.43000030517578,66.6500015258789,217200
NationalGrid,1,NGG,2024-05-01,66.81999969482422,67.62000274658203,66.69000244140625,67.12000274658203,257800
NationalGrid,1,NGG,2024-05-02,67.26000213623047,67.79000091552734,67.08000183105469,67.61000061035156,527000
NationalGrid,1,NGG,2024-05-03,68.30000305175781,68.55999755859375,67.83000183105469,68.33000183105469,267800
NationalGrid,1,NGG,2024-05-06,68.05999755859375,68.80000305175781,68.04000091552734,68.6500015258789,186500
NationalGrid,1,NGG,2024-05-07,69.69999694824219,69.93000030517578,69.45999908447266,69.62000274658203,250600
NationalGrid,1,NGG,2024-05-08,69.47000122070312,69.97000122070312,69.44999694824219,69.83999633789062,185400
NationalGrid,1,NGG,2024-05-09,70.20999908447266,70.9000015258789,70.16999816894531,70.80000305175781,284600
NationalGrid,1,NGG,2024-05-10,71.30000305175781,71.30000305175781,70.81999969482422,71.20999908447266,295200
NationalGrid,1,NGG,2024-05-13,71.23999786376953,71.47000122070312,70.75,70.80000305175781,246400
NationalGrid,1,NGG,2024-05-14,71.80999755859375,71.94000244140625,71.37000274658203,71.52999877929688,173000
NationalGrid,1,NGG,2024-05-15,72.93000030517578,73.08000183105469,72.70999908447266,72.80000305175781,298700
NationalGrid,1,NGG,2024-05-16,73.08999633789062,73.4000015258789,72.87999725341797,73.30999755859375,318300
NationalGrid,1,NGG,2024-05-17,72.94000244140625,73.16999816894531,72.73999786376953,72.83000183105469,226000
NationalGrid,1,NGG,2024-05-20,73.2300033569336,73.27999877929688,72.29000091552734,72.37000274658203,324400
NationalGrid,1,NGG,2024-05-21,72.0999984741211,72.81999969482422,72.0199966430664,72.72000122070312,243100
NationalGrid,1,NGG,2024-05-22,72.22000122070312,72.70999908447266,71.94000244140625,71.98999786376953,326300
NationalGrid,1,NGG,2024-05-23,65.4800033569336,65.4800033569336,61.560001373291016,61.720001220703125,1682700
NationalGrid,1,NGG,2024-05-24,61.83000183105469,62.439998626708984,60.400001525878906,60.689998626708984,1041900
NationalGrid,1,NGG,2024-05-28,61,61.2599983215332,59.33000183105469,60.0099983215332,801000
NationalGrid,1,NGG,2024-05-29,58.65999984741211,58.9900016784668,57.34000015258789,58.58000183105469,1113700
NationalGrid,1,NGG,2024-05-30,57.060001373291016,58.29999923706055,57.0099983215332,58.09000015258789,1326400
NationalGrid,1,NGG,2024-05-31,57.400001525878906,57.959999084472656,57,57.86000061035156,1696300
NationalGrid,1,NGG,2024-06-03,57.68000030517578,58.27000045776367,57.45000076293945,58.119998931884766,779600
NationalGrid,1,NGG,2024-06-04,58.81999969482422,59.84000015258789,58.689998626708984,59.810001373291016,825800
NationalGrid,1,NGG,2024-06-05,59.369998931884766,59.369998931884766,58.369998931884766,58.900001525878906,762100
NationalGrid,1,NGG,2024-06-06,58.83000183105469,59.11000061035156,58.290000915527344,58.63999938964844,816800
NationalGrid,1,NGG,2024-06-07,55.9900016784668,56.72999954223633,55.880001068115234,56,663200
NationalGrid,1,NGG,2024-06-10,56.27000045776367,56.529998779296875,55.9900016784668,56.529998779296875,577000
NationalGrid,1,NGG,2024-06-11,55.79999923706055,55.91999816894531,55.130001068115234,55.5,753400
NationalGrid,1,NGG,2024-06-12,57.36000061035156,57.400001525878906,56.2599983215332,56.900001525878906,1217500
NationalGrid,1,NGG,2024-06-13,56.84000015258789,56.880001068115234,55.90999984741211,56.150001525878906,953600
NationalGrid,1,NGG,2024-06-14,56.15999984741211,56.630001068115234,56.02000045776367,56.54999923706055,1066400
NationalGrid,1,NGG,2024-06-17,55.880001068115234,56.09000015258789,55.650001525878906,55.79999923706055,834300
NationalGrid,1,NGG,2024-06-18,56.689998626708984,56.93000030517578,56.41999816894531,56.5,1457700
NationalGrid,1,NGG,2024-06-20,57.150001525878906,58.099998474121094,57.150001525878906,57.849998474121094,1367500
NationalGrid,1,NGG,2024-06-21,57.369998931884766,57.75,56.93000030517578,57.130001068115234,1320300
NationalGrid,1,NGG,2024-06-24,57.0099983215332,57.5,56.95000076293945,57.43000030517578,1098800
NationalGrid,1,NGG,2024-06-25,57.2400016784668,57.79999923706055,57.150001525878906,57.65999984741211,1081700
NationalGrid,1,NGG,2024-06-26,56.5099983215332,57.369998931884766,56.38999938964844,56.97999954223633,1084300
NationalGrid,1,NGG,2024-06-27,56.34000015258789,56.7400016784668,56.130001068115234,56.709999084472656,1178500
NationalGrid,1,NGG,2024-06-28,56.959999084472656,56.959999084472656,56.599998474121094,56.79999923706055,1050300
NationalGrid,1,NGG,2024-07-01,57.2599983215332,57.81999969482422,56.869998931884766,57.13999938964844,1031500
NationalGrid,1,NGG,2024-07-02,57.560001373291016,57.66999816894531,57.119998931884766,57.40999984741211,825400
NationalGrid,1,NGG,2024-07-03,58.709999084472656,59.13999938964844,58.58000183105469,59.08000183105469,744200
NationalGrid,1,NGG,2024-07-05,60.119998931884766,60.369998931884766,59.66999816894531,60.04999923706055,1415600
NationalGrid,1,NGG,2024-07-08,60.5,60.84000015258789,60.25,60.709999084472656,834700
NationalGrid,1,NGG,2024-07-09,60.61000061035156,60.79999923706055,60.11000061035156,60.349998474121094,538200
NationalGrid,1,NGG,2024-07-10,61,61.439998626708984,60.95000076293945,61.439998626708984,719600
NationalGrid,1,NGG,2024-07-11,62.540000915527344,62.88999938964844,62.380001068115234,62.849998474121094,1005400
NationalGrid,1,NGG,2024-07-12,62.189998626708984,62.70000076293945,62.11000061035156,62.150001525878906,1419400
NationalGrid,1,NGG,2024-07-15,61.630001068115234,61.630001068115234,60.79999923706055,60.810001373291016,987000
NationalGrid,1,NGG,2024-07-16,60.61000061035156,61.0099983215332,60.31999969482422,60.9900016784668,710400
NationalGrid,1,NGG,2024-07-17,61.2400016784668,61.90999984741211,61.130001068115234,61.779998779296875,727900
NationalGrid,1,NGG,2024-07-18,61.529998779296875,61.83000183105469,60.939998626708984,60.95000076293945,785400
NationalGrid,1,NGG,2024-07-19,61.15999984741211,61.81999969482422,60.65999984741211,61.790000915527344,1411100
NationalGrid,1,NGG,2024-07-22,62.029998779296875,62.290000915527344,61.81999969482422,62.09000015258789,684700
NationalGrid,1,NGG,2024-07-23,61.91999816894531,62.2400016784668,61.650001525878906,62.040000915527344,332100
NationalGrid,1,NGG,2024-07-24,62.18000030517578,62.880001068115234,62.11000061035156,62.81999969482422,584700
NationalGrid,1,NGG,2024-07-25,62.619998931884766,63.150001525878906,62.540000915527344,62.650001525878906,501900
NationalGrid,1,NGG,2024-07-26,63.349998474121094,63.68000030517578,63.13999938964844,63.619998931884766,519200
NationalGrid,1,NGG,2024-07-29,63.70000076293945,64.37999725341797,63.279998779296875,64.33999633789062,903400
NationalGrid,1,NGG,2024-07-30,63.93000030517578,64.05000305175781,63.59000015258789,63.95000076293945,757100
NationalGrid,1,NGG,2024-07-31,64.25,64.73999786376953,64.05999755859375,64.44999694824219,635600
NationalGrid,1,NGG,2024-08-01,63.720001220703125,64.2300033569336,63.45000076293945,63.66999816894531,1170000
NationalGrid,1,NGG,2024-08-02,65,65.48999786376953,64.48999786376953,65.08000183105469,1171400
NationalGrid,1,NGG,2024-08-05,62.95000076293945,63.18000030517578,62.06999969482422,62.11000061035156,1139900
NationalGrid,1,NGG,2024-08-06,61.75,63.060001373291016,61.58000183105469,62.7599983215332,708700
NationalGrid,1,NGG,2024-08-07,63.2400016784668,63.25,62.54999923706055,62.56999969482422,579800
NationalGrid,1,NGG,2024-08-08,62.810001373291016,63.5,62.720001220703125,63.130001068115234,485900
NationalGrid,1,NGG,2024-08-09,63.310001373291016,63.70000076293945,62.880001068115234,63.61000061035156,734200
NationalGrid,1,NGG,2024-08-12,63.4900016784668,63.61000061035156,63.29999923706055,63.52000045776367,308700
NationalGrid,1,NGG,2024-08-13,64.37000274658203,64.48999786376953,64.02999877929688,64.31999969482422,601700
NationalGrid,1,NGG,2024-08-14,63.939998626708984,64.6500015258789,63.900001525878906,64.55000305175781,532900
NationalGrid,1,NGG,2024-08-15,64.33999633789062,64.5,63.880001068115234,64.3499984741211,386200
NationalGrid,1,NGG,2024-08-16,64.26000213623047,64.66000366210938,64.26000213623047,64.43000030517578,324100
NationalGrid,1,NGG,2024-08-19,64.70999908447266,65.33999633789062,64.66999816894531,65,350000
NationalGrid,1,NGG,2024-08-20,65,65.41000366210938,64.95999908447266,65.19000244140625,287700
NationalGrid,1,NGG,2024-08-21,65.29000091552734,65.5,64.91000366210938,65.2699966430664,262300
NationalGrid,1,NGG,2024-08-22,65.76000213623047,65.88999938964844,65.36000061035156,65.44000244140625,285800
NationalGrid,1,NGG,2024-08-23,66.02999877929688,66.69000244140625,65.80000305175781,66.61000061035156,521100
NationalGrid,1,NGG,2024-08-26,66.52999877929688,67.02999877929688,66.41999816894531,66.76000213623047,277000
NationalGrid,1,NGG,2024-08-27,66.54000091552734,66.87999725341797,66.44999694824219,66.66999816894531,381200
NationalGrid,1,NGG,2024-08-28,66.7699966430664,67.18000030517578,66.75,67,312100
NationalGrid,1,NGG,2024-08-29,66.47000122070312,66.58999633789062,66.02999877929688,66.30999755859375,318100
NationalGrid,1,NGG,2024-08-30,66.51000213623047,66.72000122070312,66.16999816894531,66.5999984741211,335000
NationalGrid,1,NGG,2024-09-03,66.16000366210938,66.43000030517578,66.05000305175781,66.16000366210938,574200
NationalGrid,1,NGG,2024-09-04,66.29000091552734,66.9000015258789,66.29000091552734,66.80000305175781,407900
NationalGrid,1,NGG,2024-09-05,68.02999877929688,68.31999969482422,67.87000274658203,67.98999786376953,415800
NationalGrid,1,NGG,2024-09-06,68.19999694824219,68.29000091552734,67.55000305175781,67.62000274658203,401900
NationalGrid,1,NGG,2024-09-09,68.3499984741211,68.9000015258789,68.31999969482422,68.77999877929688,410200
NationalGrid,1,NGG,2024-09-10,69.11000061035156,69.33000183105469,68.87999725341797,69.13999938964844,417600
NationalGrid,1,NGG,2024-09-11,68.87000274658203,69.36000061035156,68.45999908447266,69.31999969482422,389700
NationalGrid,1,NGG,2024-09-12,68.9800033569336,69.29000091552734,68.69999694824219,69.2699966430664,342600
NationalGrid,1,NGG,2024-09-13,69.44999694824219,69.66999816894531,69.2699966430664,69.5999984741211,494200
NationalGrid,1,NGG,2024-09-16,69.94999694824219,70.29000091552734,69.7699966430664,70.12999725341797,461400
NationalGrid,1,NGG,2024-09-17,70.5,70.69999694824219,70.1500015258789,70.37000274658203,573300
NationalGrid,1,NGG,2024-09-18,70.45999908447266,70.52999877929688,69.87999725341797,70.05000305175781,499000
NationalGrid,1,NGG,2024-09-19,68.25,68.9800033569336,67.76000213623047,68.83000183105469,466000
NationalGrid,1,NGG,2024-09-20,69.5999984741211,69.75,69.1500015258789,69.55000305175781,521600
NationalGrid,1,NGG,2024-09-23,70.23999786376953,70.5199966430664,70.12999725341797,70.4800033569336,452000
NationalGrid,1,NGG,2024-09-24,70.16000366210938,70.70999908447266,70.02999877929688,70.11000061035156,412500
NationalGrid,1,NGG,2024-09-25,70.02999877929688,70.25,69.94000244140625,70.0999984741211,444900
NationalGrid,1,NGG,2024-09-26,70.26000213623047,70.4000015258789,69.61000061035156,70.05999755859375,347200
NationalGrid,1,NGG,2024-09-27,70.12999725341797,70.4000015258789,69.72000122070312,69.7300033569336,344200
NationalGrid,1,NGG,2024-09-30,70.02999877929688,70.18000030517578,69.4800033569336,69.66999816894531,283500
NationalGrid,0,NG.L,2024-01-02,1058.5,1064.5,1052.5,1057.5,4496011
NationalGrid,0,NG.L,2024-01-03,1059,1065.5,1052.5,1062.5,23222468
NationalGrid,0,NG.L,2024-01-04,1064.5,1079,1063.5,1078.5,11483505
NationalGrid,0,NG.L,2024-01-05,1073,1079,1064.5,1075,5213113
NationalGrid,0,NG.L,2024-01-08,1070.5,1073.5,1065.5,1068,16136431
NationalGrid,0,NG.L,2024-01-09,1066.5,1074,1065.5,1074,5605728
NationalGrid,0,NG.L,2024-01-10,1067,1073,1063.7840576171875,1068.5,8530704
NationalGrid,0,NG.L,2024-01-11,1072,1076.5,1055.5,1055.5,8761489
NationalGrid,0,NG.L,2024-01-12,1057.5,1069.280029296875,1057.5,1063.5,13809545
NationalGrid,0,NG.L,2024-01-15,1070.0040283203125,1075,1065,1070.5,3360031
NationalGrid,0,NG.L,2024-01-16,1065,1069,1061.5,1066.5,13625229
NationalGrid,0,NG.L,2024-01-17,1056,1056,1026.5,1037,6955178
NationalGrid,0,NG.L,2024-01-18,1029.5,1031.02001953125,1018,1024.5,26751025
NationalGrid,0,NG.L,2024-01-19,1025,1030.5,1022.5,1026.5,26203591
NationalGrid,0,NG.L,2024-01-22,1026.5,1036,1022.5,1031,8763025
NationalGrid,0,NG.L,2024-01-23,1032.5,1033.5,1023,1029.5,9044183
NationalGrid,0,NG.L,2024-01-24,1040,1045.5,1033.5,1033.5,6392361
NationalGrid,0,NG.L,2024-01-25,1029,1033.5,1024,1026,6779100
NationalGrid,0,NG.L,2024-01-26,1032.5,1043.5,1030.5,1043.5,8479771
NationalGrid,0,NG.L,2024-01-29,1046.5,1060.5,1041.5,1045.5,6291339
NationalGrid,0,NG.L,2024-01-30,1046,1052.2230224609375,1040.5,1046.5,7814055
NationalGrid,0,NG.L,2024-01-31,1050,1060,1045.5,1055,8547008
NationalGrid,0,NG.L,2024-02-01,1047.5,1056.5,1044.800048828125,1051,6833639
NationalGrid,0,NG.L,2024-02-02,1065,1066,1039.5,1040.5,4788848
NationalGrid,0,NG.L,2024-02-05,1070.5,1077,1043,1047,22418602
NationalGrid,0,NG.L,2024-02-06,1050,1055,1026.5,1036.5,9318375
NationalGrid,0,NG.L,2024-02-07,1040.5,1044.3349609375,1034.5,1035.5,23959757
NationalGrid,0,NG.L,2024-02-08,1033.5,1037.5,1012.9600219726562,1013,5753578
NationalGrid,0,NG.L,2024-02-09,1006,1014,997.7999877929688,997.7999877929688,7969281
NationalGrid,0,NG.L,2024-02-12,1000,1006,993.4000244140625,1002,10982049
NationalGrid,0,NG.L,2024-02-13,1004,1012,996.2000122070312,997,5839840
NationalGrid,0,NG.L,2024-02-14,1005,1011,999.2000122070312,1002,4022206
NationalGrid,0,NG.L,2024-02-15,1005.5,1017.5,1002,1009,5628169
NationalGrid,0,NG.L,2024-02-16,1011.5,1018,1004.5,1016,9921124
NationalGrid,0,NG.L,2024-02-19,1016,1025,1013.1820068359375,1021.5,3428465
NationalGrid,0,NG.L,2024-02-20,1023,1042,1019.5,1039,9013811
NationalGrid,0,NG.L,2024-02-21,1036.5,1044,1035.5,1040,7972893
NationalGrid,0,NG.L,2024-02-22,1038.5,1041.5,1023.8200073242188,1028.5,5376659
NationalGrid,0,NG.L,2024-02-23,1027.5,1040,1023.5,1034.5,18020945
NationalGrid,0,NG.L,2024-02-26,1036.5,1036.5,1021,1023.5,16971112
NationalGrid,0,NG.L,2024-02-27,1020.5,1030,1020,1030,5112380
NationalGrid,0,NG.L,2024-02-28,1034.5,1039,1024,1029.5,8405816
NationalGrid,0,NG.L,2024-02-29,1034,1048.5,1031,1037.5,14474781
NationalGrid,0,NG.L,2024-03-01,1040,1047,1028.5,1035,5248711
NationalGrid,0,NG.L,2024-03-04,1036.5,1041,1030.2659912109375,1039.5,5901461
NationalGrid,0,NG.L,2024-03-05,1045.5,1060,1037.5,1059.5,6161623
NationalGrid,0,NG.L,2024-03-06,1052,1067.5,1050,1056.5,12563505
NationalGrid,0,NG.L,2024-03-07,1058.5,1066.5,1053.3680419921875,1054,24195430
NationalGrid,0,NG.L,2024-03-08,1054,1058.0439453125,1046.5,1053,8542339
NationalGrid,0,NG.L,2024-03-11,1051,1056.5,1045.8399658203125,1054.5,16318227
NationalGrid,0,NG.L,2024-03-12,1055.5,1059,1036,1036,9009717
NationalGrid,0,NG.L,2024-03-13,1043.5,1052,1039,1045.5,15880301
NationalGrid,0,NG.L,2024-03-14,1043,1053,1039.5,1043,9201400
NationalGrid,0,NG.L,2024-03-15,1043,1052.5,1040.5,1048.5,28934963
NationalGrid,0,NG.L,2024-03-18,1047.5,1050,1039.5,1044.5,17505439
NationalGrid,0,NG.L,2024-03-19,1039,1047,1032.5,1041.5,4827109
NationalGrid,0,NG.L,2024-03-20,1042,1060,1041,1057,6014417
NationalGrid,0,NG.L,2024-03-21,1053.5,1071,1053.5,1058,10351368
NationalGrid,0,NG.L,2024-03-22,1062.5,1069.5,1053.5,1066.5,5798192
NationalGrid,0,NG.L,2024-03-25,1064.5,1070,1061,1069.5,7052975
NationalGrid,0,NG.L,2024-03-26,1065,1071.5,1057,1057.5,6865935
NationalGrid,0,NG.L,2024-03-27,1059,1064,1039.5,1061.5,9191037
NationalGrid,0,NG.L,2024-03-28,1064,1071,1059,1066,9508663
NationalGrid,0,NG.L,2024-04-02,1080.5,1085.5,1063.719970703125,1073,7147811
NationalGrid,0,NG.L,2024-04-03,1067.5,1071.5,1060,1070,5831290
NationalGrid,0,NG.L,2024-04-04,1067,1078.5,1065.5,1072,5567116
NationalGrid,0,NG.L,2024-04-05,1063,1065.5,1032,1033,8384438
NationalGrid,0,NG.L,2024-04-08,1035,1041,1030.5,1037.5,5940417
NationalGrid,0,NG.L,2024-04-09,1036,1039.5,1029.5,1032.5,5579078
NationalGrid,0,NG.L,2024-04-10,1041,1045,1017,1021,22506655
NationalGrid,0,NG.L,2024-04-11,1015,1026,1010.9000244140625,1013.5,10517279
NationalGrid,0,NG.L,2024-04-12,1019.5,1044.5,1016.5,1037.5,9675718
NationalGrid,0,NG.L,2024-04-15,1035.5,1038,1024.4000244140625,1025,7239159
NationalGrid,0,NG.L,2024-04-16,1018.5,1024,1001,1006.5,6615137
NationalGrid,0,NG.L,2024-04-17,1004,1017,1000.5,1013,7719064
NationalGrid,0,NG.L,2024-04-18,1033.5,1044,1027,1030,24824183
NationalGrid,0,NG.L,2024-04-19,1034.5,1043.5,1028,1040,8708294
NationalGrid,0,NG.L,2024-04-22,1048.5,1053,1038.5,1046,20667085
NationalGrid,0,NG.L,2024-04-23,1054.5,1063.5,1049.5,1059.5,9498099
NationalGrid,0,NG.L,2024-04-24,1060,1061,1050,1055.5,5796207
NationalGrid,0,NG.L,2024-04-25,1055,1062.5,1041,1047,5284838
NationalGrid,0,NG.L,2024-04-26,1052,1055.5,1047,1048.5,5238886
NationalGrid,0,NG.L,2024-04-29,1048,1061,1046.5,1054,5464830
NationalGrid,0,NG.L,2024-04-30,1058,1061.5,1042,1048,7901497
NationalGrid,0,NG.L,2024-05-01,1052,1054.5,1053,1055,379505
NationalGrid,0,NG.L,2024-05-02,1056.5,1070.5,1055.5,1059,6015663
NationalGrid,0,NG.L,2024-05-03,1062.5,1075.219970703125,1052.5,1074,5704615
NationalGrid,0,NG.L,2024-05-07,1093,1098.5,1084,1095.5,6539000
NationalGrid,0,NG.L,2024-05-08,1100,1104,1095.5,1101.5,8029535
NationalGrid,0,NG.L,2024-05-09,1103.5,1113.5,1094.5,1112.5,5744053
NationalGrid,0,NG.L,2024-05-10,1113,1128,1105.5,1117,5088915
NationalGrid,0,NG.L,2024-05-13,1121,1129.5,1110,1114,5148505
NationalGrid,0,NG.L,2024-05-14,1112,1128,1108.5,1119.5,6891476
NationalGrid,0,NG.L,2024-05-15,1123.5,1140.5,1121.5,1136.5,12102681
NationalGrid,0,NG.L,2024-05-16,1135.5,1144.5,1128,1142.5,6835689
NationalGrid,0,NG.L,2024-05-17,1142.5,1145.5,1132.5,1136,28739968
NationalGrid,0,NG.L,2024-05-20,1040.896728515625,1049.168701171875,1035.841552734375,1039.058349609375,4323422
NationalGrid,0,NG.L,2024-05-21,1031.2459716796875,1045.4921875,1022.0548095703125,1036.3011474609375,7667844
NationalGrid,0,NG.L,2024-05-22,1029.8673095703125,1042.73486328125,1022.514404296875,1036.3011474609375,20828859
NationalGrid,0,NG.L,2024-05-23,974.2609252929688,974.2609252929688,909.1876220703125,923.7095947265625,58567926
NationalGrid,0,NG.L,2024-05-24,904.5999755859375,917,889.4000244140625,889.4000244140625,25451919
NationalGrid,0,NG.L,2024-05-28,895,902.5999755859375,874.4000244140625,876.5999755859375,29869062
NationalGrid,0,NG.L,2024-05-29,861.4000244140625,867.7999877929688,830.6929931640625,838.4000244140625,31235302
NationalGrid,0,NG.L,2024-05-30,839,846.2000122070312,645,843,37307889
NationalGrid,0,NG.L,2024-05-31,850.5999755859375,885.4000244140625,848.31201171875,882.4000244140625,65268120
NationalGrid,0,NG.L,2024-06-03,905,907.7999877929688,882.5999755859375,886,32928592
NationalGrid,0,NG.L,2024-06-04,887.5999755859375,913.4000244140625,884.5999755859375,911.7999877929688,21335483
NationalGrid,0,NG.L,2024-06-05,915,920.2000122070312,898.7999877929688,901.5999755859375,19915174
NationalGrid,0,NG.L,2024-06-06,862,876.7999877929688,858,864,18955644
NationalGrid,0,NG.L,2024-06-07,865.7999877929688,877.7999877929688,863.3099975585938,869.2000122070312,14067063
NationalGrid,0,NG.L,2024-06-10,867.4000244140625,881.7999877929688,861.7760009765625,872.4000244140625,11406808
NationalGrid,0,NG.L,2024-06-11,877,883.5999755859375,861.2000122070312,862.7999877929688,14340470
NationalGrid,0,NG.L,2024-06-12,865,891,835,877.5999755859375,26673886
NationalGrid,0,NG.L,2024-06-13,870,882.7999877929688,866,872.7999877929688,25778208
NationalGrid,0,NG.L,2024-06-14,870.2000122070312,886.2000122070312,869.2000122070312,882,13881314
NationalGrid,0,NG.L,2024-06-17,885.4000244140625,886.1920166015625,871.5999755859375,875.7999877929688,39446231
NationalGrid,0,NG.L,2024-06-18,878,894.2000122070312,874.5999755859375,894.2000122070312,33498664
NationalGrid,0,NG.L,2024-06-19,888.5999755859375,901,888.5999755859375,901,25074140
NationalGrid,0,NG.L,2024-06-20,903.7999877929688,909,895.2000122070312,905,17482605
NationalGrid,0,NG.L,2024-06-21,907,912.5999755859375,898.7999877929688,898.7999877929688,24874399
NationalGrid,0,NG.L,2024-06-24,898.5999755859375,910.5999755859375,886.4000244140625,888.7999877929688,14061313
NationalGrid,0,NG.L,2024-06-25,896,902.5999755859375,883.4000244140625,895,10194338
NationalGrid,0,NG.L,2024-06-26,896.7999877929688,898.5999755859375,882.7999877929688,887.5999755859375,19046059
NationalGrid,0,NG.L,2024-06-27,889.4000244140625,892.4000244140625,875.5999755859375,879.4000244140625,8152529
NationalGrid,0,NG.L,2024-06-28,885,891.2000122070312,881,882.5999755859375,11848623
NationalGrid,0,NG.L,2024-07-01,893.4000244140625,898.4000244140625,877.2000122070312,885.4000244140625,7441560
NationalGrid,0,NG.L,2024-07-02,886.7999877929688,899.5999755859375,886.7999877929688,893,13914678
NationalGrid,0,NG.L,2024-07-03,893.5999755859375,913.5999755859375,893.2000122070312,912.2000122070312,14255267
NationalGrid,0,NG.L,2024-07-04,912.5999755859375,922.5999755859375,906.5999755859375,922.5999755859375,9792207
NationalGrid,0,NG.L,2024-07-05,922.5999755859375,930.4000244140625,917,928,12622809
NationalGrid,0,NG.L,2024-07-08,925.7999877929688,935.2000122070312,921.7999877929688,928.5999755859375,12143230
NationalGrid,0,NG.L,2024-07-09,936.2000122070312,943.4000244140625,927,929.7999877929688,9912451
NationalGrid,0,NG.L,2024-07-10,933.2000122070312,945,924.2000122070312,941.5999755859375,10979643
NationalGrid,0,NG.L,2024-07-11,942.7999877929688,969.4000244140625,935.7999877929688,958.4000244140625,9709052
NationalGrid,0,NG.L,2024-07-12,964.7999877929688,971,942.4000244140625,950.7999877929688,7808591
NationalGrid,0,NG.L,2024-07-15,944.4000244140625,956.5999755859375,929.4000244140625,929.4000244140625,4769541
NationalGrid,0,NG.L,2024-07-16,925.2000122070312,935,920,924.4000244140625,5990586
NationalGrid,0,NG.L,2024-07-17,922.7999877929688,936.4000244140625,922.2000122070312,933.5999755859375,7480212
NationalGrid,0,NG.L,2024-07-18,932.7999877929688,943.4000244140625,926.4000244140625,941,5809849
NationalGrid,0,NG.L,2024-07-19,936.2000122070312,942.4000244140625,927.7999877929688,934.5999755859375,39070612
NationalGrid,0,NG.L,2024-07-22,948.4000244140625,954.4000244140625,944.2000122070312,947,20995283
NationalGrid,0,NG.L,2024-07-23,945.2000122070312,956.5999755859375,940.5999755859375,949,17613206
NationalGrid,0,NG.L,2024-07-24,945.5999755859375,955.5999755859375,940.5999755859375,955.5999755859375,5577894
NationalGrid,0,NG.L,2024-07-25,954.4000244140625,966.218017578125,952.7999877929688,963.2000122070312,15775862
NationalGrid,0,NG.L,2024-07-26,963.4000244140625,976.5999755859375,961.2000122070312,974.2000122070312,8603351
NationalGrid,0,NG.L,2024-07-29,980.4000244140625,987.7999877929688,976.2000122070312,979,5775131
NationalGrid,0,NG.L,2024-07-30,985,989.7999877929688,978,980,8692626
NationalGrid,0,NG.L,2024-07-31,987,992.2000122070312,983,986,16306873
NationalGrid,0,NG.L,2024-08-01,990.2000122070312,992.2000122070312,969.5999755859375,980,7526678
NationalGrid,0,NG.L,2024-08-02,978.2000122070312,1006.5,976.6649780273438,997,12144666
NationalGrid,0,NG.L,2024-08-05,985,990,961.2000122070312,963.5999755859375,33433596
NationalGrid,0,NG.L,2024-08-06,964,968.2000122070312,954.4000244140625,966.7999877929688,16611666
NationalGrid,0,NG.L,2024-08-07,971.7999877929688,979.7999877929688,966.5999755859375,976,9413908
NationalGrid,0,NG.L,2024-08-08,974,992.2000122070312,968,978.4000244140625,10112247
NationalGrid,0,NG.L,2024-08-09,976,984.2000122070312,972.5999755859375,978.7999877929688,4982996
NationalGrid,0,NG.L,2024-08-12,979.5999755859375,986.7999877929688,974.635986328125,978.4000244140625,16369025
NationalGrid,0,NG.L,2024-08-13,982.2000122070312,992,980.7999877929688,986.4000244140625,15097513
NationalGrid,0,NG.L,2024-08-14,991.7999877929688,996.4000244140625,980.4000244140625,988.7999877929688,5145108
NationalGrid,0,NG.L,2024-08-15,992,993,980.9400024414062,982.2000122070312,14196130
NationalGrid,0,NG.L,2024-08-16,982.5999755859375,985.5999755859375,978.0889892578125,982.7999877929688,9171602
NationalGrid,0,NG.L,2024-08-19,982,991,978.5999755859375,987.5999755859375,4027479
NationalGrid,0,NG.L,2024-08-20,985.7999877929688,990.4000244140625,982.7999877929688,989,4864870
NationalGrid,0,NG.L,2024-08-21,986.5999755859375,994,978.7999877929688,985.7999877929688,12182306
NationalGrid,0,NG.L,2024-08-22,982.5999755859375,992.7999877929688,982.5999755859375,988,10821040
NationalGrid,0,NG.L,2024-08-23,988.5999755859375,995.7999877929688,987.2000122070312,995,5659188
NationalGrid,0,NG.L,2024-08-27,1000,1002,990.7780151367188,993.2000122070312,9404477
NationalGrid,0,NG.L,2024-08-28,994,1004.5,991.5999755859375,1004.5,6754769
NationalGrid,0,NG.L,2024-08-29,1003.5,1007.5,990,991.5999755859375,5922940
NationalGrid,0,NG.L,2024-08-30,993.7999877929688,1005.5,993.7999877929688,998.5999755859375,14420662
NationalGrid,0,NG.L,2024-09-02,999.5999755859375,1001,992.2000122070312,996,3999328
NationalGrid,0,NG.L,2024-09-03,996.4000244140625,1002.5,989.5999755859375,997.2000122070312,8889751
NationalGrid,0,NG.L,2024-09-04,990.4000244140625,1003,989.5999755859375,1003,8064307
NationalGrid,0,NG.L,2024-09-05,1005,1024.5,1003.5029907226562,1020.5,7002821
NationalGrid,0,NG.L,2024-09-06,1016,1024.97802734375,1010,1019.5,5978420
NationalGrid,0,NG.L,2024-09-09,1020,1038,1017.1229858398438,1035.5,5448139
NationalGrid,0,NG.L,2024-09-10,1038.5,1046.5,1036,1043,6780806
NationalGrid,0,NG.L,2024-09-11,1040.5,1048,1034,1042,6372113
NationalGrid,0,NG.L,2024-09-12,1049,1053.425048828125,1035.5,1037.5,18126897
NationalGrid,0,NG.L,2024-09-13,1042.5,1044.2889404296875,1035,1043.5,7896891
NationalGrid,0,NG.L,2024-09-16,1043,1049,1041,1047,14746647
NationalGrid,0,NG.L,2024-09-17,1053.5,1062,1043,1056,9840979
NationalGrid,0,NG.L,2024-09-18,1055.5,1058.5,1044.5,1050.5,11770073
NationalGrid,0,NG.L,2024-09-19,1047,1052,1012,1023,24571993
NationalGrid,0,NG.L,2024-09-20,1023,1038.8060302734375,1022.5,1036,42393203
NationalGrid,0,NG.L,2024-09-23,1037,1047,1033.3409423828125,1044,18282181
NationalGrid,0,NG.L,2024-09-24,1041.5,1045.626953125,1028,1044.5,10483776
NationalGrid,0,NG.L,2024-09-25,1032,1040.5,1030.5,1040,9024366
NationalGrid,0,NG.L,2024-09-26,1048,1049.5,1032,1037.5,9681642
NationalGrid,0,NG.L,2024-09-27,1034,1041,1031.5,1035,13603392
NationalGrid,0,NG.L,2024-09-30,1029.5,1038,1025.072021484375,1030,8984470
Vodafone,1,VOD,2024-01-02,8.779999732971191,8.90999984741211,8.760000228881836,8.850000381469727,7083300
Vodafone,1,VOD,2024-01-03,8.869999885559082,8.899999618530273,8.8100004196167,8.859999656677246,4617600
Vodafone,1,VOD,2024-01-04,8.949999809265137,9.020000457763672,8.930000305175781,8.960000038146973,3571600
Vodafone,1,VOD,2024-01-05,8.960000038146973,9.039999961853027,8.920000076293945,8.979999542236328,3778200
Vodafone,1,VOD,2024-01-08,8.890000343322754,9.010000228881836,8.880000114440918,9.010000228881836,6244100
Vodafone,1,VOD,2024-01-09,8.979999542236328,8.979999542236328,8.890000343322754,8.920000076293945,5268600
Vodafone,1,VOD,2024-01-10,8.899999618530273,8.899999618530273,8.760000228881836,8.779999732971191,3723800
Vodafone,1,VOD,2024-01-11,8.739999771118164,8.739999771118164,8.5600004196167,8.609999656677246,4835000
Vodafone,1,VOD,2024-01-12,8.649999618530273,8.710000038146973,8.640000343322754,8.65999984741211,6125400
Vodafone,1,VOD,2024-01-16,8.5600004196167,8.619999885559082,8.510000228881836,8.619999885559082,5620700
Vodafone,1,VOD,2024-01-17,8.510000228881836,8.579999923706055,8.460000038146973,8.569999694824219,8080300
Vodafone,1,VOD,2024-01-18,8.520000457763672,8.520000457763672,8.359999656677246,8.449999809265137,7960900
Vodafone,1,VOD,2024-01-19,8.5600004196167,8.6899995803833,8.539999961853027,8.670000076293945,9024300
Vodafone,1,VOD,2024-01-22,8.729999542236328,8.789999961853027,8.6899995803833,8.779999732971191,5746200
Vodafone,1,VOD,2024-01-23,8.789999961853027,8.899999618530273,8.779999732971191,8.880000114440918,6360400
Vodafone,1,VOD,2024-01-24,8.920000076293945,8.970000267028809,8.779999732971191,8.779999732971191,5052300
Vodafone,1,VOD,2024-01-25,8.789999961853027,8.8100004196167,8.710000038146973,8.789999961853027,4243900
Vodafone,1,VOD,2024-01-26,8.970000267028809,9.149999618530273,8.970000267028809,9.0600004196167,6895500
Vodafone,1,VOD,2024-01-29,8.960000038146973,8.989999771118164,8.850000381469727,8.989999771118164,6161100
Vodafone,1,VOD,2024-01-30,8.859999656677246,8.899999618530273,8.789999961853027,8.850000381469727,5985800
Vodafone,1,VOD,2024-01-31,8.670000076293945,8.720000267028809,8.579999923706055,8.600000381469727,7610600
Vodafone,1,VOD,2024-02-01,8.670000076293945,8.75,8.619999885559082,8.729999542236328,5190100
Vodafone,1,VOD,2024-02-02,8.8100004196167,8.819999694824219,8.710000038146973,8.739999771118164,5992000
Vodafone,1,VOD,2024-02-05,8.600000381469727,8.600000381469727,8.399999618530273,8.449999809265137,11996800
Vodafone,1,VOD,2024-02-06,8.399999618530273,8.460000038146973,8.369999885559082,8.399999618530273,6547500
Vodafone,1,VOD,2024-02-07,8.279999732971191,8.300000190734863,8.140000343322754,8.15999984741211,7352300
Vodafone,1,VOD,2024-02-08,8.180000305175781,8.210000038146973,8.109999656677246,8.15999984741211,5665700
Vodafone,1,VOD,2024-02-09,8.069999694824219,8.130000114440918,8.020000457763672,8.0600004196167,8509300
Vodafone,1,VOD,2024-02-12,8.079999923706055,8.270000457763672,8.069999694824219,8.199999809265137,6703500
Vodafone,1,VOD,2024-02-13,8.170000076293945,8.34000015258789,8.029999732971191,8.289999961853027,24157900
Vodafone,1,VOD,2024-02-14,8.510000228881836,8.579999923706055,8.220000267028809,8.300000190734863,15385500
Vodafone,1,VOD,2024-02-15,8.289999961853027,8.600000381469727,8.279999732971191,8.5,15305600
Vodafone,1,VOD,2024-02-16,8.479999542236328,8.5,8.34000015258789,8.470000267028809,7873100
Vodafone,1,VOD,2024-02-20,8.5,8.649999618530273,8.489999771118164,8.600000381469727,7143600
Vodafone,1,VOD,2024-02-21,8.539999961853027,8.550000190734863,8.399999618530273,8.470000267028809,9214400
Vodafone,1,VOD,2024-02-22,8.430000305175781,8.470000267028809,8.380000114440918,8.399999618530273,7255500
Vodafone,1,VOD,2024-02-23,8.270000457763672,8.5600004196167,8.199999809265137,8.470000267028809,13969100
Vodafone,1,VOD,2024-02-26,8.4399995803833,8.5,8.380000114440918,8.470000267028809,6058100
Vodafone,1,VOD,2024-02-27,8.579999923706055,8.800000190734863,8.569999694824219,8.779999732971191,8616400
Vodafone,1,VOD,2024-02-28,8.729999542236328,8.760000228881836,8.600000381469727,8.670000076293945,8476300
Vodafone,1,VOD,2024-02-29,8.9399995803833,8.989999771118164,8.770000457763672,8.9399995803833,11527900
Vodafone,1,VOD,2024-03-01,8.949999809265137,9.149999618530273,8.880000114440918,9.079999923706055,9214300
Vodafone,1,VOD,2024-03-04,8.920000076293945,8.989999771118164,8.880000114440918,8.9399995803833,8202700
Vodafone,1,VOD,2024-03-05,8.90999984741211,9.199999809265137,8.880000114440918,9.039999961853027,12910200
Vodafone,1,VOD,2024-03-06,9.119999885559082,9.130000114440918,8.890000343322754,8.9399995803833,11274600
Vodafone,1,VOD,2024-03-07,9.109999656677246,9.140000343322754,8.979999542236328,9.039999961853027,7137100
Vodafone,1,VOD,2024-03-08,9.149999618530273,9.289999961853027,9.119999885559082,9.260000228881836,15433300
Vodafone,1,VOD,2024-03-11,9.15999984741211,9.210000038146973,9.050000190734863,9.069999694824219,8405200
Vodafone,1,VOD,2024-03-12,9.210000038146973,9.239999771118164,8.930000305175781,8.979999542236328,11633700
Vodafone,1,VOD,2024-03-13,8.739999771118164,8.75,8.550000190734863,8.5600004196167,12764100
Vodafone,1,VOD,2024-03-14,8.630000114440918,8.630000114440918,8.430000305175781,8.489999771118164,11383100
Vodafone,1,VOD,2024-03-15,8.960000038146973,9.0600004196167,8.789999961853027,8.819999694824219,30082200
Vodafone,1,VOD,2024-03-18,8.75,8.760000228881836,8.569999694824219,8.609999656677246,12725100
Vodafone,1,VOD,2024-03-19,8.539999961853027,8.569999694824219,8.449999809265137,8.470000267028809,11452400
Vodafone,1,VOD,2024-03-20,8.420000076293945,8.670000076293945,8.40999984741211,8.65999984741211,9350900
Vodafone,1,VOD,2024-03-21,8.680000305175781,8.729999542236328,8.59000015258789,8.600000381469727,5534700
Vodafone,1,VOD,2024-03-22,8.720000267028809,8.760000228881836,8.59000015258789,8.600000381469727,10036200
Vodafone,1,VOD,2024-03-25,8.600000381469727,8.6899995803833,8.5600004196167,8.5600004196167,6059100
Vodafone,1,VOD,2024-03-26,8.649999618530273,8.699999809265137,8.59000015258789,8.680000305175781,6876100
Vodafone,1,VOD,2024-03-27,8.720000267028809,8.84000015258789,8.720000267028809,8.829999923706055,7272000
Vodafone,1,VOD,2024-03-28,8.84000015258789,8.970000267028809,8.84000015258789,8.899999618530273,6687600
Vodafone,1,VOD,2024-04-01,9,9.010000228881836,8.779999732971191,8.789999961853027,3376000
Vodafone,1,VOD,2024-04-02,8.859999656677246,8.90999984741211,8.819999694824219,8.880000114440918,5438600
Vodafone,1,VOD,2024-04-03,8.859999656677246,9.140000343322754,8.84000015258789,9.09000015258789,10225500
Vodafone,1,VOD,2024-04-04,9.069999694824219,9.109999656677246,8.710000038146973,8.710000038146973,9670300
Vodafone,1,VOD,2024-04-05,8.680000305175781,8.710000038146973,8.609999656677246,8.619999885559082,6400800
Vodafone,1,VOD,2024-04-08,8.600000381469727,8.680000305175781,8.539999961853027,8.5600004196167,7655700
Vodafone,1,VOD,2024-04-09,8.600000381469727,8.739999771118164,8.59000015258789,8.630000114440918,5690900
Vodafone,1,VOD,2024-04-10,8.479999542236328,8.520000457763672,8.369999885559082,8.40999984741211,8244500
Vodafone,1,VOD,2024-04-11,8.40999984741211,8.420000076293945,8.300000190734863,8.369999885559082,5496100
Vodafone,1,VOD,2024-04-12,8.380000114440918,8.460000038146973,8.300000190734863,8.300000190734863,8406000
Vodafone,1,VOD,2024-04-15,8.359999656677246,8.399999618530273,8.260000228881836,8.289999961853027,5391400
Vodafone,1,VOD,2024-04-16,8.270000457763672,8.270000457763672,8.15999984741211,8.1899995803833,5795100
Vodafone,1,VOD,2024-04-17,8.270000457763672,8.34000015258789,8.220000267028809,8.279999732971191,4174400
Vodafone,1,VOD,2024-04-18,8.229999542236328,8.329999923706055,8.220000267028809,8.279999732971191,5119800
Vodafone,1,VOD,2024-04-19,8.260000228881836,8.359999656677246,8.260000228881836,8.34000015258789,3799000
Vodafone,1,VOD,2024-04-22,8.550000190734863,8.670000076293945,8.5,8.619999885559082,12643400
Vodafone,1,VOD,2024-04-23,8.630000114440918,8.739999771118164,8.609999656677246,8.6899995803833,4101600
Vodafone,1,VOD,2024-04-24,8.609999656677246,8.65999984741211,8.520000457763672,8.65999984741211,3622100
Vodafone,1,VOD,2024-04-25,8.579999923706055,8.619999885559082,8.5,8.609999656677246,3039600
Vodafone,1,VOD,2024-04-26,8.670000076293945,8.6899995803833,8.59000015258789,8.619999885559082,3904600
Vodafone,1,VOD,2024-04-29,8.6899995803833,8.779999732971191,8.670000076293945,8.710000038146973,4822300
Vodafone,1,VOD,2024-04-30,8.5,8.520000457763672,8.399999618530273,8.40999984741211,5705900
Vodafone,1,VOD,2024-05-01,8.430000305175781,8.489999771118164,8.380000114440918,8.40999984741211,3943300
Vodafone,1,VOD,2024-05-02,8.479999542236328,8.539999961853027,8.449999809265137,8.529999732971191,3286500
Vodafone,1,VOD,2024-05-03,8.609999656677246,8.640000343322754,8.539999961853027,8.619999885559082,3055600
Vodafone,1,VOD,2024-05-06,8.630000114440918,8.65999984741211,8.609999656677246,8.640000343322754,3199000
Vodafone,1,VOD,2024-05-07,8.579999923706055,8.630000114440918,8.489999771118164,8.489999771118164,3943000
Vodafone,1,VOD,2024-05-08,8.399999618530273,8.479999542236328,8.380000114440918,8.460000038146973,5241300
Vodafone,1,VOD,2024-05-09,8.550000190734863,8.619999885559082,8.520000457763672,8.600000381469727,3695100
Vodafone,1,VOD,2024-05-10,8.680000305175781,8.720000267028809,8.649999618530273,8.699999809265137,6443100
Vodafone,1,VOD,2024-05-13,8.84000015258789,8.899999618530273,8.760000228881836,8.770000457763672,5737900
Vodafone,1,VOD,2024-05-14,9.029999732971191,9.260000228881836,9,9.1899995803833,14991600
Vodafone,1,VOD,2024-05-15,9.630000114440918,9.680000305175781,9.539999961853027,9.640000343322754,9365700
Vodafone,1,VOD,2024-05-16,9.720000267028809,9.84000015258789,9.699999809265137,9.800000190734863,6300800
Vodafone,1,VOD,2024-05-17,9.760000228881836,9.8100004196167,9.710000038146973,9.789999961853027,5166700
Vodafone,1,VOD,2024-05-20,9.8100004196167,9.829999923706055,9.739999771118164,9.75,7034400
Vodafone,1,VOD,2024-05-21,9.609999656677246,9.640000343322754,9.489999771118164,9.539999961853027,7068200
Vodafone,1,VOD,2024-05-22,9.539999961853027,9.59000015258789,9.460000038146973,9.520000457763672,7266800
Vodafone,1,VOD,2024-05-23,9.5,9.510000228881836,9.319999694824219,9.359999656677246,3978900
Vodafone,1,VOD,2024-05-24,9.369999885559082,9.399999618530273,9.319999694824219,9.329999923706055,3420400
Vodafone,1,VOD,2024-05-28,9.430000305175781,9.479999542236328,9.34000015258789,9.399999618530273,4741400
Vodafone,1,VOD,2024-05-29,9.369999885559082,9.390000343322754,9.279999732971191,9.329999923706055,4436500
Vodafone,1,VOD,2024-05-30,9.449999809265137,9.5,9.4399995803833,9.470000267028809,6983200
Vodafone,1,VOD,2024-05-31,9.5,9.649999618530273,9.489999771118164,9.619999885559082,11330700
Vodafone,1,VOD,2024-06-03,9.729999542236328,9.789999961853027,9.59000015258789,9.619999885559082,8725900
Vodafone,1,VOD,2024-06-04,9.720000267028809,9.84000015258789,9.680000305175781,9.829999923706055,7511600
Vodafone,1,VOD,2024-06-05,9.829999923706055,9.850000381469727,9.710000038146973,9.729999542236328,8246900
Vodafone,1,VOD,2024-06-06,9.630000114440918,9.680000305175781,9.5600004196167,9.609999656677246,6840700
Vodafone,1,VOD,2024-06-07,9.119999885559082,9.140000343322754,8.989999771118164,9,6489300
Vodafone,1,VOD,2024-06-10,9.010000228881836,9.029999732971191,8.930000305175781,9.020000457763672,4752000
Vodafone,1,VOD,2024-06-11,8.890000343322754,8.930000305175781,8.84000015258789,8.869999885559082,4918700
Vodafone,1,VOD,2024-06-12,8.960000038146973,8.970000267028809,8.800000190734863,8.829999923706055,6995000
Vodafone,1,VOD,2024-06-13,8.84000015258789,8.850000381469727,8.720000267028809,8.75,4139100
Vodafone,1,VOD,2024-06-14,8.739999771118164,8.739999771118164,8.649999618530273,8.739999771118164,5448600
Vodafone,1,VOD,2024-06-17,8.8100004196167,8.869999885559082,8.739999771118164,8.859999656677246,4389500
Vodafone,1,VOD,2024-06-18,8.899999618530273,8.979999542236328,8.880000114440918,8.90999984741211,4416400
Vodafone,1,VOD,2024-06-20,9.039999961853027,9.119999885559082,9.020000457763672,9.09000015258789,4497000
Vodafone,1,VOD,2024-06-21,9.010000228881836,9.0600004196167,8.970000267028809,9.050000190734863,6168300
Vodafone,1,VOD,2024-06-24,9.109999656677246,9.180000305175781,9.100000381469727,9.149999618530273,3604400
Vodafone,1,VOD,2024-06-25,9.010000228881836,9.010000228881836,8.899999618530273,8.920000076293945,3588200
Vodafone,1,VOD,2024-06-26,8.770000457763672,8.819999694824219,8.75,8.800000190734863,7855300
Vodafone,1,VOD,2024-06-27,8.800000190734863,8.850000381469727,8.75,8.770000457763672,4667300
Vodafone,1,VOD,2024-06-28,8.789999961853027,8.869999885559082,8.779999732971191,8.869999885559082,8090600
Vodafone,1,VOD,2024-07-01,8.899999618530273,8.989999771118164,8.84000015258789,8.869999885559082,3332300
Vodafone,1,VOD,2024-07-02,8.770000457763672,8.800000190734863,8.699999809265137,8.800000190734863,4636000
Vodafone,1,VOD,2024-07-03,8.770000457763672,8.90999984741211,8.770000457763672,8.84000015258789,2616100
Vodafone,1,VOD,2024-07-05,8.989999771118164,9.010000228881836,8.90999984741211,8.979999542236328,4139800
Vodafone,1,VOD,2024-07-08,9.050000190734863,9.069999694824219,8.989999771118164,9.0600004196167,4183700
Vodafone,1,VOD,2024-07-09,8.9399995803833,9.130000114440918,8.930000305175781,9.109999656677246,5369700
Vodafone,1,VOD,2024-07-10,9.300000190734863,9.319999694824219,9.25,9.289999961853027,4245200
Vodafone,1,VOD,2024-07-11,9.140000343322754,9.220000267028809,9.130000114440918,9.1899995803833,2327900
Vodafone,1,VOD,2024-07-12,9.1899995803833,9.210000038146973,9.140000343322754,9.140000343322754,3277700
Vodafone,1,VOD,2024-07-15,9.0600004196167,9.069999694824219,9.020000457763672,9.029999732971191,2745700
Vodafone,1,VOD,2024-07-16,8.979999542236328,9.039999961853027,8.960000038146973,9.029999732971191,2420000
Vodafone,1,VOD,2024-07-17,9.100000381469727,9.210000038146973,9.100000381469727,9.170000076293945,5417100
Vodafone,1,VOD,2024-07-18,9.220000267028809,9.239999771118164,9.079999923706055,9.09000015258789,2374800
Vodafone,1,VOD,2024-07-19,9.079999923706055,9.09000015258789,9.039999961853027,9.039999961853027,5689800
Vodafone,1,VOD,2024-07-22,9.109999656677246,9.119999885559082,9.020000457763672,9.069999694824219,3909800
Vodafone,1,VOD,2024-07-23,9.039999961853027,9.100000381469727,9.010000228881836,9.079999923706055,2962800
Vodafone,1,VOD,2024-07-24,9.0600004196167,9.109999656677246,9.029999732971191,9.0600004196167,3080100
Vodafone,1,VOD,2024-07-25,9.130000114440918,9.300000190734863,9.130000114440918,9.270000457763672,4439200
Vodafone,1,VOD,2024-07-26,9.369999885559082,9.470000267028809,9.300000190734863,9.470000267028809,4176100
Vodafone,1,VOD,2024-07-29,9.420000076293945,9.4399995803833,9.359999656677246,9.4399995803833,2819700
Vodafone,1,VOD,2024-07-30,9.359999656677246,9.449999809265137,9.34000015258789,9.430000305175781,4409600
Vodafone,1,VOD,2024-07-31,9.34000015258789,9.430000305175781,9.260000228881836,9.359999656677246,4037600
Vodafone,1,VOD,2024-08-01,9.289999961853027,9.3100004196167,9.180000305175781,9.229999542236328,4759600
Vodafone,1,VOD,2024-08-02,9.270000457763672,9.319999694824219,9.199999809265137,9.300000190734863,5896600
Vodafone,1,VOD,2024-08-05,8.789999961853027,8.899999618530273,8.729999542236328,8.8100004196167,10803500
Vodafone,1,VOD,2024-08-06,8.869999885559082,9.010000228881836,8.859999656677246,8.9399995803833,4974100
Vodafone,1,VOD,2024-08-07,9.25,9.34000015258789,9.170000076293945,9.1899995803833,4519200
Vodafone,1,VOD,2024-08-08,9.289999961853027,9.420000076293945,9.260000228881836,9.399999618530273,5479800
Vodafone,1,VOD,2024-08-09,9.420000076293945,9.460000038146973,9.399999618530273,9.4399995803833,2481400
Vodafone,1,VOD,2024-08-12,9.520000457763672,9.569999694824219,9.449999809265137,9.449999809265137,5169400
Vodafone,1,VOD,2024-08-13,9.449999809265137,9.479999542236328,9.420000076293945,9.470000267028809,5444900
Vodafone,1,VOD,2024-08-14,9.539999961853027,9.569999694824219,9.510000228881836,9.539999961853027,3950900
Vodafone,1,VOD,2024-08-15,9.65999984741211,9.65999984741211,9.520000457763672,9.5600004196167,4615300
Vodafone,1,VOD,2024-08-16,9.520000457763672,9.640000343322754,9.5,9.630000114440918,4326600
Vodafone,1,VOD,2024-08-19,9.710000038146973,9.770000457763672,9.670000076293945,9.720000267028809,6218100
Vodafone,1,VOD,2024-08-20,9.579999923706055,9.609999656677246,9.520000457763672,9.529999732971191,7330900
Vodafone,1,VOD,2024-08-21,9.600000381469727,9.600000381469727,9.550000190734863,9.569999694824219,3645200
Vodafone,1,VOD,2024-08-22,9.609999656677246,9.619999885559082,9.539999961853027,9.5600004196167,3640500
Vodafone,1,VOD,2024-08-23,9.630000114440918,9.75,9.609999656677246,9.720000267028809,9538500
Vodafone,1,VOD,2024-08-26,9.6899995803833,9.710000038146973,9.65999984741211,9.670000076293945,2548400
Vodafone,1,VOD,2024-08-27,9.84000015258789,9.859999656677246,9.8100004196167,9.850000381469727,5701000
Vodafone,1,VOD,2024-08-28,9.789999961853027,9.850000381469727,9.789999961853027,9.8100004196167,5115000
Vodafone,1,VOD,2024-08-29,9.800000190734863,9.8100004196167,9.65999984741211,9.670000076293945,5304400
Vodafone,1,VOD,2024-08-30,9.720000267028809,9.770000457763672,9.680000305175781,9.770000457763672,7554400
Vodafone,1,VOD,2024-09-03,9.920000076293945,9.960000038146973,9.829999923706055,9.850000381469727,7359600
Vodafone,1,VOD,2024-09-04,9.9399995803833,10.069999694824219,9.9399995803833,9.979999542236328,5595300
Vodafone,1,VOD,2024-09-05,10.279999732971191,10.289999961853027,10.180000305175781,10.1899995803833,6251800
Vodafone,1,VOD,2024-09-06,10.15999984741211,10.15999984741211,9.9399995803833,9.970000267028809,6219100
Vodafone,1,VOD,2024-09-09,9.979999542236328,10.020000457763672,9.949999809265137,10,4115400
Vodafone,1,VOD,2024-09-10,9.90999984741211,9.930000305175781,9.779999732971191,9.84000015258789,2950200
Vodafone,1,VOD,2024-09-11,9.90999984741211,10.050000190734863,9.899999618530273,10.039999961853027,4742900
Vodafone,1,VOD,2024-09-12,9.960000038146973,10.050000190734863,9.930000305175781,10.029999732971191,3923500
Vodafone,1,VOD,2024-09-13,10.130000114440918,10.199999809265137,10.130000114440918,10.170000076293945,4756700
Vodafone,1,VOD,2024-09-16,10.199999809265137,10.369999885559082,10.199999809265137,10.350000381469727,4498600
Vodafone,1,VOD,2024-09-17,10.279999732971191,10.279999732971191,10.100000381469727,10.180000305175781,5087000
Vodafone,1,VOD,2024-09-18,10.220000267028809,10.390000343322754,10.210000038146973,10.229999542236328,5187100
Vodafone,1,VOD,2024-09-19,10.050000190734863,10.09000015258789,9.960000038146973,10.0600004196167,5322000
Vodafone,1,VOD,2024-09-20,10.029999732971191,10.0600004196167,9.970000267028809,10.010000228881836,7638400
Vodafone,1,VOD,2024-09-23,10.079999923706055,10.119999885559082,10.0600004196167,10.109999656677246,3487400
Vodafone,1,VOD,2024-09-24,10.069999694824219,10.130000114440918,10.050000190734863,10.09000015258789,2865100
Vodafone,1,VOD,2024-09-25,10.100000381469727,10.119999885559082,10.039999961853027,10.0600004196167,4446200
Vodafone,1,VOD,2024-09-26,10.0600004196167,10.09000015258789,10,10.039999961853027,3695000
Vodafone,1,VOD,2024-09-27,10.0600004196167,10.109999656677246,10.0600004196167,10.09000015258789,3211600
Vodafone,1,VOD,2024-09-30,10.079999923706055,10.100000381469727,9.979999542236328,10.020000457763672,3236100
Vodafone,0,VOD.L,2024-01-02,68.62000274658203,70.22000122070312,68.47000122070312,69.76000213623047,62468660
Vodafone,0,VOD.L,2024-01-03,70,71.01699829101562,69.37999725341797,69.51000213623047,90161664
Vodafone,0,VOD.L,2024-01-04,70.33000183105469,70.80999755859375,69.48999786376953,70.44999694824219,37454241
Vodafone,0,VOD.L,2024-01-05,70.19999694824219,70.69999694824219,69.87999725341797,70.4000015258789,78330404
Vodafone,0,VOD.L,2024-01-08,70.3499984741211,70.47100067138672,69.16999816894531,69.9800033569336,173500261
Vodafone,0,VOD.L,2024-01-09,70,70.36000061035156,69.73999786376953,70.01000213623047,61329132
Vodafone,0,VOD.L,2024-01-10,69.87000274658203,70.19000244140625,68.61599731445312,68.62000274658203,42843860
Vodafone,0,VOD.L,2024-01-11,68.58000183105469,70.3499984741211,67.11000061035156,67.11000061035156,111673362
Vodafone,0,VOD.L,2024-01-12,67.18000030517578,67.80000305175781,66.8499984741211,67.4800033569336,64351744
Vodafone,0,VOD.L,2024-01-15,67.37000274658203,67.62999725341797,66.70999908447266,67.16000366210938,45796802
Vodafone,0,VOD.L,2024-01-16,67.12999725341797,67.69000244140625,66.91000366210938,67.4000015258789,131360972
Vodafone,0,VOD.L,2024-01-17,66.77999877929688,67.62999725341797,66.33000183105469,66.86000061035156,65346869
Vodafone,0,VOD.L,2024-01-18,67.12000274658203,67.25299835205078,65.90699768066406,65.91000366210938,85599507
Vodafone,0,VOD.L,2024-01-19,66.08999633789062,67.70999908447266,66.05999755859375,67.63999938964844,150358122
Vodafone,0,VOD.L,2024-01-22,67.56999969482422,68.69999694824219,67.55999755859375,68.12999725341797,68748063
Vodafone,0,VOD.L,2024-01-23,69.04000091552734,69.62000274658203,67.93000030517578,69.13999938964844,66912678
Vodafone,0,VOD.L,2024-01-24,69.31999969482422,69.94999694824219,68.77999877929688,68.91000366210938,63097766
Vodafone,0,VOD.L,2024-01-25,68.5,68.86000061035156,68,68.12000274658203,49468727
Vodafone,0,VOD.L,2024-01-26,68.81999969482422,71.16000366210938,68.3499984741211,70.76000213623047,85909747
Vodafone,0,VOD.L,2024-01-29,70.87999725341797,70.98999786376953,69.16999816894531,69.30000305175781,47500196
Vodafone,0,VOD.L,2024-01-30,70.36000061035156,70.83999633789062,68.7300033569336,68.75,50901740
Vodafone,0,VOD.L,2024-01-31,67.83999633789062,68.54000091552734,65.88999938964844,67.31999969482422,112544669
Vodafone,0,VOD.L,2024-02-01,67.63999938964844,68.55000305175781,67.05999755859375,67.2699966430664,53186968
Vodafone,0,VOD.L,2024-02-02,67.8499984741211,69.11000061035156,67.77999877929688,68.5999984741211,97733838
Vodafone,0,VOD.L,2024-02-05,68.62000274658203,68.88999938964844,66.33000183105469,66.33000183105469,163655182
Vodafone,0,VOD.L,2024-02-06,66.20999908447266,66.87999725341797,65.97000122070312,66.2300033569336,81281350
Vodafone,0,VOD.L,2024-02-07,65.6500015258789,65.94999694824219,63.599998474121094,63.599998474121094,116786286
Vodafone,0,VOD.L,2024-02-08,63.63999938964844,64.7300033569336,63.310001373291016,63.5099983215332,77253371
Vodafone,0,VOD.L,2024-02-09,63.529998779296875,63.90999984741211,62.959999084472656,62.970001220703125,172010728
Vodafone,0,VOD.L,2024-02-12,63.119998931884766,64.25,62.709999084472656,64.25,110166084
Vodafone,0,VOD.L,2024-02-13,64.33999633789062,64.93000030517578,63.11000061035156,64.1500015258789,152201740
Vodafone,0,VOD.L,2024-02-14,65.66999816894531,68.72000122070312,64.94000244140625,65.37000274658203,240413492
Vodafone,0,VOD.L,2024-02-15,64.98999786376953,67.5999984741211,64.76000213623047,66.56999969482422,114632050
Vodafone,0,VOD.L,2024-02-16,66.58000183105469,66.8499984741211,65.62999725341797,65.62999725341797,90637292
Vodafone,0,VOD.L,2024-02-19,66.58000183105469,67.4800033569336,66.4800033569336,67.0999984741211,71085904
Vodafone,0,VOD.L,2024-02-20,67.30000305175781,67.63999938964844,66.30999755859375,67.06999969482422,55627578
Vodafone,0,VOD.L,2024-02-21,66.91000366210938,67.23999786376953,65.88999938964844,65.95999908447266,90071279
Vodafone,0,VOD.L,2024-02-22,66.12999725341797,66.47000122070312,65.69999694824219,65.73999786376953,64148320
Vodafone,0,VOD.L,2024-02-23,65.72000122070312,67.37000274658203,63.810001373291016,66.25,179766802
Vodafone,0,VOD.L,2024-02-26,66.1500015258789,66.69000244140625,65.4000015258789,66.08000183105469,144670237
Vodafone,0,VOD.L,2024-02-27,66.05999755859375,68.62999725341797,65.83000183105469,68.4000015258789,116774382
Vodafone,0,VOD.L,2024-02-28,70.2300033569336,71.31999969482422,67.77999877929688,68.29000091552734,141140495
Vodafone,0,VOD.L,2024-02-29,68.06999969482422,71.25,67.33999633789062,69.12000274658203,297363295
Vodafone,0,VOD.L,2024-03-01,69.4000015258789,71.33999633789062,69.4000015258789,70.45999908447266,206153196
Vodafone,0,VOD.L,2024-03-04,70.69999694824219,70.93000030517578,69.22000122070312,69.48999786376953,126878764
Vodafone,0,VOD.L,2024-03-05,69.44999694824219,70.95999908447266,69,70.27999877929688,75620422
Vodafone,0,VOD.L,2024-03-06,70.44000244140625,71.39399719238281,69.5,69.62000274658203,139336377
Vodafone,0,VOD.L,2024-03-07,69.33000183105469,70.9000015258789,69.08999633789062,69.77999877929688,144116109
Vodafone,0,VOD.L,2024-03-08,70,71.3499984741211,69.1500015258789,70.94000244140625,79766151
Vodafone,0,VOD.L,2024-03-11,70.75,71.19999694824219,70.1500015258789,70.1500015258789,116012286
Vodafone,0,VOD.L,2024-03-12,70.56999969482422,71.80400085449219,69.30000305175781,69.30000305175781,132144328
Vodafone,0,VOD.L,2024-03-13,69.30000305175781,69.83999633789062,66.5199966430664,66.5199966430664,155344448
Vodafone,0,VOD.L,2024-03-14,66.3499984741211,67.23999786376953,65.81999969482422,66.08999633789062,124498677
Vodafone,0,VOD.L,2024-03-15,67.55999755859375,70.83999633789062,67.5,69.8499984741211,688428852
Vodafone,0,VOD.L,2024-03-18,69.0999984741211,69.84100341796875,67.33000183105469,67.33000183105469,211404691
Vodafone,0,VOD.L,2024-03-19,67.45999908447266,67.45999908447266,66.2300033569336,66.5,145460343
Vodafone,0,VOD.L,2024-03-20,66.5999984741211,67.7699966430664,65.91999816894531,67.27999877929688,84805202
Vodafone,0,VOD.L,2024-03-21,67.13999938964844,68.76000213623047,67.13999938964844,67.5,159569417
Vodafone,0,VOD.L,2024-03-22,67.33999633789062,69.2040023803711,67.2699966430664,68.43000030517578,144481665
Vodafone,0,VOD.L,2024-03-25,68.41999816894531,68.87000274658203,67.2699966430664,68.37999725341797,73850007
Vodafone,0,VOD.L,2024-03-26,68.06999969482422,68.68000030517578,67.44999694824219,68.68000030517578,123886382
Vodafone,0,VOD.L,2024-03-27,68.48999786376953,69.91000366210938,68.06999969482422,69.41999816894531,95841752
Vodafone,0,VOD.L,2024-03-28,69.95999908447266,70.72000122070312,69.69999694824219,70.45999908447266,81354327
Vodafone,0,VOD.L,2024-04-02,70.27999877929688,71.41999816894531,70.0999984741211,70.30000305175781,84550584
Vodafone,0,VOD.L,2024-04-03,70.04000091552734,71.44000244140625,70.04000091552734,71.19999694824219,83882081
Vodafone,0,VOD.L,2024-04-04,71.18000030517578,71.77999877929688,69.9000015258789,70.0999984741211,177948161
Vodafone,0,VOD.L,2024-04-05,69.31999969482422,69.66000366210938,68.41999816894531,68.58000183105469,73872047
Vodafone,0,VOD.L,2024-04-08,68.41999816894531,68.69999694824219,67.80000305175781,68.5,54412098
Vodafone,0,VOD.L,2024-04-09,67.76000213623047,68.81999969482422,67.30000305175781,68.0199966430664,61377024
Vodafone,0,VOD.L,2024-04-10,68.55999755859375,68.72000122070312,66.95500183105469,67.16000366210938,61639860
Vodafone,0,VOD.L,2024-04-11,67.19999694824219,67.44000244140625,66.33999633789062,66.72000122070312,69904902
Vodafone,0,VOD.L,2024-04-12,67.19999694824219,67.94599914550781,66.81999969482422,67.22000122070312,57204193
Vodafone,0,VOD.L,2024-04-15,67.19999694824219,67.4000015258789,66.27999877929688,67.13999938964844,60995585
Vodafone,0,VOD.L,2024-04-16,66.55999755859375,66.81999969482422,65.94000244140625,66.05999755859375,60671927
Vodafone,0,VOD.L,2024-04-17,65.76000213623047,66.95999908447266,65.53700256347656,66.4800033569336,43512470
Vodafone,0,VOD.L,2024-04-18,66.66000366210938,67.08000183105469,65.95999908447266,66.37999725341797,82198762
Vodafone,0,VOD.L,2024-04-19,66.5,67.0999984741211,65.77999877929688,67,69142766
Vodafone,0,VOD.L,2024-04-22,67.77999877929688,69.94200134277344,67.54499816894531,69.62000274658203,81105726
Vodafone,0,VOD.L,2024-04-23,69.94000244140625,70.63999938964844,69.62000274658203,69.62000274658203,150967378
Vodafone,0,VOD.L,2024-04-24,69.68000030517578,70.05999755859375,68.63999938964844,69.33999633789062,89375938
Vodafone,0,VOD.L,2024-04-25,69.33999633789062,70.05999755859375,68.36000061035156,69,63535891
Vodafone,0,VOD.L,2024-04-26,69.30000305175781,70,69.08000183105469,69.08000183105469,55256533
Vodafone,0,VOD.L,2024-04-29,69.0999984741211,70.19999694824219,68.76000213623047,70,44071559
Vodafone,0,VOD.L,2024-04-30,69.83999633789062,69.84600067138672,67.53700256347656,67.66000366210938,85178283
Vodafone,0,VOD.L,2024-05-01,69.31999969482422,67.5199966430664,67.5,67.4800033569336,5709970
Vodafone,0,VOD.L,2024-05-02,67.4800033569336,68.5199966430664,67.22000122070312,67.81999969482422,40057624
Vodafone,0,VOD.L,2024-05-03,67.95999908447266,68.76000213623047,67.4000015258789,68.44000244140625,88284265
Vodafone,0,VOD.L,2024-05-07,68,69,67.83999633789062,67.91999816894531,68169245
Vodafone,0,VOD.L,2024-05-08,68.0199966430664,68.12000274658203,67.0199966430664,67.54000091552734,69453545
Vodafone,0,VOD.L,2024-05-09,67.81999969482422,68.94000244140625,67.12000274658203,68.08000183105469,49816322
Vodafone,0,VOD.L,2024-05-10,68.4800033569336,69.94999694824219,67.66000366210938,69.4000015258789,62668607
Vodafone,0,VOD.L,2024-05-13,69.54000091552734,71.18000030517578,69.4800033569336,69.9800033569336,90443261
Vodafone,0,VOD.L,2024-05-14,70.72000122070312,73.76200103759766,69.55999755859375,73.27999877929688,187540061
Vodafone,0,VOD.L,2024-05-15,73.0199966430664,77.05999755859375,72.5,76.0999984741211,164000076
Vodafone,0,VOD.L,2024-05-16,76.27999877929688,77.98999786376953,75.63999938964844,77.5199966430664,96063526
Vodafone,0,VOD.L,2024-05-17,77.76000213623047,78.77999877929688,77,77.18000030517578,120483812
Vodafone,0,VOD.L,2024-05-20,77.04000091552734,77.88099670410156,76.80000305175781,77.16000366210938,44509089
Vodafone,0,VOD.L,2024-05-21,76.72000122070312,77.63999938964844,74.91999816894531,75.23999786376953,89503994
Vodafone,0,VOD.L,2024-05-22,75,75.77899932861328,74.45999908447266,75.31999969482422,149589227
Vodafone,0,VOD.L,2024-05-23,75.18000030517578,75.9000015258789,74.18000030517578,74.18000030517578,68463336
Vodafone,0,VOD.L,2024-05-24,73.87999725341797,74.4800033569336,73.26000213623047,73.5,100442854
Vodafone,0,VOD.L,2024-05-28,73.81999969482422,75.04000091552734,73.04000091552734,74.08000183105469,71226714
Vodafone,0,VOD.L,2024-05-29,74.04000091552734,74.54000091552734,73.4000015258789,73.86000061035156,86773955
Vodafone,0,VOD.L,2024-05-30,73.69999694824219,74.91999816894531,73.13999938964844,74.77999877929688,72121909
Vodafone,0,VOD.L,2024-05-31,74.9000015258789,75.91999816894531,74.26000213623047,75.62000274658203,337266732
Vodafone,0,VOD.L,2024-06-03,76.23999786376953,77.08000183105469,75.91999816894531,76.5,153683368
Vodafone,0,VOD.L,2024-06-04,75.83999633789062,77,75.60600280761719,76.83999633789062,69280619
Vodafone,0,VOD.L,2024-06-05,77.16000366210938,77.9000015258789,76.36000061035156,76.63999938964844,90001063
Vodafone,0,VOD.L,2024-06-06,72.9800033569336,72.9800033569336,71.51699829101562,72.19999694824219,119686391
Vodafone,0,VOD.L,2024-06-07,72.18000030517578,73.08000183105469,71.45700073242188,71.5199966430664,71954137
Vodafone,0,VOD.L,2024-06-10,70.95999908447266,71.95999908447266,70.41999816894531,70.87999725341797,110889294
Vodafone,0,VOD.L,2024-06-11,71.23999786376953,71.58000183105469,69.86000061035156,70.0999984741211,91297027
Vodafone,0,VOD.L,2024-06-12,70.12000274658203,70.54000091552734,69,69,152874144
Vodafone,0,VOD.L,2024-06-13,68.83999633789062,69.5530014038086,68.62000274658203,68.69999694824219,125883045
Vodafone,0,VOD.L,2024-06-14,68.76000213623047,70.0999984741211,68.5999984741211,68.95999908447266,71066044
Vodafone,0,VOD.L,2024-06-17,69.19999694824219,70.18000030517578,69.18000030517578,69.77999877929688,98602229
Vodafone,0,VOD.L,2024-06-18,70.0999984741211,71,70.0199966430664,70.63999938964844,67323052
Vodafone,0,VOD.L,2024-06-19,71.19999694824219,72.08000183105469,71,71.63999938964844,74385058
Vodafone,0,VOD.L,2024-06-20,71.66000366210938,72.31999969482422,71.19999694824219,72.27999877929688,80709044
Vodafone,0,VOD.L,2024-06-21,72.12000274658203,72.72000122070312,71.13999938964844,71.62000274658203,107345940
Vodafone,0,VOD.L,2024-06-24,71.62000274658203,72.72000122070312,71.26000213623047,72.30000305175781,55421678
Vodafone,0,VOD.L,2024-06-25,72.58000183105469,72.9000015258789,70.5999984741211,70.66000366210938,55528501
Vodafone,0,VOD.L,2024-06-26,70.45999908447266,70.9000015258789,69.44000244140625,69.72000122070312,81910537
Vodafone,0,VOD.L,2024-06-27,70,70.45999908447266,69.41999816894531,69.41999816894531,88122141
Vodafone,0,VOD.L,2024-06-28,69.54000091552734,70.36000061035156,69.5199966430664,69.76000213623047,58666029
Vodafone,0,VOD.L,2024-07-01,69.94000244140625,71.08000183105469,69.33999633789062,70.23999786376953,55924542
Vodafone,0,VOD.L,2024-07-02,70.19999694824219,70.69999694824219,68.73999786376953,68.95999908447266,63417139
Vodafone,0,VOD.L,2024-07-03,69.33999633789062,69.73999786376953,68.69999694824219,69.16000366210938,92237703
Vodafone,0,VOD.L,2024-07-04,69.5,70.04000091552734,68.73999786376953,69.9800033569336,36817580
Vodafone,0,VOD.L,2024-07-05,70.08000183105469,70.84700012207031,69.55999755859375,70.31999969482422,39779841
Vodafone,0,VOD.L,2024-07-08,70.13999938964844,71.0999984741211,69.55999755859375,70.41999816894531,55631588
Vodafone,0,VOD.L,2024-07-09,70.81999969482422,71.13999938964844,69.77999877929688,71,65847854
Vodafone,0,VOD.L,2024-07-10,71.16000366210938,72.9000015258789,70.55999755859375,72.44000244140625,95958747
Vodafone,0,VOD.L,2024-07-11,72.36000061035156,72.87999725341797,70.49099731445312,71.22000122070312,47102749
Vodafone,0,VOD.L,2024-07-12,71.73999786376953,72.18000030517578,70.5199966430664,70.5199966430664,42445604
Vodafone,0,VOD.L,2024-07-15,70.37999725341797,70.95999908447266,69.5199966430664,69.69999694824219,66768675
Vodafone,0,VOD.L,2024-07-16,69.58000183105469,70.12000274658203,69.16000366210938,69.37999725341797,67131135
Vodafone,0,VOD.L,2024-07-17,69.72000122070312,70.80000305175781,69.0999984741211,70.63999938964844,209583045
Vodafone,0,VOD.L,2024-07-18,70.9000015258789,71.37999725341797,70.19999694824219,70.87999725341797,37516815
Vodafone,0,VOD.L,2024-07-19,70.4000015258789,71.08000183105469,69.93099975585938,70.5,33191240
Vodafone,0,VOD.L,2024-07-22,71,71.08000183105469,70.04000091552734,70.41999816894531,30217586
Vodafone,0,VOD.L,2024-07-23,70.19999694824219,70.87999725341797,69.83999633789062,70.58000183105469,76679000
Vodafone,0,VOD.L,2024-07-24,70.04000091552734,70.62000274658203,69.80000305175781,70.44000244140625,46478217
Vodafone,0,VOD.L,2024-07-25,69.5,72.33999633789062,68.58000183105469,72.13999938964844,153582039
Vodafone,0,VOD.L,2024-07-26,72.08000183105469,73.31999969482422,71.9000015258789,73.22000122070312,67952538
Vodafone,0,VOD.L,2024-07-29,74.16000366210938,74.77999877929688,73.22000122070312,73.22000122070312,49015474
Vodafone,0,VOD.L,2024-07-30,73.36000061035156,73.4000015258789,72.76000213623047,73.13999938964844,47946153
Vodafone,0,VOD.L,2024-07-31,73.5199966430664,74.36000061035156,72.30000305175781,72.44000244140625,52084419
Vodafone,0,VOD.L,2024-08-01,72.83999633789062,73.26000213623047,71.95099639892578,72.12000274658203,41617888
Vodafone,0,VOD.L,2024-08-02,71.63999938964844,72.4800033569336,71.4000015258789,72.26000213623047,53063972
Vodafone,0,VOD.L,2024-08-05,70.36000061035156,71.76000213623047,68.08000183105469,69.4000015258789,137638315
Vodafone,0,VOD.L,2024-08-06,69.77999877929688,70.73999786376953,63.060001373291016,70.44000244140625,84375027
Vodafone,0,VOD.L,2024-08-07,70.77999877929688,73.45999908447266,70.68099975585938,73.19999694824219,80241949
Vodafone,0,VOD.L,2024-08-08,73.0199966430664,73.69999694824219,63.060001373291016,73.63999938964844,54531772
Vodafone,0,VOD.L,2024-08-09,73.69999694824219,74.31999969482422,73.33999633789062,73.80000305175781,69985571
Vodafone,0,VOD.L,2024-08-12,74.13999938964844,74.81999969482422,73.0199966430664,74.44000244140625,72546895
Vodafone,0,VOD.L,2024-08-13,74.26000213623047,74.4800033569336,73.0199966430664,73.73999786376953,51983761
Vodafone,0,VOD.L,2024-08-14,73.41999816894531,74.5999984741211,73.41999816894531,74.54000091552734,44587753
Vodafone,0,VOD.L,2024-08-15,74.72000122070312,75.73999786376953,74.37000274658203,74.5,61481651
Vodafone,0,VOD.L,2024-08-16,74.27999877929688,74.72000122070312,73.72000122070312,74.72000122070312,37765326
Vodafone,0,VOD.L,2024-08-19,74.62000274658203,75.5,74.5199966430664,75.5,89827480
Vodafone,0,VOD.L,2024-08-20,75.31999969482422,75.37999725341797,73.52999877929688,73.87999725341797,59174158
Vodafone,0,VOD.L,2024-08-21,73.5999984741211,74.05999755859375,73.18000030517578,73.5999984741211,64374038
Vodafone,0,VOD.L,2024-08-22,73.5,74,73.45999908447266,73.5999984741211,34236718
Vodafone,0,VOD.L,2024-08-23,73.80000305175781,74.12000274658203,73.5,74.0199966430664,44923195
Vodafone,0,VOD.L,2024-08-27,73.33999633789062,75.01000213623047,73.33999633789062,74.73999786376953,44765997
Vodafone,0,VOD.L,2024-08-28,74.80000305175781,74.96199798583984,74.0999984741211,74.83999633789062,42441709
Vodafone,0,VOD.L,2024-08-29,74.9000015258789,75.19999694824219,74.04000091552734,74.05999755859375,39027575
Vodafone,0,VOD.L,2024-08-30,74.31999969482422,74.63999938964844,73.83499908447266,74.41999816894531,122344636
Vodafone,0,VOD.L,2024-09-02,74.5,75.66000366210938,74.33999633789062,75.62000274658203,42401533
Vodafone,0,VOD.L,2024-09-03,75.5,76.62000274658203,75.36000061035156,75.66000366210938,168966430
Vodafone,0,VOD.L,2024-09-04,75.23999786376953,76.77999877929688,75.0999984741211,76.77999877929688,74446425
Vodafone,0,VOD.L,2024-09-05,76.58000183105469,78.63999938964844,76.4800033569336,78.18000030517578,88263421
Vodafone,0,VOD.L,2024-09-06,77.73999786376953,77.9000015258789,76.37999725341797,76.45999908447266,56072662
Vodafone,0,VOD.L,2024-09-09,76.76000213623047,77.16000366210938,76.36000061035156,76.58000183105469,36650219
Vodafone,0,VOD.L,2024-09-10,76.33999633789062,76.80000305175781,75.4800033569336,75.4800033569336,52153911
Vodafone,0,VOD.L,2024-09-11,75.81999969482422,76.91999816894531,75.58000183105469,76.58000183105469,58439505
Vodafone,0,VOD.L,2024-09-12,76.87999725341797,77.23999786376953,76.0999984741211,76.77999877929688,70577338
Vodafone,0,VOD.L,2024-09-13,76.73999786376953,77.87999725341797,76.73999786376953,77.5999984741211,57687770
Vodafone,0,VOD.L,2024-09-16,77.54000091552734,78.4800033569336,77.16999816894531,78.41999816894531,30479224
Vodafone,0,VOD.L,2024-09-17,78.95999908447266,79.5,77.54000091552734,77.62000274658203,59955550
Vodafone,0,VOD.L,2024-09-18,77.68000030517578,78.08000183105469,77.35299682617188,78.08000183105469,34142673
Vodafone,0,VOD.L,2024-09-19,78.13999938964844,78.23999786376953,75.63999938964844,76.16000366210938,66327943
Vodafone,0,VOD.L,2024-09-20,75.63999938964844,76.18000030517578,75.44000244140625,75.55999755859375,153085696
Vodafone,0,VOD.L,2024-09-23,75.69999694824219,76.22000122070312,75.34500122070312,75.94000244140625,35303870
Vodafone,0,VOD.L,2024-09-24,76.13999938964844,76.33999633789062,75.31999969482422,75.80000305175781,40040784
Vodafone,0,VOD.L,2024-09-25,75.4800033569336,76.02899932861328,75.0999984741211,75.83999633789062,38955485
Vodafone,0,VOD.L,2024-09-26,76.4000015258789,76.5,74.9800033569336,75.4000015258789,70443404
Vodafone,0,VOD.L,2024-09-27,75.41999816894531,75.86900329589844,75.05999755859375,75.62000274658203,45775567
Vodafone,0,VOD.L,2024-09-30,75.76000213623047,76,75.03800201416016,75.04000091552734,38514953
Barclays,1,BCS,2024-01-02,7.909999847412109,8.029999732971191,7.869999885559082,7.920000076293945,21972700
Barclays,1,BCS,2024-01-03,7.809999942779541,7.949999809265137,7.78000020980835,7.869999885559082,27234800
Barclays,1,BCS,2024-01-04,7.880000114440918,8.050000190734863,7.869999885559082,7.940000057220459,21791800
Barclays,1,BCS,2024-01-05,7.960000038146973,8.109999656677246,7.949999809265137,8.029999732971191,22603500
Barclays,1,BCS,2024-01-08,8.010000228881836,8.109999656677246,7.96999979019165,8.100000381469727,21618900
Barclays,1,BCS,2024-01-09,7.980000019073486,8,7.880000114440918,7.900000095367432,22304000
Barclays,1,BCS,2024-01-10,7.909999847412109,7.949999809265137,7.869999885559082,7.929999828338623,21479100
Barclays,1,BCS,2024-01-11,7.659999847412109,7.690000057220459,7.46999979019165,7.519999980926514,26340600
Barclays,1,BCS,2024-01-12,7.650000095367432,7.699999809265137,7.46999979019165,7.519999980926514,27873100
Barclays,1,BCS,2024-01-16,7.320000171661377,7.329999923706055,7.230000019073486,7.269999980926514,20099700
Barclays,1,BCS,2024-01-17,7.179999828338623,7.25,7.159999847412109,7.21999979019165,17339900
Barclays,1,BCS,2024-01-18,7.28000020980835,7.309999942779541,7.210000038146973,7.289999961853027,17159400
Barclays,1,BCS,2024-01-19,7.260000228881836,7.369999885559082,7.230000019073486,7.360000133514404,17320200
Barclays,1,BCS,2024-01-22,7.429999828338623,7.53000020980835,7.420000076293945,7.480000019073486,15352300
Barclays,1,BCS,2024-01-23,7.559999942779541,7.610000133514404,7.5,7.579999923706055,16858200
Barclays,1,BCS,2024-01-24,7.639999866485596,7.659999847412109,7.570000171661377,7.579999923706055,19274200
Barclays,1,BCS,2024-01-25,7.579999923706055,7.610000133514404,7.460000038146973,7.539999961853027,21605900
Barclays,1,BCS,2024-01-26,7.699999809265137,7.739999771118164,7.650000095367432,7.71999979019165,19452400
Barclays,1,BCS,2024-01-29,7.610000133514404,7.670000076293945,7.539999961853027,7.659999847412109,15779100
Barclays,1,BCS,2024-01-30,7.679999828338623,7.789999961853027,7.679999828338623,7.760000228881836,15670300
Barclays,1,BCS,2024-01-31,7.730000019073486,7.78000020980835,7.539999961853027,7.539999961853027,23229400
Barclays,1,BCS,2024-02-01,7.659999847412109,7.699999809265137,7.46999979019165,7.650000095367432,25513500
Barclays,1,BCS,2024-02-02,7.760000228881836,7.789999961853027,7.659999847412109,7.699999809265137,21506300
Barclays,1,BCS,2024-02-05,7.5,7.53000020980835,7.380000114440918,7.420000076293945,12148000
Barclays,1,BCS,2024-02-06,7.460000038146973,7.510000228881836,7.440000057220459,7.5,9325400
Barclays,1,BCS,2024-02-07,7.449999809265137,7.46999979019165,7.320000171661377,7.429999828338623,10773600
Barclays,1,BCS,2024-02-08,7.389999866485596,7.409999847412109,7.289999961853027,7.349999904632568,6307000
Barclays,1,BCS,2024-02-09,7.320000171661377,7.340000152587891,7.260000228881836,7.320000171661377,7542400
Barclays,1,BCS,2024-02-12,7.260000228881836,7.389999866485596,7.260000228881836,7.320000171661377,10218400
Barclays,1,BCS,2024-02-13,7.21999979019165,7.230000019073486,7.070000171661377,7.119999885559082,15359500
Barclays,1,BCS,2024-02-14,7.239999771118164,7.28000020980835,7.199999809265137,7.239999771118164,10192200
Barclays,1,BCS,2024-02-15,7.239999771118164,7.400000095367432,7.239999771118164,7.369999885559082,14937800
Barclays,1,BCS,2024-02-16,7.5,7.539999961853027,7.440000057220459,7.46999979019165,14513100
Barclays,1,BCS,2024-02-20,8.199999809265137,8.390000343322754,8.180000305175781,8.369999885559082,24253700
Barclays,1,BCS,2024-02-21,8.329999923706055,8.449999809265137,8.289999961853027,8.449999809265137,20469100
Barclays,1,BCS,2024-02-22,8.34000015258789,8.479999542236328,8.319999694824219,8.460000038146973,18882300
Barclays,1,BCS,2024-02-23,8.460000038146973,8.510000228881836,8.40999984741211,8.5,15460700
Barclays,1,BCS,2024-02-26,8.569999694824219,8.600000381469727,8.460000038146973,8.520000457763672,17649900
Barclays,1,BCS,2024-02-27,8.59000015258789,8.619999885559082,8.539999961853027,8.5600004196167,11457200
Barclays,1,BCS,2024-02-28,8.680000305175781,8.710000038146973,8.609999656677246,8.630000114440918,16063200
Barclays,1,BCS,2024-02-29,8.520000457763672,8.550000190734863,8.369999885559082,8.5,15294800
Barclays,1,BCS,2024-03-01,8.680000305175781,8.710000038146973,8.569999694824219,8.65999984741211,15270000
Barclays,1,BCS,2024-03-04,8.670000076293945,8.779999732971191,8.670000076293945,8.710000038146973,13841200
Barclays,1,BCS,2024-03-05,8.640000343322754,8.8100004196167,8.630000114440918,8.720000267028809,16261400
Barclays,1,BCS,2024-03-06,8.869999885559082,8.880000114440918,8.779999732971191,8.859999656677246,18884500
Barclays,1,BCS,2024-03-07,8.899999618530273,9.020000457763672,8.890000343322754,9.020000457763672,14487600
Barclays,1,BCS,2024-03-08,9.029999732971191,9.09000015258789,8.930000305175781,8.970000267028809,15655900
Barclays,1,BCS,2024-03-11,9.020000457763672,9.109999656677246,9.010000228881836,9.109999656677246,14785300
Barclays,1,BCS,2024-03-12,9.180000305175781,9.25,9.119999885559082,9.220000267028809,14604900
Barclays,1,BCS,2024-03-13,9.130000114440918,9.25,9.119999885559082,9.170000076293945,14901800
Barclays,1,BCS,2024-03-14,9.170000076293945,9.199999809265137,8.9399995803833,8.979999542236328,19341500
Barclays,1,BCS,2024-03-15,9.119999885559082,9.229999542236328,9.109999656677246,9.140000343322754,17230500
Barclays,1,BCS,2024-03-18,9.119999885559082,9.140000343322754,9.069999694824219,9.079999923706055,11785100
Barclays,1,BCS,2024-03-19,9.010000228881836,9.079999923706055,8.989999771118164,9,12131700
Barclays,1,BCS,2024-03-20,9.020000457763672,9.270000457763672,9.010000228881836,9.270000457763672,15853000
Barclays,1,BCS,2024-03-21,9.34000015258789,9.479999542236328,9.329999923706055,9.359999656677246,20584600
Barclays,1,BCS,2024-03-22,9.34000015258789,9.380000114440918,9.229999542236328,9.25,13656600
Barclays,1,BCS,2024-03-25,9.229999542236328,9.34000015258789,9.229999542236328,9.260000228881836,12399600
Barclays,1,BCS,2024-03-26,9.300000190734863,9.329999923706055,9.229999542236328,9.25,10277100
Barclays,1,BCS,2024-03-27,9.279999732971191,9.420000076293945,9.279999732971191,9.420000076293945,17262200
Barclays,1,BCS,2024-03-28,9.460000038146973,9.550000190734863,9.40999984741211,9.449999809265137,22363400
Barclays,1,BCS,2024-04-01,9.430000305175781,9.479999542236328,9.25,9.289999961853027,17423600
Barclays,1,BCS,2024-04-02,9.390000343322754,9.449999809265137,9.350000381469727,9.420000076293945,25557700
Barclays,1,BCS,2024-04-03,9.470000267028809,9.699999809265137,9.470000267028809,9.649999618530273,19423800
Barclays,1,BCS,2024-04-04,9.949999809265137,9.979999542236328,9.699999809265137,9.710000038146973,25787200
Barclays,1,BCS,2024-04-05,9.710000038146973,9.779999732971191,9.630000114440918,9.739999771118164,24878400
Barclays,1,BCS,2024-04-08,9.819999694824219,9.9399995803833,9.819999694824219,9.869999885559082,20700400
Barclays,1,BCS,2024-04-09,9.90999984741211,9.9399995803833,9.649999618530273,9.729999542236328,20359500
Barclays,1,BCS,2024-04-10,9.609999656677246,9.720000267028809,9.529999732971191,9.59000015258789,22640200
Barclays,1,BCS,2024-04-11,9.40999984741211,9.420000076293945,9.270000457763672,9.359999656677246,19524800
Barclays,1,BCS,2024-04-12,9.260000228881836,9.329999923706055,9.15999984741211,9.180000305175781,21726300
Barclays,1,BCS,2024-04-15,9.289999961853027,9.380000114440918,9.119999885559082,9.15999984741211,18983400
Barclays,1,BCS,2024-04-16,9.050000190734863,9.09000015258789,8.949999809265137,9,21446800
Barclays,1,BCS,2024-04-17,9.09000015258789,9.170000076293945,9.029999732971191,9.100000381469727,16828500
Barclays,1,BCS,2024-04-18,9.170000076293945,9.3100004196167,9.149999618530273,9.239999771118164,21732900
Barclays,1,BCS,2024-04-19,9.279999732971191,9.369999885559082,9.260000228881836,9.350000381469727,16301700
Barclays,1,BCS,2024-04-22,9.420000076293945,9.539999961853027,9.399999618530273,9.520000457763672,13716100
Barclays,1,BCS,2024-04-23,9.59000015258789,9.710000038146973,9.550000190734863,9.699999809265137,20748200
Barclays,1,BCS,2024-04-24,9.630000114440918,9.649999618530273,9.550000190734863,9.600000381469727,19214800
Barclays,1,BCS,2024-04-25,10.170000076293945,10.449999809265137,10.140000343322754,10.359999656677246,32295000
Barclays,1,BCS,2024-04-26,10.289999961853027,10.460000038146973,10.270000457763672,10.420000076293945,20566300
Barclays,1,BCS,2024-04-29,10.34000015258789,10.380000114440918,10.260000228881836,10.289999961853027,14370100
Barclays,1,BCS,2024-04-30,10.300000190734863,10.359999656677246,10.229999542236328,10.239999771118164,17050800
Barclays,1,BCS,2024-05-01,10.289999961853027,10.430000305175781,10.220000267028809,10.270000457763672,19280500
Barclays,1,BCS,2024-05-02,10.260000228881836,10.300000190734863,10.149999618530273,10.25,15768700
Barclays,1,BCS,2024-05-03,10.1899995803833,10.300000190734863,10.149999618530273,10.260000228881836,21807100
Barclays,1,BCS,2024-05-06,10.390000343322754,10.449999809265137,10.350000381469727,10.390000343322754,6080800
Barclays,1,BCS,2024-05-07,10.640000343322754,10.6899995803833,10.600000381469727,10.619999885559082,15378000
Barclays,1,BCS,2024-05-08,10.609999656677246,10.729999542236328,10.579999923706055,10.720000267028809,13407600
Barclays,1,BCS,2024-05-09,10.710000038146973,10.789999961853027,10.699999809265137,10.779999732971191,8629400
Barclays,1,BCS,2024-05-10,10.819999694824219,10.850000381469727,10.779999732971191,10.789999961853027,12062600
Barclays,1,BCS,2024-05-13,10.84000015258789,10.880000114440918,10.819999694824219,10.84000015258789,7211800
Barclays,1,BCS,2024-05-14,10.970000267028809,11.069999694824219,10.920000076293945,11.039999961853027,11138300
Barclays,1,BCS,2024-05-15,10.949999809265137,11,10.890000343322754,10.9399995803833,8322100
Barclays,1,BCS,2024-05-16,10.989999771118164,11.020000457763672,10.930000305175781,10.9399995803833,10548300
Barclays,1,BCS,2024-05-17,11.029999732971191,11.140000343322754,11.020000457763672,11.119999885559082,5822800
Barclays,1,BCS,2024-05-20,11.119999885559082,11.149999618530273,11.010000228881836,11.020000457763672,7867800
Barclays,1,BCS,2024-05-21,11.020000457763672,11.180000305175781,11,11.170000076293945,15289200
Barclays,1,BCS,2024-05-22,11.09000015258789,11.109999656677246,10.779999732971191,10.84000015258789,13692100
Barclays,1,BCS,2024-05-23,11.09000015258789,11.109999656677246,10.869999885559082,10.90999984741211,14207900
Barclays,1,BCS,2024-05-24,11.020000457763672,11.140000343322754,11.010000228881836,11.079999923706055,8629400
Barclays,1,BCS,2024-05-28,11.25,11.3100004196167,11.210000038146973,11.25,10423900
Barclays,1,BCS,2024-05-29,11.069999694824219,11.079999923706055,10.970000267028809,10.979999542236328,10294900
Barclays,1,BCS,2024-05-30,11.239999771118164,11.270000457763672,11.149999618530273,11.260000228881836,11676300
Barclays,1,BCS,2024-05-31,11.300000190734863,11.359999656677246,11.239999771118164,11.350000381469727,8998500
Barclays,1,BCS,2024-06-03,11.319999694824219,11.420000076293945,11.239999771118164,11.40999984741211,10611300
Barclays,1,BCS,2024-06-04,11.15999984741211,11.199999809265137,11.020000457763672,11.09000015258789,12741200
Barclays,1,BCS,2024-06-05,11.050000190734863,11.069999694824219,10.930000305175781,11.020000457763672,10128600
Barclays,1,BCS,2024-06-06,11.069999694824219,11.149999618530273,11.069999694824219,11.119999885559082,10063200
Barclays,1,BCS,2024-06-07,11.100000381469727,11.199999809265137,11.069999694824219,11.069999694824219,12457900
Barclays,1,BCS,2024-06-10,10.9399995803833,11.079999923706055,10.880000114440918,11.050000190734863,9028100
Barclays,1,BCS,2024-06-11,10.859999656677246,10.859999656677246,10.680000305175781,10.729999542236328,15692900
Barclays,1,BCS,2024-06-12,10.819999694824219,10.890000343322754,10.720000267028809,10.770000457763672,16077500
Barclays,1,BCS,2024-06-13,10.680000305175781,10.680000305175781,10.539999961853027,10.600000381469727,15003800
Barclays,1,BCS,2024-06-14,10.180000305175781,10.449999809265137,10.170000076293945,10.40999984741211,17838600
Barclays,1,BCS,2024-06-17,10.460000038146973,10.600000381469727,10.449999809265137,10.59000015258789,10166400
Barclays,1,BCS,2024-06-18,10.550000190734863,10.630000114440918,10.539999961853027,10.5600004196167,10637400
Barclays,1,BCS,2024-06-20,10.630000114440918,10.739999771118164,10.609999656677246,10.720000267028809,10914300
Barclays,1,BCS,2024-06-21,10.449999809265137,10.5,10.369999885559082,10.4399995803833,10572400
Barclays,1,BCS,2024-06-24,10.600000381469727,10.65999984741211,10.569999694824219,10.630000114440918,7884300
Barclays,1,BCS,2024-06-25,10.550000190734863,10.579999923706055,10.489999771118164,10.539999961853027,7825000
Barclays,1,BCS,2024-06-26,10.460000038146973,10.520000457763672,10.4399995803833,10.510000228881836,10063900
Barclays,1,BCS,2024-06-27,10.720000267028809,10.789999961853027,10.630000114440918,10.680000305175781,12399000
Barclays,1,BCS,2024-06-28,10.649999618530273,10.729999542236328,10.640000343322754,10.710000038146973,9966300
Barclays,1,BCS,2024-07-01,10.859999656677246,10.930000305175781,10.8100004196167,10.869999885559082,10773800
Barclays,1,BCS,2024-07-02,10.789999961853027,10.890000343322754,10.729999542236328,10.890000343322754,8115500
Barclays,1,BCS,2024-07-03,11.130000114440918,11.220000267028809,11.130000114440918,11.180000305175781,6534300
Barclays,1,BCS,2024-07-05,11.4399995803833,11.460000038146973,11.279999732971191,11.369999885559082,8921500
Barclays,1,BCS,2024-07-08,11.5,11.569999694824219,11.380000114440918,11.479999542236328,10765700
Barclays,1,BCS,2024-07-09,11.119999885559082,11.25,11.100000381469727,11.170000076293945,9763700
Barclays,1,BCS,2024-07-10,11.270000457763672,11.399999618530273,11.229999542236328,11.399999618530273,11375700
Barclays,1,BCS,2024-07-11,11.470000267028809,11.59000015258789,11.4399995803833,11.59000015258789,9931200
Barclays,1,BCS,2024-07-12,11.600000381469727,11.640000343322754,11.529999732971191,11.600000381469727,8655700
Barclays,1,BCS,2024-07-15,11.630000114440918,11.760000228881836,11.630000114440918,11.739999771118164,10732300
Barclays,1,BCS,2024-07-16,11.710000038146973,11.899999618530273,11.6899995803833,11.899999618530273,7740900
Barclays,1,BCS,2024-07-17,12.0600004196167,12.119999885559082,11.960000038146973,12.020000457763672,13552300
Barclays,1,BCS,2024-07-18,12.010000228881836,12.0600004196167,11.680000305175781,11.739999771118164,13989200
Barclays,1,BCS,2024-07-19,11.850000381469727,11.970000267028809,11.789999961853027,11.850000381469727,13011700
Barclays,1,BCS,2024-07-22,11.930000305175781,11.989999771118164,11.869999885559082,11.989999771118164,6626200
Barclays,1,BCS,2024-07-23,11.899999618530273,11.970000267028809,11.890000343322754,11.949999809265137,8867600
Barclays,1,BCS,2024-07-24,11.890000343322754,11.920000076293945,11.699999809265137,11.699999809265137,9360000
Barclays,1,BCS,2024-07-25,11.699999809265137,11.869999885559082,11.65999984741211,11.75,8079000
Barclays,1,BCS,2024-07-26,11.890000343322754,12.010000228881836,11.859999656677246,11.979999542236328,11422500
Barclays,1,BCS,2024-07-29,12.0600004196167,12.079999923706055,11.890000343322754,11.9399995803833,11375400
Barclays,1,BCS,2024-07-30,11.9399995803833,12.0600004196167,11.930000305175781,11.989999771118164,13525800
Barclays,1,BCS,2024-07-31,11.949999809265137,12.069999694824219,11.899999618530273,11.920000076293945,14951000
Barclays,1,BCS,2024-08-01,11.899999618530273,11.90999984741211,11.239999771118164,11.3100004196167,14714500
Barclays,1,BCS,2024-08-02,10.869999885559082,10.880000114440918,10.609999656677246,10.729999542236328,16034500
Barclays,1,BCS,2024-08-05,10.319999694824219,10.75,10.229999542236328,10.59000015258789,30377000
Barclays,1,BCS,2024-08-06,10.520000457763672,10.8100004196167,10.479999542236328,10.720000267028809,19952900
Barclays,1,BCS,2024-08-07,11.09000015258789,11.119999885559082,10.760000228881836,10.84000015258789,17775500
Barclays,1,BCS,2024-08-08,10.979999542236328,11.029999732971191,10.920000076293945,11,14050200
Barclays,1,BCS,2024-08-09,11.069999694824219,11.270000457763672,11.050000190734863,11.260000228881836,16563100
Barclays,1,BCS,2024-08-12,11.289999961853027,11.369999885559082,11.220000267028809,11.229999542236328,13215700
Barclays,1,BCS,2024-08-13,11.229999542236328,11.420000076293945,11.220000267028809,11.399999618530273,15160700
Barclays,1,BCS,2024-08-14,11.420000076293945,11.5,11.420000076293945,11.460000038146973,9212700
Barclays,1,BCS,2024-08-15,11.8100004196167,11.9399995803833,11.739999771118164,11.859999656677246,13687100
Barclays,1,BCS,2024-08-16,11.710000038146973,11.890000343322754,11.710000038146973,11.869999885559082,9924300
Barclays,1,BCS,2024-08-19,11.880000114440918,11.989999771118164,11.880000114440918,11.979999542236328,10807400
Barclays,1,BCS,2024-08-20,11.829999923706055,11.859999656677246,11.779999732971191,11.819999694824219,12074000
Barclays,1,BCS,2024-08-21,11.869999885559082,11.890000343322754,11.760000228881836,11.869999885559082,12567200
Barclays,1,BCS,2024-08-22,11.899999618530273,11.9399995803833,11.819999694824219,11.899999618530273,11658800
Barclays,1,BCS,2024-08-23,11.989999771118164,12.25,11.989999771118164,12.220000267028809,9318700
Barclays,1,BCS,2024-08-26,12.1899995803833,12.270000457763672,12.149999618530273,12.210000038146973,7992600
Barclays,1,BCS,2024-08-27,12.149999618530273,12.489999771118164,12.149999618530273,12.449999809265137,20844800
Barclays,1,BCS,2024-08-28,11.880000114440918,11.979999542236328,11.829999923706055,11.869999885559082,15384900
Barclays,1,BCS,2024-08-29,12.050000190734863,12.109999656677246,11.930000305175781,12.0600004196167,10842000
Barclays,1,BCS,2024-08-30,12.0600004196167,12.180000305175781,12.029999732971191,12.170000076293945,8887600
Barclays,1,BCS,2024-09-03,11.84000015258789,11.90999984741211,11.680000305175781,11.729999542236328,17823700
Barclays,1,BCS,2024-09-04,11.829999923706055,11.899999618530273,11.720000267028809,11.739999771118164,24428600
Barclays,1,BCS,2024-09-05,12.170000076293945,12.210000038146973,12.020000457763672,12.119999885559082,28224800
Barclays,1,BCS,2024-09-06,12,12.069999694824219,11.520000457763672,11.550000190734863,31590400
Barclays,1,BCS,2024-09-09,11.75,11.890000343322754,11.739999771118164,11.789999961853027,13837000
Barclays,1,BCS,2024-09-10,11.760000228881836,11.770000457763672,11.319999694824219,11.510000228881836,27349000
Barclays,1,BCS,2024-09-11,11.420000076293945,11.510000228881836,11.220000267028809,11.489999771118164,28222800
Barclays,1,BCS,2024-09-12,11.520000457763672,11.609999656677246,11.420000076293945,11.5600004196167,20542600
Barclays,1,BCS,2024-09-13,11.649999618530273,11.770000457763672,11.640000343322754,11.739999771118164,24114200
Barclays,1,BCS,2024-09-16,11.760000228881836,11.880000114440918,11.729999542236328,11.850000381469727,14553100
Barclays,1,BCS,2024-09-17,11.979999542236328,12.020000457763672,11.859999656677246,11.90999984741211,15249600
Barclays,1,BCS,2024-09-18,11.989999771118164,12.15999984741211,11.880000114440918,11.949999809265137,15363900
Barclays,1,BCS,2024-09-19,12.100000381469727,12.279999732971191,12.010000228881836,12.25,16640100
Barclays,1,BCS,2024-09-20,12.239999771118164,12.239999771118164,12.09000015258789,12.220000267028809,14706000
Barclays,1,BCS,2024-09-23,12.050000190734863,12.130000114440918,12,12.029999732971191,10040200
Barclays,1,BCS,2024-09-24,12.229999542236328,12.289999961853027,12.149999618530273,12.220000267028809,8107300
Barclays,1,BCS,2024-09-25,12.199999809265137,12.210000038146973,11.960000038146973,11.970000267028809,8378200
Barclays,1,BCS,2024-09-26,12.279999732971191,12.390000343322754,12.210000038146973,12.350000381469727,11713600
Barclays,1,BCS,2024-09-27,12.329999923706055,12.399999618530273,12.279999732971191,12.300000190734863,6632200
Barclays,1,BCS,2024-09-30,12.149999618530273,12.199999809265137,12.050000190734863,12.149999618530273,8062800
Barclays,0,BARC.L,2024-01-02,154.10000610351562,155.5,153.39999389648438,155.27999877929688,94542523
Barclays,0,BARC.L,2024-01-03,155.3000030517578,156.39999389648438,152.14700317382812,153.1199951171875,60606163
Barclays,0,BARC.L,2024-01-04,153,155.83999633789062,152.5800018310547,155.5800018310547,108657862
Barclays,0,BARC.L,2024-01-05,153.33999633789062,156.3800048828125,152.6999969482422,155.60000610351562,37399562
Barclays,0,BARC.L,2024-01-08,154.13999938964844,155.67999267578125,153.9600067138672,154.82000732421875,103418887
Barclays,0,BARC.L,2024-01-09,153.25999450683594,154.9600067138672,153.25999450683594,154.27999877929688,18430452
Barclays,0,BARC.L,2024-01-10,152.8800048828125,154.52000427246094,152.32000732421875,152.63999938964844,69093738
Barclays,0,BARC.L,2024-01-11,152,152.63999938964844,144.82000732421875,145.5800018310547,91243689
Barclays,0,BARC.L,2024-01-12,146.3800048828125,149.14999389648438,145.5399932861328,145.5399932861328,50953321
Barclays,0,BARC.L,2024-01-15,145.32000732421875,147.0399932861328,144.3000030517578,144.97999572753906,133986526
Barclays,0,BARC.L,2024-01-16,143.94000244140625,145.0800018310547,141.19000244140625,141.39999389648438,35953235
Barclays,0,BARC.L,2024-01-17,140.1999969482422,141.85299682617188,138.39999389648438,140.67999267578125,45080070
Barclays,0,BARC.L,2024-01-18,140.83999633789062,141.94000244140625,139.4199981689453,140.72000122070312,42768637
Barclays,0,BARC.L,2024-01-19,142.3800048828125,143.0399932861328,140.36000061035156,141.0399932861328,113629727
Barclays,0,BARC.L,2024-01-22,143.66000366210938,145.63999938964844,143.1199951171875,144.94000244140625,36259223
Barclays,0,BARC.L,2024-01-23,145.75999450683594,147.89999389648438,145.74000549316406,146.77999877929688,27395162
Barclays,0,BARC.L,2024-01-24,148.32000732421875,149.63999938964844,146.44000244140625,147.33999633789062,84852530
Barclays,0,BARC.L,2024-01-25,146.9600067138672,147.5800018310547,145.02000427246094,145.3800048828125,47524415
Barclays,0,BARC.L,2024-01-26,146.75999450683594,150.39999389648438,146.47999572753906,149.24000549316406,29055466
Barclays,0,BARC.L,2024-01-29,149.4199981689453,150.66000366210938,147.3470001220703,147.5399932861328,31299311
Barclays,0,BARC.L,2024-01-30,148.60000610351562,150.6199951171875,147.94000244140625,150.25999450683594,21202090
Barclays,0,BARC.L,2024-01-31,150.89999389648438,151.22000122070312,148.4199981689453,148.4199981689453,67089613
Barclays,0,BARC.L,2024-02-01,146.44000244140625,149.36000061035156,145.13999938964844,146.0399932861328,30614570
Barclays,0,BARC.L,2024-02-02,148.75999450683594,152.00999450683594,148.44000244140625,150.72000122070312,31830750
Barclays,0,BARC.L,2024-02-05,150.66000366210938,151.27999877929688,145.33999633789062,145.67999267578125,66340122
Barclays,0,BARC.L,2024-02-06,146.52000427246094,147.8800048828125,146.16000366210938,146.3000030517578,48838185
Barclays,0,BARC.L,2024-02-07,146.36000061035156,147,143.0399932861328,144.39999389648438,77270341
Barclays,0,BARC.L,2024-02-08,145.36000061035156,146.02000427246094,143.0399932861328,143.16000366210938,21760942
Barclays,0,BARC.L,2024-02-09,143.83999633789062,144.39999389648438,141.10000610351562,142.27999877929688,28838646
Barclays,0,BARC.L,2024-02-12,142.22000122070312,143.6199951171875,141.16000366210938,142.8800048828125,22934953
Barclays,0,BARC.L,2024-02-13,142.86000061035156,143.30999755859375,139.5399932861328,140.47999572753906,91445142
Barclays,0,BARC.L,2024-02-14,140.47999572753906,143.1999969482422,140.47999572753906,142.02000427246094,17014136
Barclays,0,BARC.L,2024-02-15,143,144.4499969482422,141.6699981689453,143.4199981689453,55601953
Barclays,0,BARC.L,2024-02-16,144.83999633789062,147.8800048828125,143.1999969482422,146.72000122070312,38348527
Barclays,0,BARC.L,2024-02-19,146.55999755859375,150.4600067138672,146.5,149,38658012
Barclays,0,BARC.L,2024-02-20,157.5399932861328,162.97999572753906,149.76300048828125,161.8000030517578,143877464
Barclays,0,BARC.L,2024-02-21,162.8000030517578,166.67999267578125,159.38999938964844,162.75999450683594,163049918
Barclays,0,BARC.L,2024-02-22,163.27999877929688,164.32000732421875,159.10000610351562,163.67999267578125,53761544
Barclays,0,BARC.L,2024-02-23,162.86000061035156,164.87600708007812,162.3800048828125,163.74000549316406,55444497
Barclays,0,BARC.L,2024-02-26,162.89999389648438,167.13999938964844,162.82000732421875,165.83999633789062,59511408
Barclays,0,BARC.L,2024-02-27,164.60000610351562,167.47999572753906,164.60000610351562,166.86000061035156,38751376
Barclays,0,BARC.L,2024-02-28,166.17999267578125,169.89999389648438,166.13999938964844,168.89999389648438,56183655
Barclays,0,BARC.L,2024-02-29,163.66000366210938,166.66000366210938,162.17999267578125,164.4600067138672,110800848
Barclays,0,BARC.L,2024-03-01,165.1199951171875,172.0800018310547,164.97999572753906,169.52000427246094,187325677
Barclays,0,BARC.L,2024-03-04,168.32000732421875,170.4600067138672,167.27999877929688,170.13999938964844,73813990
Barclays,0,BARC.L,2024-03-05,168.24000549316406,170.32000732421875,167.6199951171875,169.4600067138672,55762395
Barclays,0,BARC.L,2024-03-06,169,173.51199340820312,168.8679962158203,170.9199981689453,87938434
Barclays,0,BARC.L,2024-03-07,171.1999969482422,173.44000244140625,170.25999450683594,173.05999755859375,111717909
Barclays,0,BARC.L,2024-03-08,172.63999938964844,173.8800048828125,168.0399932861328,172.24000549316406,59143288
Barclays,0,BARC.L,2024-03-11,169.3800048828125,174.3800048828125,169.05999755859375,173.8000030517578,137094836
Barclays,0,BARC.L,2024-03-12,174.66000366210938,178.4600067138672,174.00999450683594,177.5800018310547,63898102
Barclays,0,BARC.L,2024-03-13,177.63999938964844,179.32000732421875,175.02000427246094,177.05999755859375,79857591
Barclays,0,BARC.L,2024-03-14,176.55999755859375,177.77999877929688,173.82000732421875,174.39999389648438,42841599
Barclays,0,BARC.L,2024-03-15,174.13999938964844,178.63999938964844,174,176.9199981689453,117586336
Barclays,0,BARC.L,2024-03-18,176.6199951171875,177.5,175.6999969482422,176.52000427246094,43582971
Barclays,0,BARC.L,2024-03-19,175.8000030517578,176.8000030517578,174.1009979248047,175.05999755859375,38894707
Barclays,0,BARC.L,2024-03-20,174.05999755859375,175.97999572753906,173.8000030517578,175.74000549316406,88814638
Barclays,0,BARC.L,2024-03-21,179,184.11000061035156,178.75999450683594,181.83999633789062,81665407
Barclays,0,BARC.L,2024-03-22,181.6199951171875,182.86199951171875,179.83999633789062,180.8000030517578,34353481
Barclays,0,BARC.L,2024-03-25,180.72000122070312,182.67999267578125,179.94000244140625,181.47999572753906,82797106
Barclays,0,BARC.L,2024-03-26,181,181.82000732421875,179.9600067138672,180.77999877929688,128129984
Barclays,0,BARC.L,2024-03-27,179.63999938964844,183.27999877929688,179.63999938964844,181.52000427246094,85794046
Barclays,0,BARC.L,2024-03-28,183.32000732421875,185.74000549316406,182.82000732421875,183.1999969482422,54858025
Barclays,0,BARC.L,2024-04-02,181.9600067138672,185.52000427246094,181.9010009765625,184.1199951171875,95958125
Barclays,0,BARC.L,2024-04-03,183.5399932861328,189.24000549316406,183.52000427246094,188.5399932861328,73013964
Barclays,0,BARC.L,2024-04-04,188.74000549316406,194.8000030517578,187.76699829101562,193.16000366210938,101520061
Barclays,0,BARC.L,2024-04-05,190.05999755859375,191.47999572753906,188.55999755859375,189.74000549316406,45929447
Barclays,0,BARC.L,2024-04-08,189.32000732421875,193.67999267578125,188.3000030517578,193.17999267578125,42259039
Barclays,0,BARC.L,2024-04-09,192.44000244140625,193.44000244140625,188.89999389648438,188.89999389648438,50866409
Barclays,0,BARC.L,2024-04-10,189.94000244140625,190.9600067138672,187.39999389648438,189.47999572753906,51917164
Barclays,0,BARC.L,2024-04-11,186.9199981689453,188.93299865722656,182.55999755859375,183.63999938964844,80275550
Barclays,0,BARC.L,2024-04-12,185.13999938964844,186.71400451660156,182.4600067138672,182.86000061035156,67912255
Barclays,0,BARC.L,2024-04-15,183.8000030517578,185,182.1999969482422,183.13999938964844,41143593
Barclays,0,BARC.L,2024-04-16,178.94000244140625,180.47999572753906,176.24000549316406,178.47999572753906,144230906
Barclays,0,BARC.L,2024-04-17,177.77999877929688,181.10000610351562,177.41000366210938,179.94000244140625,58349174
Barclays,0,BARC.L,2024-04-18,181.3000030517578,183.97999572753906,181.13999938964844,183.97999572753906,72982970
Barclays,0,BARC.L,2024-04-19,182.27999877929688,185.89999389648438,181.5,185.83999633789062,59013824
Barclays,0,BARC.L,2024-04-22,188.16000366210938,190.0399932861328,186.83999633789062,189.17999267578125,42043695
Barclays,0,BARC.L,2024-04-23,191.24000549316406,193.5800018310547,190.47999572753906,192.24000549316406,81046062
Barclays,0,BARC.L,2024-04-24,192.55999755859375,193.4600067138672,190.24000549316406,191.13999938964844,159914286
Barclays,0,BARC.L,2024-04-25,195.9600067138672,206.6999969482422,194,204,174179117
Barclays,0,BARC.L,2024-04-26,202,205,199.0800018310547,204.35000610351562,107959690
Barclays,0,BARC.L,2024-04-29,204,207.5,202.6999969482422,203.64999389648438,41778612
Barclays,0,BARC.L,2024-04-30,202.64999389648438,206.0500030517578,201.8000030517578,202.6999969482422,46614733
Barclays,0,BARC.L,2024-05-01,200.75,203.0500030517578,203.0500030517578,203.4499969482422,67105158
Barclays,0,BARC.L,2024-05-02,204.85000610351562,204.85000610351562,204.85000610351562,201,22410988
Barclays,0,BARC.L,2024-05-03,202.5,203.39999389648438,199.5399932861328,202.35000610351562,47827113
Barclays,0,BARC.L,2024-05-07,204.25,210.66799926757812,204.10000610351562,210.35000610351562,95337526
Barclays,0,BARC.L,2024-05-08,210.89999389648438,213.1999969482422,209.60000610351562,211.64999389648438,54664931
Barclays,0,BARC.L,2024-05-09,215,215,211.89999389648438,213.25,32434866
Barclays,0,BARC.L,2024-05-10,213.3000030517578,215.14999389648438,211.9499969482422,213.9499969482422,44867099
Barclays,0,BARC.L,2024-05-13,213.9499969482422,216.1999969482422,212.64999389648438,214.5500030517578,34622487
Barclays,0,BARC.L,2024-05-14,214.10000610351562,218.02499389648438,212.64999389648438,217.1999969482422,36942402
Barclays,0,BARC.L,2024-05-15,217.5500030517578,218.85000610351562,212.14999389648438,213.10000610351562,39563337
Barclays,0,BARC.L,2024-05-16,213.3000030517578,215.5500030517578,211.8000030517578,214.89999389648438,45743448
Barclays,0,BARC.L,2024-05-17,214.5500030517578,217.89999389648438,214.10000610351562,216.75,38843437
Barclays,0,BARC.L,2024-05-20,217.35000610351562,218.5500030517578,216.3000030517578,216.75,24874213
Barclays,0,BARC.L,2024-05-21,215.35000610351562,218.10000610351562,213.5500030517578,217.5500030517578,34485145
Barclays,0,BARC.L,2024-05-22,217.10000610351562,218.89999389648438,211.4499969482422,211.4499969482422,76075814
Barclays,0,BARC.L,2024-05-23,211.3000030517578,216.02499389648438,209.89999389648438,215,59978110
Barclays,0,BARC.L,2024-05-24,212.5500030517578,216.6999969482422,210.6999969482422,216.14999389648438,42916160
Barclays,0,BARC.L,2024-05-28,216.64999389648438,220.1999969482422,214.85000610351562,219.10000610351562,97926592
Barclays,0,BARC.L,2024-05-29,218.25,220.4499969482422,213.60000610351562,214.14999389648438,81883936
Barclays,0,BARC.L,2024-05-30,212.5500030517578,219.85000610351562,211.25,218.5500030517578,47795152
Barclays,0,BARC.L,2024-05-31,219.1999969482422,221.10000610351562,217.1999969482422,220,82218581
Barclays,0,BARC.L,2024-06-03,222.0500030517578,224.3000030517578,219,219.1999969482422,47887792
Barclays,0,BARC.L,2024-06-04,218.64999389648438,219.35000610351562,215,215,96266689
Barclays,0,BARC.L,2024-06-05,216.3000030517578,216.64999389648438,211.822998046875,212.64999389648438,54732210
Barclays,0,BARC.L,2024-06-06,212.75,216.25,211.35000610351562,216.14999389648438,78914345
Barclays,0,BARC.L,2024-06-07,216.0500030517578,218.25,213.3000030517578,217.25,96238708
Barclays,0,BARC.L,2024-06-10,214.6999969482422,218.60000610351562,212.5,214.75,41892783
Barclays,0,BARC.L,2024-06-11,215.4499969482422,216.60000610351562,208.8000030517578,209.0500030517578,62590795
Barclays,0,BARC.L,2024-06-12,210.5,212.64999389648438,206.25,208.6999969482422,130991228
Barclays,0,BARC.L,2024-06-13,208.10000610351562,208.39999389648438,204.64999389648438,205.14999389648438,91990995
Barclays,0,BARC.L,2024-06-14,205.75,206.17599487304688,197.66400146484375,202,77082657
Barclays,0,BARC.L,2024-06-17,203.75,205.6999969482422,202.0500030517578,204.89999389648438,79510265
Barclays,0,BARC.L,2024-06-18,207.1999969482422,207.89999389648438,205.14999389648438,206,58351028
Barclays,0,BARC.L,2024-06-19,206.3000030517578,208.3000030517578,205.6999969482422,206.6999969482422,34889006
Barclays,0,BARC.L,2024-06-20,206.4499969482422,208.96499633789062,205.39999389648438,208.0500030517578,78618616
Barclays,0,BARC.L,2024-06-21,208.0500030517578,210.85000610351562,202.89999389648438,204.85000610351562,85228878
Barclays,0,BARC.L,2024-06-24,204.9499969482422,209.3000030517578,203.85000610351562,207.5500030517578,50595956
Barclays,0,BARC.L,2024-06-25,207.39999389648438,208.8000030517578,205.75,206.14999389648438,62344856
Barclays,0,BARC.L,2024-06-26,207.10000610351562,207.9219970703125,204.64999389648438,205.85000610351562,86932141
Barclays,0,BARC.L,2024-06-27,206.25,211.5500030517578,204.60000610351562,209.75,55243693
Barclays,0,BARC.L,2024-06-28,210.14999389648438,211.9499969482422,208.7899932861328,208.89999389648438,40264979
Barclays,0,BARC.L,2024-07-01,212,214.4550018310547,207.60000610351562,213.1999969482422,39103981
Barclays,0,BARC.L,2024-07-02,212,214.5,210.14999389648438,210.75,42471582
Barclays,0,BARC.L,2024-07-03,213.3000030517578,218.14999389648438,212.85000610351562,218.14999389648438,47996480
Barclays,0,BARC.L,2024-07-04,219,224.60000610351562,216.8000030517578,224.35000610351562,70585662
Barclays,0,BARC.L,2024-07-05,223.9499969482422,226.1999969482422,219.35000610351562,220.5500030517578,62764166
Barclays,0,BARC.L,2024-07-08,219.5500030517578,225.75,218.25,222.0500030517578,42154602
Barclays,0,BARC.L,2024-07-09,221.8000030517578,223.4499969482422,215.39999389648438,216.75,42282199
Barclays,0,BARC.L,2024-07-10,217.14999389648438,219.64999389648438,215.39999389648438,219.5500030517578,37845061
Barclays,0,BARC.L,2024-07-11,220.0500030517578,222.60000610351562,218,222.60000610351562,39455797
Barclays,0,BARC.L,2024-07-12,224.1999969482422,225.35000610351562,221.25,222.4499969482422,32863299
Barclays,0,BARC.L,2024-07-15,219,225.75,217.6999969482422,225.75,50879577
Barclays,0,BARC.L,2024-07-16,224.5500030517578,227.6999969482422,222.5500030517578,227.35000610351562,39118646
Barclays,0,BARC.L,2024-07-17,227.5,233.04800415039062,227.3000030517578,230.6999969482422,58691836
Barclays,0,BARC.L,2024-07-18,232.60000610351562,234.3000030517578,228.39999389648438,228.60000610351562,30816784
Barclays,0,BARC.L,2024-07-19,225.35000610351562,232.10000610351562,224.25,228.64999389648438,26127466
Barclays,0,BARC.L,2024-07-22,229.64999389648438,231.5500030517578,228,230.85000610351562,26026695
Barclays,0,BARC.L,2024-07-23,231.5,232,229.5,230.5,25145346
Barclays,0,BARC.L,2024-07-24,229.14999389648438,230.63099670410156,227.60000610351562,228.39999389648438,41895286
Barclays,0,BARC.L,2024-07-25,222.6999969482422,228.10000610351562,222.35000610351562,227.89999389648438,122205338
Barclays,0,BARC.L,2024-07-26,231,232.17999267578125,229.39999389648438,231.39999389648438,34080525
Barclays,0,BARC.L,2024-07-29,232.35000610351562,236.89999389648438,231.5500030517578,232.75,37775372
Barclays,0,BARC.L,2024-07-30,232.4499969482422,234.85000610351562,232.10000610351562,234.0500030517578,27716677
Barclays,0,BARC.L,2024-07-31,235,236.35000610351562,231.4499969482422,233.8000030517578,67449383
Barclays,0,BARC.L,2024-08-01,237,241.8000030517578,222.25,222.89999389648438,70189217
Barclays,0,BARC.L,2024-08-02,220.35000610351562,221.3000030517578,207,209.10000610351562,79681248
Barclays,0,BARC.L,2024-08-05,201.0500030517578,207.69000244140625,196.44000244140625,206.1999969482422,132361965
Barclays,0,BARC.L,2024-08-06,211.4499969482422,213.0030059814453,205.64999389648438,208.1999969482422,42550008
Barclays,0,BARC.L,2024-08-07,212.39999389648438,217.35000610351562,211.14500427246094,214.75,34121303
Barclays,0,BARC.L,2024-08-08,213.14999389648438,216.64999389648438,210.0500030517578,214,89969114
Barclays,0,BARC.L,2024-08-09,215.35000610351562,218.64999389648438,214.29800415039062,218.25,55429932
Barclays,0,BARC.L,2024-08-12,219.85000610351562,222.14999389648438,218.6999969482422,220.10000610351562,25894995
Barclays,0,BARC.L,2024-08-13,220.35000610351562,221.5500030517578,218.35000610351562,219.25,49951914
Barclays,0,BARC.L,2024-08-14,222.1999969482422,223,220.14999389648438,221.60000610351562,23166080
Barclays,0,BARC.L,2024-08-15,220.3000030517578,227.75,219.0500030517578,227.75,37720588
Barclays,0,BARC.L,2024-08-16,225.89999389648438,229.25,225.3000030517578,228.3000030517578,24567341
Barclays,0,BARC.L,2024-08-19,227.3000030517578,230.5,226.5,229,19484792
Barclays,0,BARC.L,2024-08-20,229.3000030517578,229.85000610351562,225.25,226,20957190
Barclays,0,BARC.L,2024-08-21,226.39999389648438,227.10000610351562,224.0760040283203,224.85000610351562,48959784
Barclays,0,BARC.L,2024-08-22,224.75,227.10000610351562,223.5,225.39999389648438,34155635
Barclays,0,BARC.L,2024-08-23,226.10000610351562,230.4499969482422,225.60000610351562,230.4499969482422,25996351
Barclays,0,BARC.L,2024-08-27,229.5,230.4499969482422,226.36399841308594,230.1999969482422,34832552
Barclays,0,BARC.L,2024-08-28,230.89999389648438,231.0500030517578,221.6999969482422,223.89999389648438,27776677
Barclays,0,BARC.L,2024-08-29,223,228.25,223,226.0500030517578,23203038
Barclays,0,BARC.L,2024-08-30,226.75,228.75,226.4499969482422,228.39999389648438,33995001
Barclays,0,BARC.L,2024-09-02,228.85000610351562,229.8000030517578,226.52999877929688,227.14999389648438,17872003
Barclays,0,BARC.L,2024-09-03,226.3000030517578,227.64300537109375,221.8000030517578,223.0500030517578,27378608
Barclays,0,BARC.L,2024-09-04,219.3000030517578,224.4499969482422,219.10000610351562,223.6999969482422,29048790
Barclays,0,BARC.L,2024-09-05,222.25,230.75,221.10000610351562,228.5500030517578,30394843
Barclays,0,BARC.L,2024-09-06,227.1999969482422,227.6999969482422,220.35000610351562,220.85000610351562,25949375
Barclays,0,BARC.L,2024-09-09,220.85000610351562,224.4499969482422,220.64999389648438,224,23793597
Barclays,0,BARC.L,2024-09-10,222.85000610351562,224.89999389648438,216.6999969482422,216.6999969482422,35297193
Barclays,0,BARC.L,2024-09-11,218.64999389648438,220.46499633789062,213.8990020751953,215.14999389648438,66928057
Barclays,0,BARC.L,2024-09-12,219,220.85000610351562,216.89999389648438,218.60000610351562,84571938
Barclays,0,BARC.L,2024-09-13,218.5,221.9429931640625,218.1999969482422,221.14999389648438,26828833
Barclays,0,BARC.L,2024-09-16,220.35000610351562,222.10000610351562,219.3000030517578,221,23352431
Barclays,0,BARC.L,2024-09-17,222.3000030517578,226.2740020751953,222.14999389648438,225,41836456
Barclays,0,BARC.L,2024-09-18,223.89999389648438,225.0989990234375,223.10000610351562,223.5,46038527
Barclays,0,BARC.L,2024-09-19,227,227.64999389648438,224.6999969482422,227.64999389648438,47880775
Barclays,0,BARC.L,2024-09-20,226.89999389648438,229.14999389648438,225.4499969482422,226.75,69402309
Barclays,0,BARC.L,2024-09-23,227.3000030517578,227.5,221.85000610351562,223.1999969482422,28963678
Barclays,0,BARC.L,2024-09-24,223.75,229.89999389648438,223.38999938964844,226.39999389648438,41617232
Barclays,0,BARC.L,2024-09-25,224.0500030517578,228.35000610351562,222.39500427246094,223.1999969482422,25163698
Barclays,0,BARC.L,2024-09-26,225.5,228.35000610351562,225.5,227.0500030517578,38928906
Barclays,0,BARC.L,2024-09-27,225.1999969482422,229.25,224.281005859375,229.25,38836293
Barclays,0,BARC.L,2024-09-30,226.3000030517578,228.6999969482422,223.5,224.5500030517578,30475294
Lloyds,1,LYG,2024-01-02,2.4000000953674316,2.4200000762939453,2.390000104904175,2.390000104904175,7806400
Lloyds,1,LYG,2024-01-03,2.359999895095825,2.390000104904175,2.359999895095825,2.380000114440918,7227100
Lloyds,1,LYG,2024-01-04,2.359999895095825,2.4000000953674316,2.359999895095825,2.369999885559082,7426900
Lloyds,1,LYG,2024-01-05,2.369999885559082,2.4100000858306885,2.359999895095825,2.380000114440918,9721600
Lloyds,1,LYG,2024-01-08,2.390000104904175,2.440000057220459,2.380000114440918,2.440000057220459,8839200
Lloyds,1,LYG,2024-01-09,2.4100000858306885,2.4100000858306885,2.380000114440918,2.380000114440918,6270100
Lloyds,1,LYG,2024-01-10,2.380000114440918,2.380000114440918,2.369999885559082,2.369999885559082,2799800
Lloyds,1,LYG,2024-01-11,2.3399999141693115,2.3399999141693115,2.2799999713897705,2.2899999618530273,8888800
Lloyds,1,LYG,2024-01-12,2.319999933242798,2.3299999237060547,2.2699999809265137,2.2799999713897705,7714000
Lloyds,1,LYG,2024-01-16,2.180000066757202,2.180000066757202,2.1500000953674316,2.1500000953674316,11817100
Lloyds,1,LYG,2024-01-17,2.130000114440918,2.130000114440918,2.0899999141693115,2.0899999141693115,11613700
Lloyds,1,LYG,2024-01-18,2.140000104904175,2.1500000953674316,2.119999885559082,2.140000104904175,9945800
Lloyds,1,LYG,2024-01-19,2.140000104904175,2.190000057220459,2.130000114440918,2.190000057220459,9297700
Lloyds,1,LYG,2024-01-22,2.180000066757202,2.2100000381469727,2.180000066757202,2.190000057220459,6336000
Lloyds,1,LYG,2024-01-23,2.180000066757202,2.190000057220459,2.1500000953674316,2.1600000858306885,5750100
Lloyds,1,LYG,2024-01-24,2.1500000953674316,2.1600000858306885,2.0999999046325684,2.109999895095825,9521000
Lloyds,1,LYG,2024-01-25,2.0999999046325684,2.119999885559082,2.0799999237060547,2.119999885559082,8342000
Lloyds,1,LYG,2024-01-26,2.140000104904175,2.1500000953674316,2.119999885559082,2.119999885559082,5100700
Lloyds,1,LYG,2024-01-29,2.119999885559082,2.140000104904175,2.109999895095825,2.140000104904175,4772000
Lloyds,1,LYG,2024-01-30,2.1500000953674316,2.1600000858306885,2.109999895095825,2.109999895095825,21454900
Lloyds,1,LYG,2024-01-31,2.140000104904175,2.1500000953674316,2.0999999046325684,2.109999895095825,8734800
Lloyds,1,LYG,2024-02-01,2.1500000953674316,2.1600000858306885,2.109999895095825,2.1500000953674316,10295100
Lloyds,1,LYG,2024-02-02,2.119999885559082,2.130000114440918,2.0899999141693115,2.109999895095825,6439100
Lloyds,1,LYG,2024-02-05,2.0799999237060547,2.0899999141693115,2.059999942779541,2.0799999237060547,7063100
Lloyds,1,LYG,2024-02-06,2.059999942779541,2.0899999141693115,2.059999942779541,2.0799999237060547,6694500
Lloyds,1,LYG,2024-02-07,2.069999933242798,2.0899999141693115,2.0399999618530273,2.069999933242798,8327700
Lloyds,1,LYG,2024-02-08,2.069999933242798,2.0799999237060547,2.0399999618530273,2.049999952316284,9592300
Lloyds,1,LYG,2024-02-09,2.059999942779541,2.069999933242798,2.0399999618530273,2.059999942779541,7421100
Lloyds,1,LYG,2024-02-12,2.059999942779541,2.0799999237060547,2.049999952316284,2.049999952316284,5467100
Lloyds,1,LYG,2024-02-13,2.0399999618530273,2.049999952316284,2,2.0199999809265137,11722800
Lloyds,1,LYG,2024-02-14,2.0399999618530273,2.059999942779541,2.0299999713897705,2.049999952316284,8477100
Lloyds,1,LYG,2024-02-15,2.0399999618530273,2.069999933242798,2.0399999618530273,2.069999933242798,6554300
Lloyds,1,LYG,2024-02-16,2.119999885559082,2.1500000953674316,2.109999895095825,2.140000104904175,8731300
Lloyds,1,LYG,2024-02-20,2.130000114440918,2.180000066757202,2.130000114440918,2.1700000762939453,8142300
Lloyds,1,LYG,2024-02-21,2.1500000953674316,2.1500000953674316,2.130000114440918,2.130000114440918,7119800
Lloyds,1,LYG,2024-02-22,2.2699999809265137,2.2899999618530273,2.259999990463257,2.2799999713897705,10727300
Lloyds,1,LYG,2024-02-23,2.2699999809265137,2.2899999618530273,2.25,2.259999990463257,8262600
Lloyds,1,LYG,2024-02-26,2.2899999618530273,2.309999942779541,2.25,2.25,14584300
Lloyds,1,LYG,2024-02-27,2.2899999618530273,2.319999933242798,2.2899999618530273,2.309999942779541,5555500
Lloyds,1,LYG,2024-02-28,2.309999942779541,2.3299999237060547,2.299999952316284,2.309999942779541,7982500
Lloyds,1,LYG,2024-02-29,2.3399999141693115,2.359999895095825,2.299999952316284,2.3399999141693115,7136400
Lloyds,1,LYG,2024-03-01,2.3499999046325684,2.369999885559082,2.3299999237060547,2.3499999046325684,7839400
Lloyds,1,LYG,2024-03-04,2.3499999046325684,2.380000114440918,2.3499999046325684,2.359999895095825,6807200
Lloyds,1,LYG,2024-03-05,2.380000114440918,2.4200000762939453,2.380000114440918,2.4000000953674316,8984200
Lloyds,1,LYG,2024-03-06,2.430000066757202,2.4600000381469727,2.4200000762939453,2.450000047683716,13430700
Lloyds,1,LYG,2024-03-07,2.450000047683716,2.4700000286102295,2.440000057220459,2.4600000381469727,12633300
Lloyds,1,LYG,2024-03-08,2.4800000190734863,2.5,2.4600000381469727,2.4700000286102295,12813700
Lloyds,1,LYG,2024-03-11,2.4700000286102295,2.5,2.4700000286102295,2.5,9194300
Lloyds,1,LYG,2024-03-12,2.509999990463257,2.5299999713897705,2.5,2.509999990463257,10918300
Lloyds,1,LYG,2024-03-13,2.490000009536743,2.509999990463257,2.490000009536743,2.5,7369600
Lloyds,1,LYG,2024-03-14,2.5,2.509999990463257,2.4600000381469727,2.4700000286102295,8728300
Lloyds,1,LYG,2024-03-15,2.490000009536743,2.5199999809265137,2.490000009536743,2.490000009536743,6911600
Lloyds,1,LYG,2024-03-18,2.490000009536743,2.5,2.4700000286102295,2.5,5591700
Lloyds,1,LYG,2024-03-19,2.490000009536743,2.509999990463257,2.4800000190734863,2.5,6292700
Lloyds,1,LYG,2024-03-20,2.5,2.569999933242798,2.490000009536743,2.549999952316284,12673900
Lloyds,1,LYG,2024-03-21,2.5899999141693115,2.619999885559082,2.5799999237060547,2.5999999046325684,18838200
Lloyds,1,LYG,2024-03-22,2.619999885559082,2.630000114440918,2.5899999141693115,2.5999999046325684,7721100
Lloyds,1,LYG,2024-03-25,2.5899999141693115,2.619999885559082,2.5799999237060547,2.5799999237060547,15914400
Lloyds,1,LYG,2024-03-26,2.5999999046325684,2.619999885559082,2.569999933242798,2.5799999237060547,11886500
Lloyds,1,LYG,2024-03-27,2.5899999141693115,2.630000114440918,2.5799999237060547,2.630000114440918,13765600
Lloyds,1,LYG,2024-03-28,2.5999999046325684,2.619999885559082,2.5799999237060547,2.5899999141693115,9401100
Lloyds,1,LYG,2024-04-01,2.569999933242798,2.5899999141693115,2.549999952316284,2.569999933242798,4842800
Lloyds,1,LYG,2024-04-02,2.569999933242798,2.5999999046325684,2.569999933242798,2.5799999237060547,5229000
Lloyds,1,LYG,2024-04-03,2.5899999141693115,2.619999885559082,2.5899999141693115,2.609999895095825,7958500
Lloyds,1,LYG,2024-04-04,2.700000047683716,2.7200000286102295,2.6600000858306885,2.6600000858306885,9056600
Lloyds,1,LYG,2024-04-05,2.6500000953674316,2.6700000762939453,2.630000114440918,2.6500000953674316,5600600
Lloyds,1,LYG,2024-04-08,2.690000057220459,2.7100000381469727,2.6700000762939453,2.700000047683716,6758000
Lloyds,1,LYG,2024-04-09,2.700000047683716,2.700000047683716,2.640000104904175,2.6500000953674316,5365100
Lloyds,1,LYG,2024-04-10,2.630000114440918,2.6600000858306885,2.609999895095825,2.630000114440918,13318800
Lloyds,1,LYG,2024-04-11,2.5299999713897705,2.5399999618530273,2.490000009536743,2.509999990463257,7871200
Lloyds,1,LYG,2024-04-12,2.5199999809265137,2.5399999618530273,2.4700000286102295,2.4700000286102295,8508900
Lloyds,1,LYG,2024-04-15,2.5299999713897705,2.549999952316284,2.4600000381469727,2.4700000286102295,17079000
Lloyds,1,LYG,2024-04-16,2.450000047683716,2.450000047683716,2.4200000762939453,2.450000047683716,13876100
Lloyds,1,LYG,2024-04-17,2.490000009536743,2.509999990463257,2.4700000286102295,2.490000009536743,19561000
Lloyds,1,LYG,2024-04-18,2.5,2.5299999713897705,2.490000009536743,2.509999990463257,8954300
Lloyds,1,LYG,2024-04-19,2.5,2.5199999809265137,2.490000009536743,2.5199999809265137,8351000
Lloyds,1,LYG,2024-04-22,2.5199999809265137,2.5399999618530273,2.5,2.5299999713897705,9182200
Lloyds,1,LYG,2024-04-23,2.509999990463257,2.559999942779541,2.5,2.559999942779541,10933000
Lloyds,1,LYG,2024-04-24,2.5799999237060547,2.5899999141693115,2.5299999713897705,2.5399999618530273,10627700
Lloyds,1,LYG,2024-04-25,2.5199999809265137,2.549999952316284,2.509999990463257,2.5199999809265137,11793800
Lloyds,1,LYG,2024-04-26,2.569999933242798,2.619999885559082,2.569999933242798,2.609999895095825,10337600
Lloyds,1,LYG,2024-04-29,2.5899999141693115,2.5899999141693115,2.559999942779541,2.559999942779541,7070600
Lloyds,1,LYG,2024-04-30,2.5799999237060547,2.5999999046325684,2.549999952316284,2.559999942779541,5939900
Lloyds,1,LYG,2024-05-01,2.559999942779541,2.609999895095825,2.559999942779541,2.569999933242798,14223300
Lloyds,1,LYG,2024-05-02,2.5899999141693115,2.609999895095825,2.559999942779541,2.5799999237060547,12154200
Lloyds,1,LYG,2024-05-03,2.609999895095825,2.619999885559082,2.5799999237060547,2.5999999046325684,9056800
Lloyds,1,LYG,2024-05-06,2.5899999141693115,2.630000114440918,2.5799999237060547,2.630000114440918,5152700
Lloyds,1,LYG,2024-05-07,2.6600000858306885,2.690000057220459,2.6500000953674316,2.6500000953674316,11068200
Lloyds,1,LYG,2024-05-08,2.6500000953674316,2.680000066757202,2.6500000953674316,2.6700000762939453,2908700
Lloyds,1,LYG,2024-05-09,2.6700000762939453,2.7200000286102295,2.6600000858306885,2.7100000381469727,11304200
Lloyds,1,LYG,2024-05-10,2.690000057220459,2.700000047683716,2.6700000762939453,2.700000047683716,4309700
Lloyds,1,LYG,2024-05-13,2.700000047683716,2.7100000381469727,2.680000066757202,2.680000066757202,5087500
Lloyds,1,LYG,2024-05-14,2.7100000381469727,2.75,2.700000047683716,2.740000009536743,8323100
Lloyds,1,LYG,2024-05-15,2.740000009536743,2.75,2.7200000286102295,2.740000009536743,8483600
Lloyds,1,LYG,2024-05-16,2.740000009536743,2.759999990463257,2.740000009536743,2.740000009536743,6967800
Lloyds,1,LYG,2024-05-17,2.7699999809265137,2.8299999237060547,2.7699999809265137,2.819999933242798,8932500
Lloyds,1,LYG,2024-05-20,2.819999933242798,2.8399999141693115,2.809999942779541,2.8299999237060547,8268900
Lloyds,1,LYG,2024-05-21,2.819999933242798,2.8399999141693115,2.809999942779541,2.8299999237060547,7423600
Lloyds,1,LYG,2024-05-22,2.859999895095825,2.869999885559082,2.819999933242798,2.8399999141693115,8563100
Lloyds,1,LYG,2024-05-23,2.8299999237060547,2.8299999237060547,2.7699999809265137,2.7699999809265137,9550700
Lloyds,1,LYG,2024-05-24,2.740000009536743,2.759999990463257,2.7200000286102295,2.75,10211200
Lloyds,1,LYG,2024-05-28,2.809999942779541,2.8299999237060547,2.7799999713897705,2.799999952316284,7667000
Lloyds,1,LYG,2024-05-29,2.7699999809265137,2.7699999809265137,2.7300000190734863,2.75,6546200
Lloyds,1,LYG,2024-05-30,2.7899999618530273,2.799999952316284,2.7699999809265137,2.799999952316284,5308000
Lloyds,1,LYG,2024-05-31,2.799999952316284,2.819999933242798,2.7699999809265137,2.819999933242798,8438000
Lloyds,1,LYG,2024-06-03,2.799999952316284,2.8299999237060547,2.7699999809265137,2.819999933242798,10329900
Lloyds,1,LYG,2024-06-04,2.819999933242798,2.8399999141693115,2.809999942779541,2.8299999237060547,18323000
Lloyds,1,LYG,2024-06-05,2.799999952316284,2.799999952316284,2.759999990463257,2.7899999618530273,10076900
Lloyds,1,LYG,2024-06-06,2.809999942779541,2.8399999141693115,2.799999952316284,2.8299999237060547,14186900
Lloyds,1,LYG,2024-06-07,2.7799999713897705,2.7899999618530273,2.740000009536743,2.75,9134800
Lloyds,1,LYG,2024-06-10,2.7300000190734863,2.75,2.7100000381469727,2.740000009536743,9667300
Lloyds,1,LYG,2024-06-11,2.7100000381469727,2.7100000381469727,2.680000066757202,2.690000057220459,7118300
Lloyds,1,LYG,2024-06-12,2.7699999809265137,2.799999952316284,2.75,2.759999990463257,12981400
Lloyds,1,LYG,2024-06-13,2.740000009536743,2.75,2.700000047683716,2.7100000381469727,9386700
Lloyds,1,LYG,2024-06-14,2.700000047683716,2.7300000190734863,2.690000057220459,2.7100000381469727,10933700
Lloyds,1,LYG,2024-06-17,2.7100000381469727,2.759999990463257,2.7100000381469727,2.75,5793600
Lloyds,1,LYG,2024-06-18,2.75,2.7799999713897705,2.75,2.759999990463257,7497200
Lloyds,1,LYG,2024-06-20,2.7699999809265137,2.819999933242798,2.7699999809265137,2.809999942779541,8282100
Lloyds,1,LYG,2024-06-21,2.7699999809265137,2.7899999618530273,2.75,2.7699999809265137,6516200
Lloyds,1,LYG,2024-06-24,2.799999952316284,2.819999933242798,2.7799999713897705,2.7899999618530273,6010100
Lloyds,1,LYG,2024-06-25,2.7899999618530273,2.799999952316284,2.759999990463257,2.7699999809265137,6310500
Lloyds,1,LYG,2024-06-26,2.7699999809265137,2.7899999618530273,2.7699999809265137,2.7799999713897705,7233100
Lloyds,1,LYG,2024-06-27,2.799999952316284,2.8299999237060547,2.799999952316284,2.819999933242798,17179500
Lloyds,1,LYG,2024-06-28,2.740000009536743,2.759999990463257,2.7100000381469727,2.7300000190734863,9590300
Lloyds,1,LYG,2024-07-01,2.809999942779541,2.819999933242798,2.7699999809265137,2.7899999618530273,14410500
Lloyds,1,LYG,2024-07-02,2.759999990463257,2.7799999713897705,2.740000009536743,2.7799999713897705,7631900
Lloyds,1,LYG,2024-07-03,2.809999942779541,2.8299999237060547,2.799999952316284,2.8299999237060547,8160300
Lloyds,1,LYG,2024-07-05,2.9600000381469727,2.9700000286102295,2.930000066757202,2.950000047683716,7491700
Lloyds,1,LYG,2024-07-08,2.990000009536743,3.0199999809265137,2.9700000286102295,2.990000009536743,7833100
Lloyds,1,LYG,2024-07-09,2.930000066757202,2.940000057220459,2.9100000858306885,2.940000057220459,9283500
Lloyds,1,LYG,2024-07-10,2.940000057220459,2.9600000381469727,2.940000057220459,2.9600000381469727,7486800
Lloyds,1,LYG,2024-07-11,3,3.0299999713897705,2.990000009536743,3.0299999713897705,4990000
Lloyds,1,LYG,2024-07-12,3.0299999713897705,3.0399999618530273,3.009999990463257,3.0199999809265137,5554000
Lloyds,1,LYG,2024-07-15,3.009999990463257,3.049999952316284,3,3.009999990463257,20515400
Lloyds,1,LYG,2024-07-16,2.990000009536743,3.0399999618530273,2.9800000190734863,3.0399999618530273,6609400
Lloyds,1,LYG,2024-07-17,3.0299999713897705,3.049999952316284,3.0199999809265137,3.0299999713897705,12391000
Lloyds,1,LYG,2024-07-18,3.049999952316284,3.059999942779541,3,3.0199999809265137,10778200
Lloyds,1,LYG,2024-07-19,3.0199999809265137,3.049999952316284,3,3.0299999713897705,8694100
Lloyds,1,LYG,2024-07-22,3.0199999809265137,3.0399999618530273,3,3.009999990463257,4878800
Lloyds,1,LYG,2024-07-23,3,3.0399999618530273,3,3.0299999713897705,8454000
Lloyds,1,LYG,2024-07-24,3.049999952316284,3.059999942779541,2.990000009536743,3.009999990463257,14467400
Lloyds,1,LYG,2024-07-25,3.049999952316284,3.0999999046325684,3.0399999618530273,3.059999942779541,13288500
Lloyds,1,LYG,2024-07-26,3.0399999618530273,3.109999895095825,3.0299999713897705,3.0899999141693115,11208400
Lloyds,1,LYG,2024-07-29,3.119999885559082,3.130000114440918,3.069999933242798,3.0999999046325684,13831600
Lloyds,1,LYG,2024-07-30,3.049999952316284,3.059999942779541,3.009999990463257,3.009999990463257,15131400
Lloyds,1,LYG,2024-07-31,3.009999990463257,3.059999942779541,3,3.0299999713897705,11477800
Lloyds,1,LYG,2024-08-01,2.9800000190734863,2.990000009536743,2.8499999046325684,2.880000114440918,11535200
Lloyds,1,LYG,2024-08-02,2.869999885559082,2.880000114440918,2.8299999237060547,2.8499999046325684,14258900
Lloyds,1,LYG,2024-08-05,2.7100000381469727,2.7699999809265137,2.6700000762939453,2.7300000190734863,19915400
Lloyds,1,LYG,2024-08-06,2.75,2.799999952316284,2.740000009536743,2.7899999618530273,14550400
Lloyds,1,LYG,2024-08-07,2.8499999046325684,2.869999885559082,2.799999952316284,2.809999942779541,11567500
Lloyds,1,LYG,2024-08-08,2.8499999046325684,2.890000104904175,2.8299999237060547,2.890000104904175,7372400
Lloyds,1,LYG,2024-08-09,2.8499999046325684,2.880000114440918,2.8399999141693115,2.869999885559082,7080200
Lloyds,1,LYG,2024-08-12,2.859999895095825,2.880000114440918,2.8399999141693115,2.859999895095825,7791300
Lloyds,1,LYG,2024-08-13,2.859999895095825,2.930000066757202,2.859999895095825,2.9200000762939453,9445200
Lloyds,1,LYG,2024-08-14,2.9100000858306885,2.9200000762939453,2.9000000953674316,2.9100000858306885,5216900
Lloyds,1,LYG,2024-08-15,2.9600000381469727,2.9700000286102295,2.930000066757202,2.9700000286102295,3834700
Lloyds,1,LYG,2024-08-16,2.9800000190734863,3.0199999809265137,2.9800000190734863,3.0199999809265137,3544700
Lloyds,1,LYG,2024-08-19,3.0199999809265137,3.059999942779541,3.009999990463257,3.049999952316284,4480600
Lloyds,1,LYG,2024-08-20,3,3.0199999809265137,2.9800000190734863,2.9800000190734863,8171700
Lloyds,1,LYG,2024-08-21,3.009999990463257,3.0399999618530273,2.990000009536743,3.0299999713897705,7505600
Lloyds,1,LYG,2024-08-22,3.009999990463257,3.049999952316284,3.009999990463257,3.0399999618530273,16810100
Lloyds,1,LYG,2024-08-23,3.059999942779541,3.130000114440918,3.059999942779541,3.130000114440918,11337000
Lloyds,1,LYG,2024-08-26,3.0999999046325684,3.140000104904175,3.0999999046325684,3.109999895095825,3106800
Lloyds,1,LYG,2024-08-27,3.109999895095825,3.140000104904175,3.0999999046325684,3.140000104904175,6782600
Lloyds,1,LYG,2024-08-28,3.0399999618530273,3.069999933242798,3.0199999809265137,3.0299999713897705,6592900
Lloyds,1,LYG,2024-08-29,3.059999942779541,3.069999933242798,3.0299999713897705,3.059999942779541,7632100
Lloyds,1,LYG,2024-08-30,3.049999952316284,3.069999933242798,3.0299999713897705,3.059999942779541,7066400
Lloyds,1,LYG,2024-09-03,2.990000009536743,3,2.950000047683716,2.9600000381469727,12183200
Lloyds,1,LYG,2024-09-04,2.9800000190734863,3.009999990463257,2.9600000381469727,2.9700000286102295,13455900
Lloyds,1,LYG,2024-09-05,3.0399999618530273,3.049999952316284,3,3.0299999713897705,9006900
Lloyds,1,LYG,2024-09-06,2.990000009536743,3.009999990463257,2.930000066757202,2.930000066757202,13871400
Lloyds,1,LYG,2024-09-09,2.9700000286102295,3.009999990463257,2.9600000381469727,3,9079600
Lloyds,1,LYG,2024-09-10,2.9700000286102295,2.9800000190734863,2.9000000953674316,2.950000047683716,15092600
Lloyds,1,LYG,2024-09-11,2.9600000381469727,3.0399999618530273,2.9200000762939453,3.0399999618530273,22051800
Lloyds,1,LYG,2024-09-12,3.009999990463257,3.059999942779541,2.9800000190734863,3.0299999713897705,20849300
Lloyds,1,LYG,2024-09-13,3.0399999618530273,3.049999952316284,3.0299999713897705,3.049999952316284,8011900
Lloyds,1,LYG,2024-09-16,3.049999952316284,3.0799999237060547,3.0399999618530273,3.0799999237060547,7130300
Lloyds,1,LYG,2024-09-17,3.0799999237060547,3.0899999141693115,3.0399999618530273,3.049999952316284,8365800
Lloyds,1,LYG,2024-09-18,3.059999942779541,3.119999885559082,3.0299999713897705,3.069999933242798,11004800
Lloyds,1,LYG,2024-09-19,3.0899999141693115,3.119999885559082,3.069999933242798,3.0999999046325684,8254800
Lloyds,1,LYG,2024-09-20,3.0799999237060547,3.109999895095825,3.059999942779541,3.109999895095825,12123700
Lloyds,1,LYG,2024-09-23,3.0999999046325684,3.109999895095825,3.0799999237060547,3.0899999141693115,14880400
Lloyds,1,LYG,2024-09-24,3.1500000953674316,3.1700000762939453,3.130000114440918,3.1500000953674316,9904200
Lloyds,1,LYG,2024-09-25,3.140000104904175,3.1500000953674316,3.0799999237060547,3.0999999046325684,9552500
Lloyds,1,LYG,2024-09-26,3.140000104904175,3.180000066757202,3.130000114440918,3.1700000762939453,8677200
Lloyds,1,LYG,2024-09-27,3.1700000762939453,3.180000066757202,3.130000114440918,3.140000104904175,8922400
Lloyds,1,LYG,2024-09-30,3.1600000858306885,3.1600000858306885,3.0899999141693115,3.119999885559082,18255700
Lloyds,0,LLOY.L,2024-01-02,47.84000015258789,48.224998474121094,47.709999084472656,48.06999969482422,104802741
Lloyds,0,LLOY.L,2024-01-03,48.1349983215332,48.22999954223633,47.29999923706055,47.45500183105469,101964262
Lloyds,0,LLOY.L,2024-01-04,47.32500076293945,47.689998626708984,47.084999084472656,47.564998626708984,103495456
Lloyds,0,LLOY.L,2024-01-05,47.29499816894531,47.47999954223633,46.75,47.2599983215332,103322339
Lloyds,0,LLOY.L,2024-01-08,47.28499984741211,47.564998626708984,46.933998107910156,47.564998626708984,85029299
Lloyds,0,LLOY.L,2024-01-09,47.67499923706055,47.790000915527344,47.439998626708984,47.599998474121094,54516475
Lloyds,0,LLOY.L,2024-01-10,47.44499969482422,47.53499984741211,46.900001525878906,46.994998931884766,62875455
Lloyds,0,LLOY.L,2024-01-11,47.1150016784668,47.23699951171875,45.224998474121094,45.2400016784668,225123886
Lloyds,0,LLOY.L,2024-01-12,45.400001525878906,46.02000045776367,44.972999572753906,44.97999954223633,103407389
Lloyds,0,LLOY.L,2024-01-15,44.20000076293945,44.78499984741211,43.814998626708984,43.82500076293945,158625054
Lloyds,0,LLOY.L,2024-01-16,43.459999084472656,43.78499984741211,43.01499938964844,43.1150016784668,115578446
Lloyds,0,LLOY.L,2024-01-17,42.56999969482422,42.70000076293945,41.974998474121094,42.27000045776367,150656184
Lloyds,0,LLOY.L,2024-01-18,42.185001373291016,42.849998474121094,42.130001068115234,42.5,162393003
Lloyds,0,LLOY.L,2024-01-19,42.790000915527344,43.119998931884766,42.380001068115234,42.665000915527344,215285260
Lloyds,0,LLOY.L,2024-01-22,42.959999084472656,43.875,42.959999084472656,43.41999816894531,92429369
Lloyds,0,LLOY.L,2024-01-23,43.68000030517578,43.849998474121094,43.060001373291016,43.060001373291016,163007851
Lloyds,0,LLOY.L,2024-01-24,43.25,43.51499938964844,41.983001708984375,42.154998779296875,232089944
Lloyds,0,LLOY.L,2024-01-25,41.9900016784668,42,41.255001068115234,41.525001525878906,180477468
Lloyds,0,LLOY.L,2024-01-26,41.525001525878906,42.665000915527344,41.404998779296875,42.099998474121094,227073805
Lloyds,0,LLOY.L,2024-01-29,42.125,42.45000076293945,41.875,42.279998779296875,89192868
Lloyds,0,LLOY.L,2024-01-30,42.42499923706055,43.05500030517578,42.400001525878906,43.01499938964844,144582087
Lloyds,0,LLOY.L,2024-01-31,42.4900016784668,42.814998626708984,42.3650016784668,42.53499984741211,142008721
Lloyds,0,LLOY.L,2024-02-01,42.125,43.40800094604492,42,42.33000183105469,168984386
Lloyds,0,LLOY.L,2024-02-02,42.84000015258789,43.03499984741211,42.28499984741211,42.314998626708984,89965838
Lloyds,0,LLOY.L,2024-02-05,41.75,42.6150016784668,41.040000915527344,41.88999938964844,364068881
Lloyds,0,LLOY.L,2024-02-06,42.10499954223633,42.369998931884766,41.619998931884766,41.880001068115234,666773634
Lloyds,0,LLOY.L,2024-02-07,41.83000183105469,42.185001373291016,41.4900016784668,41.58000183105469,131726564
Lloyds,0,LLOY.L,2024-02-08,41.58000183105469,42.01499938964844,41.42900085449219,41.51499938964844,69825516
Lloyds,0,LLOY.L,2024-02-09,41.404998779296875,41.70500183105469,41.22999954223633,41.400001525878906,233075851
Lloyds,0,LLOY.L,2024-02-12,41.64500045776367,41.91999816894531,41.185001373291016,41.400001525878906,163174147
Lloyds,0,LLOY.L,2024-02-13,41.22999954223633,41.869998931884766,41,41.185001373291016,141459585
Lloyds,0,LLOY.L,2024-02-14,41.09000015258789,41.76499938964844,41.09000015258789,41.439998626708984,207374101
Lloyds,0,LLOY.L,2024-02-15,41.685001373291016,41.72999954223633,41.04999923706055,41.58000183105469,139218909
Lloyds,0,LLOY.L,2024-02-16,41.66999816894531,43.314998626708984,41.275001525878906,43.20000076293945,249754009
Lloyds,0,LLOY.L,2024-02-19,43.30500030517578,43.439998626708984,42.6349983215332,42.880001068115234,74502420
Lloyds,0,LLOY.L,2024-02-20,42.814998626708984,43.75600051879883,42.77000045776367,43.650001525878906,138030229
Lloyds,0,LLOY.L,2024-02-21,43.78499984741211,43.93299865722656,43.08000183105469,43.290000915527344,202506236
Lloyds,0,LLOY.L,2024-02-22,43,46.20500183105469,42.3650016784668,45.95500183105469,565618186
Lloyds,0,LLOY.L,2024-02-23,45.9900016784668,46.20000076293945,45.3849983215332,45.494998931884766,208409892
Lloyds,0,LLOY.L,2024-02-26,45.48500061035156,46.19499969482422,45.48500061035156,45.915000915527344,269141007
Lloyds,0,LLOY.L,2024-02-27,45.560001373291016,46.525001525878906,45.494998931884766,46.310001373291016,205541890
Lloyds,0,LLOY.L,2024-02-28,46.21500015258789,46.750999450683594,46.21500015258789,46.57500076293945,229599208
Lloyds,0,LLOY.L,2024-02-29,46.57500076293945,47.505001068115234,46.542999267578125,46.56999969482422,467442708
Lloyds,0,LLOY.L,2024-03-01,47.02000045776367,47.75,47.02000045776367,47.369998931884766,207501949
Lloyds,0,LLOY.L,2024-03-04,47.040000915527344,47.630001068115234,46.900001525878906,47.39500045776367,344381130
Lloyds,0,LLOY.L,2024-03-05,47.154998779296875,47.952999114990234,46.95500183105469,47.79999923706055,148437130
Lloyds,0,LLOY.L,2024-03-06,47.974998474121094,48.59000015258789,47.89799880981445,48.400001525878906,311140311
Lloyds,0,LLOY.L,2024-03-07,48.55500030517578,49.04999923706055,48.27000045776367,48.60499954223633,225634715
Lloyds,0,LLOY.L,2024-03-08,48.709999084472656,49.07500076293945,48.34000015258789,48.55500030517578,149173020
Lloyds,0,LLOY.L,2024-03-11,48.42499923706055,49.130001068115234,48.2599983215332,49.04999923706055,154132465
Lloyds,0,LLOY.L,2024-03-12,49.36000061035156,50.02000045776367,49.10499954223633,49.54999923706055,212228896
Lloyds,0,LLOY.L,2024-03-13,49.67499923706055,50.0099983215332,48.95000076293945,49.255001068115234,246059054
Lloyds,0,LLOY.L,2024-03-14,49.20000076293945,49.619998931884766,48.95500183105469,49.33000183105469,145097694
Lloyds,0,LLOY.L,2024-03-15,49.13999938964844,49.92399978637695,49.13999938964844,49.56999969482422,350528629
Lloyds,0,LLOY.L,2024-03-18,49.39500045776367,49.70000076293945,49.12900161743164,49.38999938964844,119224181
Lloyds,0,LLOY.L,2024-03-19,49.20000076293945,49.599998474121094,48.79499816894531,49.54499816894531,126334621
Lloyds,0,LLOY.L,2024-03-20,49.540000915527344,50.22999954223633,49.47999954223633,50.040000915527344,134881078
Lloyds,0,LLOY.L,2024-03-21,51.11000061035156,51.88999938964844,50.63999938964844,51.4900016784668,184094142
Lloyds,0,LLOY.L,2024-03-22,51.77000045776367,52.66999816894531,51.43000030517578,52.18000030517578,162388748
Lloyds,0,LLOY.L,2024-03-25,52,52.25,51.66999816894531,51.72999954223633,237240308
Lloyds,0,LLOY.L,2024-03-26,51.529998779296875,52.11000061035156,51.4900016784668,51.61000061035156,260161808
Lloyds,0,LLOY.L,2024-03-27,51.459999084472656,52.2599983215332,51.34400177001953,51.66999816894531,211685995
Lloyds,0,LLOY.L,2024-03-28,52.22999954223633,52.540000915527344,51.56999969482422,51.7599983215332,248468932
Lloyds,0,LLOY.L,2024-04-02,51.31999969482422,52.400001525878906,51.31999969482422,51.959999084472656,174801073
Lloyds,0,LLOY.L,2024-04-03,51.560001373291016,52.47999954223633,51.560001373291016,52.380001068115234,145222987
Lloyds,0,LLOY.L,2024-04-04,52.81999969482422,54.119998931884766,52.5,53.959999084472656,177550360
Lloyds,0,LLOY.L,2024-04-05,53.400001525878906,53.737998962402344,52.880001068115234,53.31999969482422,121464585
Lloyds,0,LLOY.L,2024-04-08,53.29999923706055,54.279998779296875,53.2400016784668,53.720001220703125,162777728
Lloyds,0,LLOY.L,2024-04-09,53.619998931884766,53.84000015258789,52.70000076293945,52.86000061035156,131247089
Lloyds,0,LLOY.L,2024-04-10,53.119998931884766,53.70000076293945,52.45800018310547,53.119998931884766,148196613
Lloyds,0,LLOY.L,2024-04-11,51.2599983215332,51.619998931884766,50.31999969482422,50.65999984741211,276328543
Lloyds,0,LLOY.L,2024-04-12,51.040000915527344,51.720001220703125,50.97999954223633,50.97999954223633,180436946
Lloyds,0,LLOY.L,2024-04-15,50.959999084472656,51.74700164794922,50.91999816894531,51.15999984741211,160595956
Lloyds,0,LLOY.L,2024-04-16,50.02000045776367,50.380001068115234,49.41999816894531,49.70000076293945,190548937
Lloyds,0,LLOY.L,2024-04-17,49.66999816894531,50.84199905395508,49.619998931884766,50.41999816894531,154369436
Lloyds,0,LLOY.L,2024-04-18,50.720001220703125,51.29999923706055,50.619998931884766,51,102401053
Lloyds,0,LLOY.L,2024-04-19,50.70000076293945,51.08000183105469,50.20000076293945,50.91999816894531,139824478
Lloyds,0,LLOY.L,2024-04-22,51.41999816894531,51.90800094604492,51.09600067138672,51.13999938964844,167919394
Lloyds,0,LLOY.L,2024-04-23,51.380001068115234,51.68600082397461,50.880001068115234,51.34000015258789,199643448
Lloyds,0,LLOY.L,2024-04-24,50.2599983215332,53.220001220703125,49.61000061035156,51.779998779296875,309563793
Lloyds,0,LLOY.L,2024-04-25,51.41999816894531,52.2400016784668,50.91999816894531,51.20000076293945,133826433
Lloyds,0,LLOY.L,2024-04-26,51.119998931884766,52.599998474121094,51.08000183105469,52.29999923706055,196220536
Lloyds,0,LLOY.L,2024-04-29,52.68000030517578,52.92499923706055,51.720001220703125,51.880001068115234,174654445
Lloyds,0,LLOY.L,2024-04-30,51.880001068115234,52.619998931884766,51.47999954223633,51.900001525878906,128009937
Lloyds,0,LLOY.L,2024-05-01,52.099998474121094,52.13999938964844,51.97999954223633,52.20000076293945,32667879
Lloyds,0,LLOY.L,2024-05-02,52,52.7400016784668,51.70000076293945,52.060001373291016,106053192
Lloyds,0,LLOY.L,2024-05-03,52.380001068115234,52.91999816894531,51.7400016784668,52.18000030517578,86284744
Lloyds,0,LLOY.L,2024-05-07,52.97999954223633,54.202999114990234,52.91999816894531,53.720001220703125,376963776
Lloyds,0,LLOY.L,2024-05-08,53.84000015258789,54.380001068115234,53.560001373291016,53.939998626708984,369327358
Lloyds,0,LLOY.L,2024-05-09,54.15999984741211,54.439998626708984,53.599998474121094,53.939998626708984,236469110
Lloyds,0,LLOY.L,2024-05-10,54.279998779296875,54.63999938964844,53.599998474121094,54.29999923706055,87842052
Lloyds,0,LLOY.L,2024-05-13,54.18000030517578,54.540000915527344,54.099998474121094,54.29999923706055,274070760
Lloyds,0,LLOY.L,2024-05-14,54.18000030517578,54.63999938964844,53.880001068115234,54.540000915527344,141611290
Lloyds,0,LLOY.L,2024-05-15,54.7599983215332,55.040000915527344,54.20000076293945,54.5,267073545
Lloyds,0,LLOY.L,2024-05-16,54.52000045776367,55.220001220703125,54.15999984741211,55.02000045776367,128477030
Lloyds,0,LLOY.L,2024-05-17,55,55.560001373291016,54.91999816894531,55.52000045776367,207520212
Lloyds,0,LLOY.L,2024-05-20,56,56.439998626708984,55.65999984741211,56.20000076293945,188240464
Lloyds,0,LLOY.L,2024-05-21,55.97999954223633,56.540000915527344,55.65999984741211,56.18000030517578,221100062
Lloyds,0,LLOY.L,2024-05-22,55.939998626708984,57.39099884033203,55.599998474121094,56.380001068115234,280264588
Lloyds,0,LLOY.L,2024-05-23,56.41999816894531,56.7400016784668,55.5629997253418,55.779998779296875,345190110
Lloyds,0,LLOY.L,2024-05-24,55.220001220703125,56.119998931884766,54.220001220703125,54.79999923706055,210793024
Lloyds,0,LLOY.L,2024-05-28,54.959999084472656,56.040000915527344,54.81999969482422,55.58000183105469,327523091
Lloyds,0,LLOY.L,2024-05-29,55.47999954223633,55.91999816894531,54.68000030517578,54.7400016784668,167372186
Lloyds,0,LLOY.L,2024-05-30,54.220001220703125,55.71099853515625,53.68000030517578,55.540000915527344,166530625
Lloyds,0,LLOY.L,2024-05-31,55.65999984741211,55.959999084472656,55.15999984741211,55.52000045776367,352448889
Lloyds,0,LLOY.L,2024-06-03,56.20000076293945,56.540000915527344,55.400001525878906,55.400001525878906,137984236
Lloyds,0,LLOY.L,2024-06-04,55.5,56.20000076293945,54.91999816894531,55.63999938964844,262438113
Lloyds,0,LLOY.L,2024-06-05,55.91999816894531,55.959999084472656,54.619998931884766,54.7400016784668,147742816
Lloyds,0,LLOY.L,2024-06-06,54.65999984741211,55.7400016784668,54.36000061035156,55.63999938964844,135516703
Lloyds,0,LLOY.L,2024-06-07,55.65999984741211,56.099998474121094,54.5,54.79999923706055,116265881
Lloyds,0,LLOY.L,2024-06-10,54.119998931884766,55.13999938964844,53.599998474121094,54.220001220703125,157631432
Lloyds,0,LLOY.L,2024-06-11,54.540000915527344,54.65999984741211,53.29999923706055,53.380001068115234,166452852
Lloyds,0,LLOY.L,2024-06-12,53.81999969482422,55.119998931884766,53.040000915527344,54.97999954223633,254086293
Lloyds,0,LLOY.L,2024-06-13,54.58000183105469,54.79999923706055,53.720001220703125,54.060001373291016,94191527
Lloyds,0,LLOY.L,2024-06-14,53.959999084472656,54.58000183105469,53.29199981689453,54.18000030517578,162745999
Lloyds,0,LLOY.L,2024-06-17,54.52000045776367,54.720001220703125,53.91999816894531,54.540000915527344,99062882
Lloyds,0,LLOY.L,2024-06-18,55.060001373291016,55.13999938964844,54.400001525878906,55.02000045776367,102463660
Lloyds,0,LLOY.L,2024-06-19,54.939998626708984,55.41999816894531,54.779998779296875,55.220001220703125,184600116
Lloyds,0,LLOY.L,2024-06-20,55.18000030517578,56.117000579833984,54.81999969482422,56.08000183105469,179094450
Lloyds,0,LLOY.L,2024-06-21,56.220001220703125,56.41999816894531,54.96699905395508,55.560001373291016,246172446
Lloyds,0,LLOY.L,2024-06-24,55.720001220703125,56.41999816894531,55.380001068115234,55.68000030517578,104466620
Lloyds,0,LLOY.L,2024-06-25,55.7599983215332,56.099998474121094,55.34000015258789,55.540000915527344,98819622
Lloyds,0,LLOY.L,2024-06-26,55.58000183105469,55.939998626708984,55.380001068115234,55.79999923706055,317766913
Lloyds,0,LLOY.L,2024-06-27,55.959999084472656,56.279998779296875,55.459999084472656,56.08000183105469,120670478
Lloyds,0,LLOY.L,2024-06-28,56.380001068115234,56.599998474121094,54.2599983215332,54.7400016784668,201729056
Lloyds,0,LLOY.L,2024-07-01,55.15999984741211,56.08000183105469,54.400001525878906,55.619998931884766,129712755
Lloyds,0,LLOY.L,2024-07-02,55.400001525878906,55.959999084472656,54.880001068115234,54.939998626708984,194390185
Lloyds,0,LLOY.L,2024-07-03,55.52000045776367,56.040000915527344,55.220001220703125,55.880001068115234,323106648
Lloyds,0,LLOY.L,2024-07-04,56.13999938964844,57.279998779296875,55.540000915527344,57.279998779296875,154028902
Lloyds,0,LLOY.L,2024-07-05,58.099998474121094,58.5620002746582,56.91999816894531,58.279998779296875,302017954
Lloyds,0,LLOY.L,2024-07-08,58.119998931884766,59.36000061035156,56.91999816894531,59.02000045776367,156999918
Lloyds,0,LLOY.L,2024-07-09,58.939998626708984,59.34000015258789,57.599998474121094,57.84000015258789,176111990
Lloyds,0,LLOY.L,2024-07-10,58.119998931884766,58.720001220703125,57.47999954223633,58.099998474121094,85646094
Lloyds,0,LLOY.L,2024-07-11,58.20000076293945,59.39899826049805,57.7400016784668,59.13999938964844,101253674
Lloyds,0,LLOY.L,2024-07-12,59.560001373291016,59.70000076293945,58.619998931884766,59.099998474121094,69605254
Lloyds,0,LLOY.L,2024-07-15,58.5,59.459999084472656,58.2130012512207,58.79999923706055,82739750
Lloyds,0,LLOY.L,2024-07-16,58.5,59.15999984741211,58.20000076293945,58.5,76128129
Lloyds,0,LLOY.L,2024-07-17,58.63999938964844,59.19599914550781,58.5,58.779998779296875,73138654
Lloyds,0,LLOY.L,2024-07-18,59.099998474121094,59.81999969482422,58.41999816894531,59.20000076293945,123711870
Lloyds,0,LLOY.L,2024-07-19,58.84000015258789,59.58000183105469,58.41999816894531,59.13999938964844,99192792
Lloyds,0,LLOY.L,2024-07-22,59.36000061035156,59.5,58.959999084472656,58.97999954223633,266395315
Lloyds,0,LLOY.L,2024-07-23,59,59.52000045776367,58.44599914550781,59.52000045776367,175542241
Lloyds,0,LLOY.L,2024-07-24,59.08000183105469,59.99300003051758,58.939998626708984,59.65999984741211,115546240
Lloyds,0,LLOY.L,2024-07-25,57,60.79999923706055,56.70000076293945,60.63999938964844,233616653
Lloyds,0,LLOY.L,2024-07-26,59.81999969482422,64.66999816894531,59.540000915527344,60.65999984741211,140446548
Lloyds,0,LLOY.L,2024-07-29,60.900001525878906,61.720001220703125,58.939998626708984,61.099998474121094,173073957
Lloyds,0,LLOY.L,2024-07-30,60.81999969482422,60.900001525878906,59.70000076293945,59.70000076293945,177951229
Lloyds,0,LLOY.L,2024-07-31,60,60.380001068115234,59.18000030517578,59.58000183105469,164947185
Lloyds,0,LLOY.L,2024-08-01,58.380001068115234,58.900001525878906,49.040000915527344,56.15999984741211,307162236
Lloyds,0,LLOY.L,2024-08-02,55.540000915527344,56.380001068115234,55.040000915527344,55.34000015258789,323675617
Lloyds,0,LLOY.L,2024-08-05,53.34000015258789,64.66999816894531,52.68000030517578,54.560001373291016,347972476
Lloyds,0,LLOY.L,2024-08-06,55.47999954223633,56.099998474121094,54.97999954223633,55.15999984741211,170607703
Lloyds,0,LLOY.L,2024-08-07,56.18000030517578,57.20000076293945,55.599998474121094,57,183281204
Lloyds,0,LLOY.L,2024-08-08,56.599998474121094,57.099998474121094,55.79899978637695,57.08000183105469,128445480
Lloyds,0,LLOY.L,2024-08-09,57.41999816894531,57.47999954223633,56.58000183105469,56.959999084472656,302571827
Lloyds,0,LLOY.L,2024-08-12,57.20000076293945,57.400001525878906,56.52000045776367,56.79999923706055,90262928
Lloyds,0,LLOY.L,2024-08-13,56.959999084472656,57.279998779296875,56.47999954223633,56.900001525878906,66305320
Lloyds,0,LLOY.L,2024-08-14,57.41999816894531,57.63999938964844,47.43000030517578,57.31999969482422,81031467
Lloyds,0,LLOY.L,2024-08-15,57.52000045776367,58.47999954223633,49.040000915527344,58.47999954223633,126352321
Lloyds,0,LLOY.L,2024-08-16,58.29999923706055,58.959999084472656,58.060001373291016,58.900001525878906,69518709
Lloyds,0,LLOY.L,2024-08-19,58.880001068115234,59.220001220703125,58.500999450683594,59.220001220703125,96623948
Lloyds,0,LLOY.L,2024-08-20,59.47999954223633,59.47999954223633,58.18000030517578,58.380001068115234,58791998
Lloyds,0,LLOY.L,2024-08-21,59.400001525878906,59.400001525878906,58.119998931884766,58.29999923706055,98362099
Lloyds,0,LLOY.L,2024-08-22,58.619998931884766,58.68000030517578,58.04999923706055,58.29999923706055,140728100
Lloyds,0,LLOY.L,2024-08-23,58.5,59.63999938964844,58.34000015258789,59.400001525878906,126472239
Lloyds,0,LLOY.L,2024-08-27,59.400001525878906,59.400001525878906,58.57400131225586,59.20000076293945,108241900
Lloyds,0,LLOY.L,2024-08-28,59.41999816894531,59.47999954223633,57.19200134277344,58.18000030517578,125480332
Lloyds,0,LLOY.L,2024-08-29,58.02000045776367,58.79999923706055,57.900001525878906,58.34000015258789,113812197
Lloyds,0,LLOY.L,2024-08-30,58.29999923706055,58.720001220703125,58.279998779296875,58.5,133560923
Lloyds,0,LLOY.L,2024-09-02,58.560001373291016,58.880001068115234,57.97999954223633,58.119998931884766,81091257
Lloyds,0,LLOY.L,2024-09-03,58.040000915527344,58.599998474121094,56.959999084472656,57.2599983215332,195841719
Lloyds,0,LLOY.L,2024-09-04,56.41999816894531,57.65999984741211,56.36000061035156,57.060001373291016,106283233
Lloyds,0,LLOY.L,2024-09-05,56.81999969482422,58.41999816894531,56.70000076293945,57.58000183105469,120454423
Lloyds,0,LLOY.L,2024-09-06,57.52000045776367,57.65999984741211,56.319000244140625,56.41999816894531,187178475
Lloyds,0,LLOY.L,2024-09-09,56.400001525878906,57.560001373291016,56.400001525878906,57.2599983215332,177753259
Lloyds,0,LLOY.L,2024-09-10,57.400001525878906,58.06999969482422,56.2400016784668,56.47999954223633,181486740
Lloyds,0,LLOY.L,2024-09-11,57.36000061035156,57.599998474121094,56.74399948120117,57.439998626708984,233586461
Lloyds,0,LLOY.L,2024-09-12,58.5,58.5,57.5,57.900001525878906,205053215
Lloyds,0,LLOY.L,2024-09-13,57.959999084472656,58.470001220703125,57.599998474121094,58.040000915527344,70242228
Lloyds,0,LLOY.L,2024-09-16,57.79999923706055,58.279998779296875,57.68000030517578,58.15999984741211,51960051
Lloyds,0,LLOY.L,2024-09-17,58.459999084472656,59,58.35499954223633,58.58000183105469,88268139
Lloyds,0,LLOY.L,2024-09-18,58.34000015258789,58.459999084472656,57.65999984741211,57.880001068115234,75864264
Lloyds,0,LLOY.L,2024-09-19,58.720001220703125,58.79999923706055,58.2599983215332,58.5,133526447
Lloyds,0,LLOY.L,2024-09-20,58.2599983215332,58.41999816894531,57.7400016784668,58.20000076293945,243847294
Lloyds,0,LLOY.L,2024-09-23,58.41999816894531,58.52000045776367,57.7599983215332,58.099998474121094,70463054
Lloyds,0,LLOY.L,2024-09-24,58.439998626708984,59.380001068115234,58.422000885009766,59.279998779296875,374555807
Lloyds,0,LLOY.L,2024-09-25,58.959999084472656,59.65999984741211,58,58.18000030517578,166563532
Lloyds,0,LLOY.L,2024-09-26,58.900001525878906,59.21500015258789,58.67100143432617,58.97999954223633,77995421
Lloyds,0,LLOY.L,2024-09-27,59.13999938964844,59.68000030517578,58.720001220703125,59.400001525878906,101433954
Lloyds,0,LLOY.L,2024-09-30,58.880001068115234,59.41999816894531,58.65999984741211,58.79999923706055,138802196
NatWest,1,NWG,2024-01-02,5.639999866485596,5.670000076293945,5.619999885559082,5.630000114440918,1314800
NatWest,1,NWG,2024-01-03,5.579999923706055,5.659999847412109,5.570000171661377,5.630000114440918,1816000
NatWest,1,NWG,2024-01-04,5.619999885559082,5.690000057220459,5.610000133514404,5.639999866485596,1273900
NatWest,1,NWG,2024-01-05,5.659999847412109,5.769999980926514,5.659999847412109,5.71999979019165,1979500
NatWest,1,NWG,2024-01-08,5.71999979019165,5.789999961853027,5.710000038146973,5.789999961853027,1511500
NatWest,1,NWG,2024-01-09,5.71999979019165,5.71999979019165,5.670000076293945,5.670000076293945,1288600
NatWest,1,NWG,2024-01-10,5.590000152587891,5.590000152587891,5.539999961853027,5.539999961853027,1719500
NatWest,1,NWG,2024-01-11,5.570000171661377,5.590000152587891,5.440000057220459,5.489999771118164,2387600
NatWest,1,NWG,2024-01-12,5.559999942779541,5.590000152587891,5.460000038146973,5.460000038146973,1653800
NatWest,1,NWG,2024-01-16,5.409999847412109,5.420000076293945,5.289999961853027,5.300000190734863,3562700
NatWest,1,NWG,2024-01-17,5.269999980926514,5.28000020980835,5.239999771118164,5.260000228881836,1902600
NatWest,1,NWG,2024-01-18,5.320000171661377,5.349999904632568,5.300000190734863,5.340000152587891,2089600
NatWest,1,NWG,2024-01-19,5.329999923706055,5.389999866485596,5.309999942779541,5.389999866485596,1256300
NatWest,1,NWG,2024-01-22,5.440000057220459,5.519999980926514,5.440000057220459,5.519999980926514,2844000
NatWest,1,NWG,2024-01-23,5.519999980926514,5.539999961853027,5.480000019073486,5.510000228881836,1572000
NatWest,1,NWG,2024-01-24,5.639999866485596,5.650000095367432,5.579999923706055,5.590000152587891,1395100
NatWest,1,NWG,2024-01-25,5.639999866485596,5.650000095367432,5.570000171661377,5.639999866485596,2031600
NatWest,1,NWG,2024-01-26,5.760000228881836,5.789999961853027,5.730000019073486,5.769999980926514,1547300
NatWest,1,NWG,2024-01-29,5.730000019073486,5.769999980926514,5.699999809265137,5.760000228881836,1071400
NatWest,1,NWG,2024-01-30,5.78000020980835,5.860000133514404,5.769999980926514,5.820000171661377,1614100
NatWest,1,NWG,2024-01-31,5.809999942779541,5.849999904632568,5.710000038146973,5.71999979019165,2269000
NatWest,1,NWG,2024-02-01,5.760000228881836,5.769999980926514,5.639999866485596,5.760000228881836,2931200
NatWest,1,NWG,2024-02-02,5.659999847412109,5.690000057220459,5.619999885559082,5.650000095367432,1682700
NatWest,1,NWG,2024-02-05,5.570000171661377,5.579999923706055,5.510000228881836,5.559999942779541,1840700
NatWest,1,NWG,2024-02-06,5.570000171661377,5.639999866485596,5.559999942779541,5.619999885559082,1734500
NatWest,1,NWG,2024-02-07,5.590000152587891,5.599999904632568,5.519999980926514,5.579999923706055,1886500
NatWest,1,NWG,2024-02-08,5.53000020980835,5.550000190734863,5.489999771118164,5.510000228881836,894200
NatWest,1,NWG,2024-02-09,5.429999828338623,5.440000057220459,5.380000114440918,5.420000076293945,1560100
NatWest,1,NWG,2024-02-12,5.28000020980835,5.369999885559082,5.28000020980835,5.340000152587891,2388800
NatWest,1,NWG,2024-02-13,5.260000228881836,5.269999980926514,5.159999847412109,5.199999809265137,2206600
NatWest,1,NWG,2024-02-14,5.329999923706055,5.369999885559082,5.300000190734863,5.340000152587891,1686000
NatWest,1,NWG,2024-02-15,5.460000038146973,5.550000190734863,5.460000038146973,5.5,1478700
NatWest,1,NWG,2024-02-16,5.800000190734863,5.940000057220459,5.739999771118164,5.929999828338623,5016100
NatWest,1,NWG,2024-02-20,5.829999923706055,5.900000095367432,5.829999923706055,5.889999866485596,2744400
NatWest,1,NWG,2024-02-21,5.920000076293945,5.929999828338623,5.869999885559082,5.909999847412109,2024100
NatWest,1,NWG,2024-02-22,5.929999828338623,5.96999979019165,5.889999866485596,5.920000076293945,2445600
NatWest,1,NWG,2024-02-23,5.96999979019165,6.039999961853027,5.960000038146973,6.039999961853027,1453800
NatWest,1,NWG,2024-02-26,6,6.019999980926514,5.920000076293945,5.960000038146973,1699200
NatWest,1,NWG,2024-02-27,6.039999961853027,6.059999942779541,6.019999980926514,6.039999961853027,1857600
NatWest,1,NWG,2024-02-28,6.119999885559082,6.130000114440918,6.059999942779541,6.079999923706055,937000
NatWest,1,NWG,2024-02-29,6.21999979019165,6.239999771118164,6.130000114440918,6.199999809265137,1157000
NatWest,1,NWG,2024-03-01,6.340000152587891,6.380000114440918,6.289999961853027,6.369999885559082,1470400
NatWest,1,NWG,2024-03-04,6.389999866485596,6.440000057220459,6.389999866485596,6.420000076293945,1077600
NatWest,1,NWG,2024-03-05,6.429999828338623,6.53000020980835,6.429999828338623,6.460000038146973,1801900
NatWest,1,NWG,2024-03-06,6.590000152587891,6.599999904632568,6.510000228881836,6.570000171661377,2345800
NatWest,1,NWG,2024-03-07,6.53000020980835,6.570000171661377,6.510000228881836,6.570000171661377,1451600
NatWest,1,NWG,2024-03-08,6.650000095367432,6.679999828338623,6.539999961853027,6.579999923706055,1523100
NatWest,1,NWG,2024-03-11,6.539999961853027,6.570000171661377,6.519999980926514,6.550000190734863,903100
NatWest,1,NWG,2024-03-12,6.619999885559082,6.679999828338623,6.599999904632568,6.630000114440918,1480200
NatWest,1,NWG,2024-03-13,6.599999904632568,6.659999847412109,6.599999904632568,6.630000114440918,1536400
NatWest,1,NWG,2024-03-14,6.329999923706055,6.360000133514404,6.179999828338623,6.230000019073486,1819700
NatWest,1,NWG,2024-03-15,6.28000020980835,6.340000152587891,6.230000019073486,6.25,1920900
NatWest,1,NWG,2024-03-18,6.21999979019165,6.25,6.190000057220459,6.239999771118164,1635100
NatWest,1,NWG,2024-03-19,6.179999828338623,6.239999771118164,6.170000076293945,6.190000057220459,1287100
NatWest,1,NWG,2024-03-20,6.340000152587891,6.46999979019165,6.329999923706055,6.460000038146973,1869900
NatWest,1,NWG,2024-03-21,6.53000020980835,6.579999923706055,6.519999980926514,6.539999961853027,1994700
NatWest,1,NWG,2024-03-22,6.659999847412109,6.699999809265137,6.630000114440918,6.659999847412109,2626600
NatWest,1,NWG,2024-03-25,6.630000114440918,6.679999828338623,6.610000133514404,6.639999866485596,1011600
NatWest,1,NWG,2024-03-26,6.710000038146973,6.730000019073486,6.670000076293945,6.690000057220459,1396400
NatWest,1,NWG,2024-03-27,6.690000057220459,6.789999961853027,6.690000057220459,6.78000020980835,1604000
NatWest,1,NWG,2024-03-28,6.789999961853027,6.840000152587891,6.789999961853027,6.800000190734863,849700
NatWest,1,NWG,2024-04-01,6.809999942779541,6.860000133514404,6.699999809265137,6.71999979019165,814700
NatWest,1,NWG,2024-04-02,6.78000020980835,6.840000152587891,6.769999980926514,6.820000171661377,1455000
NatWest,1,NWG,2024-04-03,6.920000076293945,7,6.920000076293945,6.96999979019165,1447300
NatWest,1,NWG,2024-04-04,7.210000038146973,7.260000228881836,7.119999885559082,7.130000114440918,4392600
NatWest,1,NWG,2024-04-05,7.110000133514404,7.159999847412109,7.090000152587891,7.150000095367432,3351700
NatWest,1,NWG,2024-04-08,7.159999847412109,7.190000057220459,7.130000114440918,7.130000114440918,1657700
NatWest,1,NWG,2024-04-09,7.190000057220459,7.21999979019165,7.090000152587891,7.150000095367432,2398800
NatWest,1,NWG,2024-04-10,7.050000190734863,7.139999866485596,7.03000020980835,7.090000152587891,2074300
NatWest,1,NWG,2024-04-11,6.980000019073486,6.989999771118164,6.869999885559082,6.980000019073486,1291500
NatWest,1,NWG,2024-04-12,6.929999828338623,6.980000019073486,6.869999885559082,6.900000095367432,1803100
NatWest,1,NWG,2024-04-15,7.050000190734863,7.070000171661377,6.880000114440918,6.900000095367432,1873000
NatWest,1,NWG,2024-04-16,6.800000190734863,6.809999942779541,6.75,6.789999961853027,1827700
NatWest,1,NWG,2024-04-17,6.900000095367432,6.940000057220459,6.840000152587891,6.889999866485596,1328500
NatWest,1,NWG,2024-04-18,6.920000076293945,6.96999979019165,6.900000095367432,6.929999828338623,1266200
NatWest,1,NWG,2024-04-19,6.960000038146973,7,6.949999809265137,6.989999771118164,1670300
NatWest,1,NWG,2024-04-22,6.989999771118164,7.090000152587891,6.989999771118164,7.090000152587891,1143500
NatWest,1,NWG,2024-04-23,7.159999847412109,7.260000228881836,7.159999847412109,7.260000228881836,1039600
NatWest,1,NWG,2024-04-24,7.230000019073486,7.260000228881836,7.179999828338623,7.25,1100800
NatWest,1,NWG,2024-04-25,7.269999980926514,7.400000095367432,7.269999980926514,7.380000114440918,3016700
NatWest,1,NWG,2024-04-26,7.789999961853027,7.869999885559082,7.739999771118164,7.840000152587891,2587900
NatWest,1,NWG,2024-04-29,7.730000019073486,7.75,7.679999828338623,7.699999809265137,1304600
NatWest,1,NWG,2024-04-30,7.71999979019165,7.78000020980835,7.679999828338623,7.699999809265137,1479700
NatWest,1,NWG,2024-05-01,7.710000038146973,7.849999904632568,7.690000057220459,7.760000228881836,1359900
NatWest,1,NWG,2024-05-02,7.739999771118164,7.769999980926514,7.679999828338623,7.739999771118164,1050600
NatWest,1,NWG,2024-05-03,7.820000171661377,7.840000152587891,7.760000228881836,7.78000020980835,1311100
NatWest,1,NWG,2024-05-06,7.829999923706055,7.929999828338623,7.809999942779541,7.869999885559082,946600
NatWest,1,NWG,2024-05-07,8.069999694824219,8.119999885559082,7.920000076293945,7.929999828338623,1423600
NatWest,1,NWG,2024-05-08,7.960000038146973,8.09000015258789,7.949999809265137,8.09000015258789,792400
NatWest,1,NWG,2024-05-09,8.050000190734863,8.130000114440918,8.029999732971191,8.109999656677246,947000
NatWest,1,NWG,2024-05-10,8.100000381469727,8.140000343322754,8.050000190734863,8.119999885559082,1210600
NatWest,1,NWG,2024-05-13,8.15999984741211,8.199999809265137,8.149999618530273,8.170000076293945,531100
NatWest,1,NWG,2024-05-14,8.289999961853027,8.329999923706055,8.260000228881836,8.3100004196167,877900
NatWest,1,NWG,2024-05-15,8.390000343322754,8.479999542236328,8.359999656677246,8.470000267028809,1211600
NatWest,1,NWG,2024-05-16,8.399999618530273,8.430000305175781,8.369999885559082,8.380000114440918,723200
NatWest,1,NWG,2024-05-17,8.3100004196167,8.350000381469727,8.270000457763672,8.3100004196167,1176600
NatWest,1,NWG,2024-05-20,8.239999771118164,8.279999732971191,8.149999618530273,8.149999618530273,1310900
NatWest,1,NWG,2024-05-21,8.130000114440918,8.25,8.130000114440918,8.210000038146973,1862800
NatWest,1,NWG,2024-05-22,8.239999771118164,8.279999732971191,8.119999885559082,8.170000076293945,2430400
NatWest,1,NWG,2024-05-23,8.010000228881836,8.020000457763672,7.860000133514404,7.889999866485596,1545700
NatWest,1,NWG,2024-05-24,7.920000076293945,8.020000457763672,7.920000076293945,8.010000228881836,1353600
NatWest,1,NWG,2024-05-28,8.079999923706055,8.180000305175781,8.0600004196167,8.140000343322754,4872200
NatWest,1,NWG,2024-05-29,8.050000190734863,8.069999694824219,7.989999771118164,8.029999732971191,1587400
NatWest,1,NWG,2024-05-30,8.180000305175781,8.239999771118164,8.130000114440918,8.199999809265137,1494900
NatWest,1,NWG,2024-05-31,8.25,8.270000457763672,8.15999984741211,8.260000228881836,1285900
NatWest,1,NWG,2024-06-03,8.3100004196167,8.369999885559082,8.279999732971191,8.350000381469727,708300
NatWest,1,NWG,2024-06-04,8.170000076293945,8.220000267028809,8.130000114440918,8.170000076293945,1482600
NatWest,1,NWG,2024-06-05,8.149999618530273,8.180000305175781,8.09000015258789,8.170000076293945,748000
NatWest,1,NWG,2024-06-06,8.220000267028809,8.319999694824219,8.199999809265137,8.3100004196167,834200
NatWest,1,NWG,2024-06-07,8.170000076293945,8.25,8.149999618530273,8.15999984741211,1080900
NatWest,1,NWG,2024-06-10,8.029999732971191,8.100000381469727,7.989999771118164,8.079999923706055,865800
NatWest,1,NWG,2024-06-11,7.880000114440918,7.889999866485596,7.800000190734863,7.860000133514404,1132200
NatWest,1,NWG,2024-06-12,8.140000343322754,8.149999618530273,8.020000457763672,8.039999961853027,1037300
NatWest,1,NWG,2024-06-13,8.050000190734863,8.0600004196167,7.960000038146973,8,1266500
NatWest,1,NWG,2024-06-14,7.820000171661377,7.960000038146973,7.809999942779541,7.940000057220459,1061400
NatWest,1,NWG,2024-06-17,7.929999828338623,8.029999732971191,7.900000095367432,8.029999732971191,915700
NatWest,1,NWG,2024-06-18,8.020000457763672,8.079999923706055,7.989999771118164,8.039999961853027,1651200
NatWest,1,NWG,2024-06-20,8.1899995803833,8.3100004196167,8.15999984741211,8.300000190734863,5117700
NatWest,1,NWG,2024-06-21,8.170000076293945,8.380000114440918,8.079999923706055,8.279999732971191,29049200
NatWest,1,NWG,2024-06-24,8.239999771118164,8.300000190734863,8.130000114440918,8.170000076293945,5679300
NatWest,1,NWG,2024-06-25,8.029999732971191,8.109999656677246,7.989999771118164,8.0600004196167,2428700
NatWest,1,NWG,2024-06-26,7.980000019073486,8.09000015258789,7.96999979019165,8.079999923706055,3197600
NatWest,1,NWG,2024-06-27,8.069999694824219,8.109999656677246,8.039999961853027,8.109999656677246,3846300
NatWest,1,NWG,2024-06-28,8.039999961853027,8.069999694824219,7.989999771118164,8.029999732971191,3440300
NatWest,1,NWG,2024-07-01,8.140000343322754,8.15999984741211,8.100000381469727,8.130000114440918,2786800
NatWest,1,NWG,2024-07-02,8.180000305175781,8.279999732971191,8.149999618530273,8.279999732971191,2889600
NatWest,1,NWG,2024-07-03,8.300000190734863,8.399999618530273,8.300000190734863,8.390000343322754,2893300
NatWest,1,NWG,2024-07-05,8.520000457763672,8.529999732971191,8.420000076293945,8.520000457763672,3646300
NatWest,1,NWG,2024-07-08,8.65999984741211,8.680000305175781,8.550000190734863,8.609999656677246,4424000
NatWest,1,NWG,2024-07-09,8.380000114440918,8.40999984741211,8.34000015258789,8.369999885559082,3518300
NatWest,1,NWG,2024-07-10,8.380000114440918,8.449999809265137,8.359999656677246,8.449999809265137,2523500
NatWest,1,NWG,2024-07-11,8.489999771118164,8.529999732971191,8.479999542236328,8.510000228881836,2760100
NatWest,1,NWG,2024-07-12,8.510000228881836,8.539999961853027,8.489999771118164,8.520000457763672,2138800
NatWest,1,NWG,2024-07-15,8.460000038146973,8.489999771118164,8.430000305175781,8.460000038146973,1853500
NatWest,1,NWG,2024-07-16,8.489999771118164,8.649999618530273,8.479999542236328,8.649999618530273,1721000
NatWest,1,NWG,2024-07-17,8.630000114440918,8.680000305175781,8.600000381469727,8.609999656677246,1729200
NatWest,1,NWG,2024-07-18,8.760000228881836,8.829999923706055,8.649999618530273,8.680000305175781,2662400
NatWest,1,NWG,2024-07-19,8.720000267028809,8.800000190734863,8.710000038146973,8.760000228881836,2173600
NatWest,1,NWG,2024-07-22,8.789999961853027,8.869999885559082,8.760000228881836,8.869999885559082,1488000
NatWest,1,NWG,2024-07-23,8.800000190734863,8.869999885559082,8.779999732971191,8.84000015258789,1148500
NatWest,1,NWG,2024-07-24,8.8100004196167,8.819999694824219,8.710000038146973,8.710000038146973,1648300
NatWest,1,NWG,2024-07-25,8.739999771118164,8.859999656677246,8.720000267028809,8.819999694824219,2357900
NatWest,1,NWG,2024-07-26,9.319999694824219,9.550000190734863,9.3100004196167,9.529999732971191,4330000
NatWest,1,NWG,2024-07-29,9.609999656677246,9.680000305175781,9.539999961853027,9.640000343322754,2710300
NatWest,1,NWG,2024-07-30,9.479999542236328,9.539999961853027,9.470000267028809,9.489999771118164,2545900
NatWest,1,NWG,2024-07-31,9.489999771118164,9.600000381469727,9.479999542236328,9.539999961853027,2512800
NatWest,1,NWG,2024-08-01,9.3100004196167,9.3100004196167,8.680000305175781,8.859999656677246,6698700
NatWest,1,NWG,2024-08-02,8.539999961853027,8.569999694824219,8.40999984741211,8.420000076293945,4421700
NatWest,1,NWG,2024-08-05,8.109999656677246,8.430000305175781,8.079999923706055,8.350000381469727,4985000
NatWest,1,NWG,2024-08-06,8.270000457763672,8.449999809265137,8.239999771118164,8.380000114440918,3198800
NatWest,1,NWG,2024-08-07,8.649999618530273,8.680000305175781,8.479999542236328,8.489999771118164,2970600
NatWest,1,NWG,2024-08-08,8.649999618530273,8.710000038146973,8.59000015258789,8.680000305175781,1894200
NatWest,1,NWG,2024-08-09,8.59000015258789,8.699999809265137,8.579999923706055,8.649999618530273,1982100
NatWest,1,NWG,2024-08-12,8.6899995803833,8.739999771118164,8.640000343322754,8.670000076293945,1640100
NatWest,1,NWG,2024-08-13,8.710000038146973,8.899999618530273,8.699999809265137,8.880000114440918,1720300
NatWest,1,NWG,2024-08-14,8.850000381469727,8.899999618530273,8.829999923706055,8.869999885559082,1134600
NatWest,1,NWG,2024-08-15,9.020000457763672,9.079999923706055,8.960000038146973,9.039999961853027,1530200
NatWest,1,NWG,2024-08-16,9.09000015258789,9.210000038146973,9.09000015258789,9.15999984741211,1919900
NatWest,1,NWG,2024-08-19,9.220000267028809,9.300000190734863,9.210000038146973,9.289999961853027,1701300
NatWest,1,NWG,2024-08-20,9.149999618530273,9.210000038146973,9.140000343322754,9.149999618530273,1576900
NatWest,1,NWG,2024-08-21,9.210000038146973,9.260000228881836,9.140000343322754,9.239999771118164,1701100
NatWest,1,NWG,2024-08-22,9.149999618530273,9.180000305175781,9.100000381469727,9.109999656677246,2892900
NatWest,1,NWG,2024-08-23,9.119999885559082,9.279999732971191,9.109999656677246,9.270000457763672,2972600
NatWest,1,NWG,2024-08-26,9.270000457763672,9.34000015258789,9.170000076293945,9.270000457763672,1501000
NatWest,1,NWG,2024-08-27,9.319999694824219,9.430000305175781,9.3100004196167,9.40999984741211,1987400
NatWest,1,NWG,2024-08-28,8.979999542236328,9.09000015258789,8.949999809265137,9.020000457763672,2763200
NatWest,1,NWG,2024-08-29,9.109999656677246,9.1899995803833,9.050000190734863,9.15999984741211,2555300
NatWest,1,NWG,2024-08-30,9.199999809265137,9.239999771118164,9.130000114440918,9.220000267028809,2029700
NatWest,1,NWG,2024-09-03,8.90999984741211,8.9399995803833,8.760000228881836,8.789999961853027,2924800
NatWest,1,NWG,2024-09-04,8.90999984741211,8.979999542236328,8.869999885559082,8.890000343322754,2704600
NatWest,1,NWG,2024-09-05,9.079999923706055,9.09000015258789,8.989999771118164,9.039999961853027,1999600
NatWest,1,NWG,2024-09-06,8.949999809265137,8.989999771118164,8.670000076293945,8.670000076293945,2305300
NatWest,1,NWG,2024-09-09,8.819999694824219,8.890000343322754,8.800000190734863,8.850000381469727,2284800
NatWest,1,NWG,2024-09-10,8.779999732971191,8.779999732971191,8.550000190734863,8.670000076293945,2595700
NatWest,1,NWG,2024-09-11,8.710000038146973,8.850000381469727,8.609999656677246,8.829999923706055,2710100
NatWest,1,NWG,2024-09-12,8.699999809265137,8.859999656677246,8.680000305175781,8.819999694824219,2599300
NatWest,1,NWG,2024-09-13,8.890000343322754,8.970000267028809,8.880000114440918,8.9399995803833,2329200
NatWest,1,NWG,2024-09-16,8.949999809265137,9.050000190734863,8.90999984741211,9.050000190734863,2209100
NatWest,1,NWG,2024-09-17,9.109999656677246,9.130000114440918,9.010000228881836,9.050000190734863,1878400
NatWest,1,NWG,2024-09-18,9.010000228881836,9.130000114440918,8.930000305175781,8.989999771118164,2159400
NatWest,1,NWG,2024-09-19,9.140000343322754,9.220000267028809,9.069999694824219,9.199999809265137,1858800
NatWest,1,NWG,2024-09-20,9.109999656677246,9.119999885559082,9.0600004196167,9.079999923706055,2114500
NatWest,1,NWG,2024-09-23,9.09000015258789,9.119999885559082,9.039999961853027,9.069999694824219,1954800
NatWest,1,NWG,2024-09-24,9.239999771118164,9.270000457763672,9.199999809265137,9.25,1838400
NatWest,1,NWG,2024-09-25,9.279999732971191,9.289999961853027,9.079999923706055,9.109999656677246,2030000
NatWest,1,NWG,2024-09-26,9.34000015258789,9.4399995803833,9.289999961853027,9.420000076293945,2034000
NatWest,1,NWG,2024-09-27,9.329999923706055,9.390000343322754,9.300000190734863,9.34000015258789,2881600
NatWest,1,NWG,2024-09-30,9.270000457763672,9.380000114440918,9.239999771118164,9.359999656677246,5276000
NatWest,0,NWG.L,2024-01-02,219.5,221.5,218.6219940185547,220.1999969482422,11449770
NatWest,0,NWG.L,2024-01-03,220.1999969482422,222,217.6999969482422,218.8000030517578,23258675
NatWest,0,NWG.L,2024-01-04,218.10000610351562,220.6999969482422,217.89999389648438,220.10000610351562,11259352
NatWest,0,NWG.L,2024-01-05,218.6999969482422,221.89999389648438,217.39999389648438,220.8000030517578,9408883
NatWest,0,NWG.L,2024-01-08,220.1999969482422,222.25100708007812,219,221.89999389648438,10019582
NatWest,0,NWG.L,2024-01-09,221.10000610351562,222.8000030517578,219.89999389648438,220.89999389648438,20016928
NatWest,0,NWG.L,2024-01-10,220.1999969482422,220.1999969482422,214.8000030517578,215.10000610351562,23135756
NatWest,0,NWG.L,2024-01-11,215.6999969482422,217.5,211.6999969482422,211.6999969482422,59050240
NatWest,0,NWG.L,2024-01-12,213.5,216.8000030517578,212.39999389648438,212.39999389648438,27315913
NatWest,0,NWG.L,2024-01-15,212.3000030517578,214.5,211,212.1999969482422,18616959
NatWest,0,NWG.L,2024-01-16,210.8000030517578,212.30999755859375,208.6999969482422,208.6999969482422,30329036
NatWest,0,NWG.L,2024-01-17,204.89999389648438,207.2899932861328,203.10000610351562,205.8000030517578,20424961
NatWest,0,NWG.L,2024-01-18,205.8000030517578,208.60000610351562,205.3000030517578,207.6999969482422,20033820
NatWest,0,NWG.L,2024-01-19,209,209.3000030517578,207,208,29318467
NatWest,0,NWG.L,2024-01-22,210.10000610351562,213.89999389648438,209.8000030517578,213.60000610351562,16108287
NatWest,0,NWG.L,2024-01-23,215,215.60000610351562,213.1999969482422,213.89999389648438,27552727
NatWest,0,NWG.L,2024-01-24,215.89999389648438,218.7989959716797,215.10000610351562,217.60000610351562,26169284
NatWest,0,NWG.L,2024-01-25,216.6999969482422,220,216,217.89999389648438,22726539
NatWest,0,NWG.L,2024-01-26,219,224.5,218.60000610351562,224,33158439
NatWest,0,NWG.L,2024-01-29,223.1999969482422,224.8000030517578,222.39999389648438,222.60000610351562,17317858
NatWest,0,NWG.L,2024-01-30,223.5,227.3000030517578,222.89999389648438,227.1999969482422,24493158
NatWest,0,NWG.L,2024-01-31,226.89999389648438,229.10000610351562,224.60000610351562,225.1999969482422,34533248
NatWest,0,NWG.L,2024-02-01,223.5,225,219.8000030517578,220.5,25286335
NatWest,0,NWG.L,2024-02-02,222.60000610351562,223.60000610351562,220.6999969482422,220.89999389648438,13570502
NatWest,0,NWG.L,2024-02-05,220.10000610351562,221.39999389648438,217.1999969482422,217.1999969482422,30880004
NatWest,0,NWG.L,2024-02-06,218.39999389648438,221,217.89999389648438,220,30013778
NatWest,0,NWG.L,2024-02-07,219.1999969482422,220.60000610351562,216.5,217.3000030517578,18660869
NatWest,0,NWG.L,2024-02-08,217.5,219.1999969482422,215.5,215.5,13857193
NatWest,0,NWG.L,2024-02-09,213.3000030517578,214.3979949951172,210.6999969482422,210.6999969482422,39006580
NatWest,0,NWG.L,2024-02-12,206.89999389648438,209.6999969482422,205.39999389648438,207.6999969482422,34178352
NatWest,0,NWG.L,2024-02-13,207,208.5,203.39999389648438,204.39999389648438,27942681
NatWest,0,NWG.L,2024-02-14,204.10000610351562,210.3000030517578,203.6999969482422,209,16901436
NatWest,0,NWG.L,2024-02-15,209.8000030517578,217,209.39999389648438,214.3000030517578,24897424
NatWest,0,NWG.L,2024-02-16,207,230.3000030517578,206.8000030517578,229.5,60514750
NatWest,0,NWG.L,2024-02-19,230,231.10000610351562,223.6999969482422,225,43425427
NatWest,0,NWG.L,2024-02-20,225.8000030517578,228.8000030517578,224.39999389648438,228.8000030517578,34604468
NatWest,0,NWG.L,2024-02-21,228.3000030517578,231.89999389648438,228,229,22234295
NatWest,0,NWG.L,2024-02-22,230,232.00999450683594,226.5,228.10000610351562,38369893
NatWest,0,NWG.L,2024-02-23,229,231.8000030517578,228.10000610351562,231.5,36593418
NatWest,0,NWG.L,2024-02-26,231,232.60000610351562,229.89999389648438,231.1999969482422,20918731
NatWest,0,NWG.L,2024-02-27,230.5,235.10000610351562,230.5,233.6999969482422,80186311
NatWest,0,NWG.L,2024-02-28,234.5,238.39999389648438,234.38999938964844,236.5,47421560
NatWest,0,NWG.L,2024-02-29,237.1999969482422,242.16000366210938,236.89999389648438,239.10000610351562,102182187
NatWest,0,NWG.L,2024-03-01,239.60000610351562,247.37100219726562,239.60000610351562,246.8000030517578,30613231
NatWest,0,NWG.L,2024-03-04,246,249.49000549316406,245.6999969482422,248.3000030517578,37779767
NatWest,0,NWG.L,2024-03-05,247,251.8000030517578,245.6999969482422,249.8000030517578,42945159
NatWest,0,NWG.L,2024-03-06,250.3000030517578,255.5240020751953,249.89999389648438,252.39999389648438,52027977
NatWest,0,NWG.L,2024-03-07,252.5,253.41000366210938,249.10000610351562,250.39999389648438,46470600
NatWest,0,NWG.L,2024-03-08,251.3000030517578,253.8000030517578,249.10000610351562,250.60000610351562,21611230
NatWest,0,NWG.L,2024-03-11,249.6999969482422,251.39999389648438,239.08900451660156,249.89999389648438,90593615
NatWest,0,NWG.L,2024-03-12,251,257.42999267578125,242.29100036621094,254,26935045
NatWest,0,NWG.L,2024-03-13,254.5,256.5,250.60000610351562,252.8000030517578,45181813
NatWest,0,NWG.L,2024-03-14,242.1999969482422,243.39999389648438,239.10000610351562,240,58629019
NatWest,0,NWG.L,2024-03-15,239.89999389648438,243.68800354003906,239.8000030517578,240.1999969482422,126100754
NatWest,0,NWG.L,2024-03-18,238.6999969482422,240.60000610351562,237.48500061035156,240.10000610351562,43080209
NatWest,0,NWG.L,2024-03-19,239,241.14999389648438,237.30099487304688,240,26434028
NatWest,0,NWG.L,2024-03-20,238.8000030517578,247.3800048828125,238.8000030517578,245.5,25960540
NatWest,0,NWG.L,2024-03-21,249.8000030517578,253.8000030517578,248,253.39999389648438,57791909
NatWest,0,NWG.L,2024-03-22,254.5,261.6000061035156,254.5,261.1000061035156,68959021
NatWest,0,NWG.L,2024-03-25,261.29998779296875,261.79998779296875,257.3999938964844,260,30669324
NatWest,0,NWG.L,2024-03-26,258.70001220703125,262.79998779296875,258.70001220703125,262.3999938964844,46259612
NatWest,0,NWG.L,2024-03-27,260.29998779296875,263.1000061035156,259.6000061035156,262.79998779296875,33357569
NatWest,0,NWG.L,2024-03-28,265,266.70001220703125,263.70001220703125,265.5,25164728
NatWest,0,NWG.L,2024-04-02,265.1000061035156,267.8999938964844,263.70001220703125,267.1000061035156,31032477
NatWest,0,NWG.L,2024-04-03,266.70001220703125,273,266.3999938964844,272.70001220703125,34901617
NatWest,0,NWG.L,2024-04-04,274.3999938964844,281,273.5,280.5,49149789
NatWest,0,NWG.L,2024-04-05,277.5,279.29998779296875,277.5,278.3999938964844,20411707
NatWest,0,NWG.L,2024-04-08,277.79998779296875,280.70001220703125,277.5,278.29998779296875,20389975
NatWest,0,NWG.L,2024-04-09,278.1000061035156,279.8999938964844,275.79998779296875,276,23965950
NatWest,0,NWG.L,2024-04-10,278.3999938964844,279.79998779296875,275.8999938964844,278.3999938964844,38848320
NatWest,0,NWG.L,2024-04-11,277.8999938964844,279.3999938964844,270.20001220703125,272.5,46759559
NatWest,0,NWG.L,2024-04-12,275.1000061035156,278,273.5,274.5,15761217
NatWest,0,NWG.L,2024-04-15,275.29998779296875,279.5,275,276.79998779296875,23374274
NatWest,0,NWG.L,2024-04-16,270.20001220703125,271.6000061035156,267.70001220703125,268.79998779296875,31061155
NatWest,0,NWG.L,2024-04-17,268.6000061035156,274.1000061035156,267,272.3999938964844,11269812
NatWest,0,NWG.L,2024-04-18,275.3999938964844,277.70001220703125,273.3999938964844,275.3999938964844,32713225
NatWest,0,NWG.L,2024-04-19,274.1000061035156,277.92999267578125,272.5,276.70001220703125,25990611
NatWest,0,NWG.L,2024-04-22,280.70001220703125,282.1830139160156,278.6000061035156,279.70001220703125,24833895
NatWest,0,NWG.L,2024-04-23,282,286.9700012207031,281.29998779296875,285.79998779296875,27743088
NatWest,0,NWG.L,2024-04-24,285,287.5,282,285.8999938964844,79759421
NatWest,0,NWG.L,2024-04-25,288,291.239990234375,285,289.79998779296875,48741809
NatWest,0,NWG.L,2024-04-26,296,308.70001220703125,295.5,307.3999938964844,57160251
NatWest,0,NWG.L,2024-04-29,309.5,310,300.8280029296875,302.5,25077684
NatWest,0,NWG.L,2024-04-30,301.3999938964844,309.29998779296875,299.70001220703125,303.5,28958448
NatWest,0,NWG.L,2024-05-01,305.20001220703125,307.95001220703125,303,304.79998779296875,27320465
NatWest,0,NWG.L,2024-05-02,304,304,304,303.20001220703125,60342241
NatWest,0,NWG.L,2024-05-03,304.8999938964844,307.20001220703125,301.29998779296875,305,11320341
NatWest,0,NWG.L,2024-05-07,307,317.8999938964844,307,312,58607016
NatWest,0,NWG.L,2024-05-08,312.29998779296875,317,310.79998779296875,317,24102798
NatWest,0,NWG.L,2024-05-09,317.79998779296875,321.4320068359375,315,317.79998779296875,27610156
NatWest,0,NWG.L,2024-05-10,318.1000061035156,320.5,315.79998779296875,319.29998779296875,13326847
NatWest,0,NWG.L,2024-05-13,318.8999938964844,321.5,316.70001220703125,320,34849038
NatWest,0,NWG.L,2024-05-14,320,324.79998779296875,318,323.6000061035156,56855688
NatWest,0,NWG.L,2024-05-15,325.1000061035156,328.1000061035156,321.6000061035156,326.3999938964844,30683236
NatWest,0,NWG.L,2024-05-16,327.70001220703125,329.79998779296875,324.3999938964844,326.3999938964844,12596870
NatWest,0,NWG.L,2024-05-17,326,327.53399658203125,319.8999938964844,321,21676972
NatWest,0,NWG.L,2024-05-20,321.79998779296875,322.10400390625,316.6000061035156,317,30674417
NatWest,0,NWG.L,2024-05-21,314.29998779296875,319,312.70001220703125,315.1000061035156,28788000
NatWest,0,NWG.L,2024-05-22,313.5,320.3999938964844,312,313.5,55220401
NatWest,0,NWG.L,2024-05-23,314,315.70001220703125,305.5,307.20001220703125,49535285
NatWest,0,NWG.L,2024-05-24,309.1000061035156,309.1000061035156,302.3999938964844,307.5,24403146
NatWest,0,NWG.L,2024-05-28,308.3999938964844,312.29998779296875,305.6000061035156,309.3999938964844,36468989
NatWest,0,NWG.L,2024-05-29,310.8999938964844,312.6000061035156,307.5,310.1000061035156,61372760
NatWest,0,NWG.L,2024-05-30,308.5,316.3999938964844,306.8999938964844,316.20001220703125,27123404
NatWest,0,NWG.L,2024-05-31,317,318.70001220703125,314.99700927734375,315,108537458
NatWest,0,NWG.L,2024-06-03,320,322.1000061035156,317.6990051269531,319.70001220703125,21067564
NatWest,0,NWG.L,2024-06-04,318.20001220703125,318.8999938964844,312.70001220703125,313.5,13692693
NatWest,0,NWG.L,2024-06-05,314.3999938964844,315.8999938964844,310,312.3999938964844,11465503
NatWest,0,NWG.L,2024-06-06,312.70001220703125,318.79998779296875,310.5,318.79998779296875,11283013
NatWest,0,NWG.L,2024-06-07,319,320.8999938964844,311.6499938964844,316.8999938964844,18510630
NatWest,0,NWG.L,2024-06-10,312.79998779296875,318.8999938964844,308.3999938964844,310.8999938964844,25612036
NatWest,0,NWG.L,2024-06-11,311.29998779296875,313.3999938964844,301.3999938964844,303.79998779296875,54090329
NatWest,0,NWG.L,2024-06-12,307.20001220703125,311.5,301.8999938964844,310.1000061035156,46970669
NatWest,0,NWG.L,2024-06-13,309.1000061035156,310.4570007324219,307.29998779296875,308.29998779296875,25639536
NatWest,0,NWG.L,2024-06-14,308.5,310.1000061035156,300.20001220703125,307.20001220703125,15037419
NatWest,0,NWG.L,2024-06-17,310,310.47900390625,304.8999938964844,308,14622992
NatWest,0,NWG.L,2024-06-18,312.5,313,308,310.20001220703125,18621242
NatWest,0,NWG.L,2024-06-19,310.3999938964844,315.70001220703125,309.3999938964844,312.5,8694300
NatWest,0,NWG.L,2024-06-20,311.79998779296875,320.5,309.8999938964844,320.5,36604533
NatWest,0,NWG.L,2024-06-21,320.6000061035156,322.6000061035156,314.20001220703125,314.79998779296875,134567756
NatWest,0,NWG.L,2024-06-24,319.5,322.5,314.29998779296875,315.70001220703125,36754186
NatWest,0,NWG.L,2024-06-25,315.70001220703125,317.6000061035156,307.6830139160156,310,17518500
NatWest,0,NWG.L,2024-06-26,312.79998779296875,314.1199951171875,308.20001220703125,311,51836672
NatWest,0,NWG.L,2024-06-27,312.79998779296875,314.79998779296875,309.1000061035156,313.29998779296875,16878576
NatWest,0,NWG.L,2024-06-28,317,320.8999938964844,311,311.79998779296875,21949705
NatWest,0,NWG.L,2024-07-01,314.8999938964844,325,309.8999938964844,315,15535781
NatWest,0,NWG.L,2024-07-02,314.5,319.2200012207031,313,317.1000061035156,21767927
NatWest,0,NWG.L,2024-07-03,319.79998779296875,322,318.5,321.5,16793041
NatWest,0,NWG.L,2024-07-04,323.29998779296875,327,319.5,325.79998779296875,11649920
NatWest,0,NWG.L,2024-07-05,326.8999938964844,328.5,323.79998779296875,324.79998779296875,20949543
NatWest,0,NWG.L,2024-07-08,324.6000061035156,332.70001220703125,322.3999938964844,329.3999938964844,40669283
NatWest,0,NWG.L,2024-07-09,329.3999938964844,331.20001220703125,321.3999938964844,322.6000061035156,16608144
NatWest,0,NWG.L,2024-07-10,323.29998779296875,325.1000061035156,320.6000061035156,322.70001220703125,29355218
NatWest,0,NWG.L,2024-07-11,324.1000061035156,326.8999938964844,320.70001220703125,326.79998779296875,14208445
NatWest,0,NWG.L,2024-07-12,327.8999938964844,329.79998779296875,323.5,323.6000061035156,16413881
NatWest,0,NWG.L,2024-07-15,319.79998779296875,325.6000061035156,317.6000061035156,322.79998779296875,10469729
NatWest,0,NWG.L,2024-07-16,321.70001220703125,326.79998779296875,319.70001220703125,326.70001220703125,11785154
NatWest,0,NWG.L,2024-07-17,327.70001220703125,331,325.6000061035156,328.3999938964844,13007298
NatWest,0,NWG.L,2024-07-18,330.70001220703125,337.20001220703125,330.6000061035156,336.29998779296875,16364928
NatWest,0,NWG.L,2024-07-19,332.20001220703125,338.1300048828125,326.3999938964844,335.5,10549199
NatWest,0,NWG.L,2024-07-22,337.20001220703125,338.79998779296875,335.29998779296875,338.6000061035156,21384421
NatWest,0,NWG.L,2024-07-23,339.79998779296875,340.6000061035156,336.79998779296875,340,15843945
NatWest,0,NWG.L,2024-07-24,337.1000061035156,339.79998779296875,333.82000732421875,337.5,16892731
NatWest,0,NWG.L,2024-07-25,326.3999938964844,339.8999938964844,325.3280029296875,338.1000061035156,19097345
NatWest,0,NWG.L,2024-07-26,363.5,368.8999938964844,356.1000061035156,361.8999938964844,40561517
NatWest,0,NWG.L,2024-07-29,365.29998779296875,372.70001220703125,363.7300109863281,371.3999938964844,22055006
NatWest,0,NWG.L,2024-07-30,370.1000061035156,372.5799865722656,365.5,366.70001220703125,25333597
NatWest,0,NWG.L,2024-07-31,368.5,369.3999938964844,365.25,368.1000061035156,13922240
NatWest,0,NWG.L,2024-08-01,368.1000061035156,368.20001220703125,332.29998779296875,338.3999938964844,45969739
NatWest,0,NWG.L,2024-08-02,335,338.20001220703125,321.70001220703125,325.6000061035156,53811812
NatWest,0,NWG.L,2024-08-05,315.3999938964844,322.3999938964844,309,322.3999938964844,23213543
NatWest,0,NWG.L,2024-08-06,326.79998779296875,328.8999938964844,320.29998779296875,323,58960490
NatWest,0,NWG.L,2024-08-07,330,336.1000061035156,328.7900085449219,334.6000061035156,16834986
NatWest,0,NWG.L,2024-08-08,325,331.70001220703125,321.3999938964844,328.3999938964844,23765705
NatWest,0,NWG.L,2024-08-09,329.3999938964844,336,328.70001220703125,333,34761287
NatWest,0,NWG.L,2024-08-12,335.5,337.6000061035156,333.70001220703125,334.6000061035156,85544518
NatWest,0,NWG.L,2024-08-13,334.8999938964844,337.70001220703125,334.3999938964844,337.20001220703125,12348113
NatWest,0,NWG.L,2024-08-14,341.5,342.1000061035156,335.79998779296875,340.29998779296875,25612731
NatWest,0,NWG.L,2024-08-15,341.8999938964844,347.70001220703125,338.8999938964844,345.8999938964844,27857937
NatWest,0,NWG.L,2024-08-16,345.8999938964844,350,344.5,348.70001220703125,16245376
NatWest,0,NWG.L,2024-08-19,348.6000061035156,352.3999938964844,347.1000061035156,352,9726106
NatWest,0,NWG.L,2024-08-20,351.1000061035156,353.1000061035156,345.8999938964844,347.29998779296875,12199558
NatWest,0,NWG.L,2024-08-21,348.70001220703125,349.3999938964844,344.3999938964844,346.5,9476703
NatWest,0,NWG.L,2024-08-22,346.3999938964844,347.1000061035156,342.79998779296875,344.8999938964844,24224188
NatWest,0,NWG.L,2024-08-23,344.79998779296875,346.5,342.3999938964844,345.70001220703125,14291083
NatWest,0,NWG.L,2024-08-27,345.8999938964844,349.8999938964844,344.79998779296875,349.3999938964844,27181486
NatWest,0,NWG.L,2024-08-28,351.6000061035156,353.70001220703125,333.5,338,15722656
NatWest,0,NWG.L,2024-08-29,337.29998779296875,343,336,343,13071088
NatWest,0,NWG.L,2024-08-30,343.70001220703125,346.79998779296875,343.20001220703125,345.20001220703125,31770352
NatWest,0,NWG.L,2024-09-02,345.5,347.8999938964844,341.29998779296875,342.8999938964844,6834940
NatWest,0,NWG.L,2024-09-03,342.70001220703125,344.70001220703125,331.79998779296875,333.70001220703125,22796410
NatWest,0,NWG.L,2024-09-04,327,337.5400085449219,326.20001220703125,335.6000061035156,18814995
NatWest,0,NWG.L,2024-09-05,335,342.8999938964844,334.29998779296875,339.20001220703125,9880489
NatWest,0,NWG.L,2024-09-06,336.6000061035156,339.29998779296875,327.70001220703125,328.3999938964844,12747441
NatWest,0,NWG.L,2024-09-09,329.8999938964844,334.79998779296875,329.5,333.79998779296875,33381808
NatWest,0,NWG.L,2024-09-10,332.8999938964844,336.3999938964844,325.70001220703125,325.79998779296875,32489118
NatWest,0,NWG.L,2024-09-11,329.20001220703125,332.70001220703125,326.8999938964844,330.6000061035156,18287068
NatWest,0,NWG.L,2024-09-12,335.5,335.6499938964844,328,332.1000061035156,26329006
NatWest,0,NWG.L,2024-09-13,331.6000061035156,336.20001220703125,330.3999938964844,336,13759153
NatWest,0,NWG.L,2024-09-16,334.3999938964844,336.79998779296875,333.6000061035156,336.6000061035156,10335613
NatWest,0,NWG.L,2024-09-17,338.5,342,337.6000061035156,341.20001220703125,15517806
NatWest,0,NWG.L,2024-09-18,339.6000061035156,340.6000061035156,334.5,335,14579204
NatWest,0,NWG.L,2024-09-19,339.1000061035156,342.20001220703125,337.20001220703125,341.3999938964844,19222000
NatWest,0,NWG.L,2024-09-20,340.6000061035156,341.6000061035156,337.29998779296875,337.70001220703125,78039263
NatWest,0,NWG.L,2024-09-23,338,339.20001220703125,334.20001220703125,336.1000061035156,10988911
NatWest,0,NWG.L,2024-09-24,337.79998779296875,344.1000061035156,337.20001220703125,341.29998779296875,51643533
NatWest,0,NWG.L,2024-09-25,339.29998779296875,348.2300109863281,337.8999938964844,338,26399600
NatWest,0,NWG.L,2024-09-26,343.1000061035156,347.3999938964844,342.7699890136719,346.29998779296875,12833869
NatWest,0,NWG.L,2024-09-27,344.20001220703125,346.6000061035156,341.20001220703125,346.3999938964844,24192441
NatWest,0,NWG.L,2024-09-30,345.70001220703125,346.6000061035156,341.8999938964844,343.8999938964844,15458618
Prudential,1,PUK,2024-01-02,21.739999771118164,21.850000381469727,21.6200008392334,21.65999984741211,771300
Prudential,1,PUK,2024-01-03,21.049999237060547,21.3799991607666,21.010000228881836,21.290000915527344,895200
Prudential,1,PUK,2024-01-04,21.280000686645508,21.40999984741211,21.209999084472656,21.229999542236328,679600
Prudential,1,PUK,2024-01-05,21.079999923706055,21.34000015258789,21.030000686645508,21.09000015258789,1276400
Prudential,1,PUK,2024-01-08,21.479999542236328,21.809999465942383,21.450000762939453,21.790000915527344,1100800
Prudential,1,PUK,2024-01-09,21.56999969482422,21.690000534057617,21.489999771118164,21.56999969482422,554700
Prudential,1,PUK,2024-01-10,21.549999237060547,21.649999618530273,21.459999084472656,21.6299991607666,455600
Prudential,1,PUK,2024-01-11,21.610000610351562,21.649999618530273,21.1299991607666,21.329999923706055,823400
Prudential,1,PUK,2024-01-12,21.389999389648438,21.510000228881836,21.149999618530273,21.200000762939453,653900
Prudential,1,PUK,2024-01-16,20.579999923706055,20.6299991607666,20.389999389648438,20.520000457763672,942400
Prudential,1,PUK,2024-01-17,19.90999984741211,19.950000762939453,19.68000030517578,19.799999237060547,1010000
Prudential,1,PUK,2024-01-18,20.06999969482422,20.260000228881836,19.950000762939453,20.229999542236328,1477500
Prudential,1,PUK,2024-01-19,20.1299991607666,20.489999771118164,20.059999465942383,20.469999313354492,852600
Prudential,1,PUK,2024-01-22,20.3700008392334,20.56999969482422,20.34000015258789,20.450000762939453,876700
Prudential,1,PUK,2024-01-23,20.8700008392334,21.06999969482422,20.84000015258789,21.06999969482422,679600
Prudential,1,PUK,2024-01-24,21.450000762939453,21.600000381469727,21.309999465942383,21.309999465942383,801000
Prudential,1,PUK,2024-01-25,21.469999313354492,21.579999923706055,21.290000915527344,21.56999969482422,1271700
Prudential,1,PUK,2024-01-26,21.979999542236328,22.06999969482422,21.799999237060547,21.8700008392334,1460300
Prudential,1,PUK,2024-01-29,21.440000534057617,21.469999313354492,21.1299991607666,21.450000762939453,652400
Prudential,1,PUK,2024-01-30,21.110000610351562,21.309999465942383,21.040000915527344,21.239999771118164,677600
Prudential,1,PUK,2024-01-31,21.1200008392334,21.1299991607666,20.670000076293945,20.68000030517578,697700
Prudential,1,PUK,2024-02-01,20.90999984741211,20.93000030517578,20.5,20.889999389648438,630900
Prudential,1,PUK,2024-02-02,20.84000015258789,20.899999618530273,20.559999465942383,20.739999771118164,502900
Prudential,1,PUK,2024-02-05,20.6200008392334,20.739999771118164,20.43000030517578,20.670000076293945,534500
Prudential,1,PUK,2024-02-06,21.229999542236328,21.600000381469727,21.18000030517578,21.549999237060547,683200
Prudential,1,PUK,2024-02-07,21.209999084472656,21.350000381469727,21,21.350000381469727,1038900
Prudential,1,PUK,2024-02-08,20.889999389648438,21.100000381469727,20.81999969482422,21,1149200
Prudential,1,PUK,2024-02-09,20.639999389648438,20.690000534057617,20.389999389648438,20.540000915527344,592500
Prudential,1,PUK,2024-02-12,20.540000915527344,20.93000030517578,20.540000915527344,20.850000381469727,949600
Prudential,1,PUK,2024-02-13,20.399999618530273,20.450000762939453,19.860000610351562,20.020000457763672,827400
Prudential,1,PUK,2024-02-14,20.139999389648438,20.290000915527344,20.079999923706055,20.280000686645508,749800
Prudential,1,PUK,2024-02-15,20.479999542236328,20.799999237060547,20.479999542236328,20.760000228881836,589300
Prudential,1,PUK,2024-02-16,21.31999969482422,21.420000076293945,21.209999084472656,21.260000228881836,632800
Prudential,1,PUK,2024-02-20,20.860000610351562,21.020000457763672,20.84000015258789,20.950000762939453,719700
Prudential,1,PUK,2024-02-21,21.110000610351562,21.239999771118164,21.040000915527344,21.229999542236328,695800
Prudential,1,PUK,2024-02-22,21.1200008392334,21.329999923706055,21.030000686645508,21.260000228881836,600000
Prudential,1,PUK,2024-02-23,20.93000030517578,21.229999542236328,20.899999618530273,21.15999984741211,649300
Prudential,1,PUK,2024-02-26,21.09000015258789,21.1200008392334,20.8799991607666,20.93000030517578,564000
Prudential,1,PUK,2024-02-27,20.829999923706055,20.8799991607666,20.719999313354492,20.790000915527344,825000
Prudential,1,PUK,2024-02-28,20.389999389648438,20.459999084472656,20.200000762939453,20.209999084472656,558400
Prudential,1,PUK,2024-02-29,20.309999465942383,20.350000381469727,19.93000030517578,20.110000610351562,708800
Prudential,1,PUK,2024-03-01,19.8799991607666,20.190000534057617,19.799999237060547,20.1200008392334,681900
Prudential,1,PUK,2024-03-04,19.81999969482422,19.969999313354492,19.670000076293945,19.8799991607666,548600
Prudential,1,PUK,2024-03-05,19.469999313354492,19.6200008392334,19.420000076293945,19.479999542236328,703400
Prudential,1,PUK,2024-03-06,19.809999465942383,19.829999923706055,19.6299991607666,19.670000076293945,697700
Prudential,1,PUK,2024-03-07,20.219999313354492,20.420000076293945,20.110000610351562,20.34000015258789,546400
Prudential,1,PUK,2024-03-08,20.530000686645508,20.59000015258789,20.25,20.309999465942383,428500
Prudential,1,PUK,2024-03-11,20.18000030517578,20.540000915527344,20.18000030517578,20.530000686645508,464700
Prudential,1,PUK,2024-03-12,21.260000228881836,21.270000457763672,20.90999984741211,20.979999542236328,655800
Prudential,1,PUK,2024-03-13,20.90999984741211,21.049999237060547,20.8700008392334,20.989999771118164,447800
Prudential,1,PUK,2024-03-14,20.84000015258789,20.8799991607666,20.389999389648438,20.489999771118164,1391400
Prudential,1,PUK,2024-03-15,20.530000686645508,20.6200008392334,20.360000610351562,20.510000228881836,751500
Prudential,1,PUK,2024-03-18,20.229999542236328,20.25,20.09000015258789,20.100000381469727,567000
Prudential,1,PUK,2024-03-19,19.90999984741211,20.09000015258789,19.889999389648438,20.020000457763672,620500
Prudential,1,PUK,2024-03-20,18.719999313354492,19.329999923706055,18.600000381469727,19.25,1636000
Prudential,1,PUK,2024-03-21,19.459999084472656,19.68000030517578,19.3799991607666,19.40999984741211,983600
Prudential,1,PUK,2024-03-22,19.59000015258789,19.860000610351562,19.59000015258789,19.860000610351562,994000
Prudential,1,PUK,2024-03-25,19.649999618530273,19.809999465942383,19.639999389648438,19.639999389648438,729100
Prudential,1,PUK,2024-03-26,19.3700008392334,19.459999084472656,19.190000534057617,19.209999084472656,1095500
Prudential,1,PUK,2024-03-27,19.09000015258789,19.329999923706055,19.030000686645508,19.299999237060547,1518300
Prudential,1,PUK,2024-03-28,19.3700008392334,19.450000762939453,19.079999923706055,19.270000457763672,2328700
Prudential,1,PUK,2024-04-01,19.239999771118164,19.239999771118164,18.93000030517578,18.989999771118164,1280400
Prudential,1,PUK,2024-04-02,18.75,18.790000915527344,18.520000457763672,18.59000015258789,2243600
Prudential,1,PUK,2024-04-03,18.260000228881836,18.479999542236328,18.1200008392334,18.399999618530273,852100
Prudential,1,PUK,2024-04-04,18.670000076293945,18.729999542236328,18.170000076293945,18.18000030517578,1067700
Prudential,1,PUK,2024-04-05,18.190000534057617,18.350000381469727,18.1299991607666,18.260000228881836,924600
Prudential,1,PUK,2024-04-08,18.270000457763672,18.43000030517578,18.239999771118164,18.329999923706055,974300
Prudential,1,PUK,2024-04-09,18.600000381469727,18.649999618530273,18.360000610351562,18.459999084472656,735700
Prudential,1,PUK,2024-04-10,18.149999618530273,18.18000030517578,17.81999969482422,17.959999084472656,720600
Prudential,1,PUK,2024-04-11,18.139999389648438,18.18000030517578,17.90999984741211,18.059999465942383,948500
Prudential,1,PUK,2024-04-12,17.639999389648438,17.780000686645508,17.510000228881836,17.520000457763672,1365900
Prudential,1,PUK,2024-04-15,18.010000228881836,18.010000228881836,17.549999237060547,17.670000076293945,1615200
Prudential,1,PUK,2024-04-16,17.219999313354492,17.360000610351562,17.1200008392334,17.260000228881836,1369600
Prudential,1,PUK,2024-04-17,17.6200008392334,17.719999313354492,17.31999969482422,17.639999389648438,1537200
Prudential,1,PUK,2024-04-18,17.84000015258789,18.209999084472656,17.780000686645508,18.049999237060547,911900
Prudential,1,PUK,2024-04-19,18,18.170000076293945,18,18.1299991607666,1007500
Prudential,1,PUK,2024-04-22,18.399999618530273,18.579999923706055,18.270000457763672,18.450000762939453,965000
Prudential,1,PUK,2024-04-23,18.56999969482422,18.829999923706055,18.540000915527344,18.700000762939453,765100
Prudential,1,PUK,2024-04-24,18.65999984741211,18.670000076293945,18.40999984741211,18.639999389648438,633700
Prudential,1,PUK,2024-04-25,18.190000534057617,18.260000228881836,17.969999313354492,18.149999618530273,1162500
Prudential,1,PUK,2024-04-26,18.280000686645508,18.360000610351562,18.209999084472656,18.309999465942383,964800
Prudential,1,PUK,2024-04-29,18.639999389648438,18.889999389648438,18.540000915527344,18.799999237060547,1477900
Prudential,1,PUK,2024-04-30,17.780000686645508,17.8700008392334,17.520000457763672,17.559999465942383,1365500
Prudential,1,PUK,2024-05-01,17.700000762939453,18.110000610351562,17.700000762939453,17.790000915527344,851000
Prudential,1,PUK,2024-05-02,18.299999237060547,18.59000015258789,18.110000610351562,18.579999923706055,912300
Prudential,1,PUK,2024-05-03,18.979999542236328,19.110000610351562,18.8700008392334,19,1114500
Prudential,1,PUK,2024-05-06,19.149999618530273,19.420000076293945,19.100000381469727,19.299999237060547,604200
Prudential,1,PUK,2024-05-07,19.350000381469727,19.360000610351562,19.110000610351562,19.1200008392334,752100
Prudential,1,PUK,2024-05-08,19.3799991607666,19.610000610351562,19.350000381469727,19.540000915527344,746400
Prudential,1,PUK,2024-05-09,19.75,20,19.719999313354492,19.8700008392334,844400
Prudential,1,PUK,2024-05-10,20.139999389648438,20.190000534057617,20,20.139999389648438,880400
Prudential,1,PUK,2024-05-13,19.959999084472656,20.149999618530273,19.8799991607666,19.90999984741211,672700
Prudential,1,PUK,2024-05-14,20.06999969482422,20.139999389648438,19.969999313354492,20.1299991607666,435400
Prudential,1,PUK,2024-05-15,20.479999542236328,20.540000915527344,20.360000610351562,20.530000686645508,392500
Prudential,1,PUK,2024-05-16,20.8700008392334,21.100000381469727,20.850000381469727,20.979999542236328,595900
Prudential,1,PUK,2024-05-17,20.770000457763672,21,20.739999771118164,20.979999542236328,599800
Prudential,1,PUK,2024-05-20,20.6200008392334,20.709999084472656,20.440000534057617,20.459999084472656,567700
Prudential,1,PUK,2024-05-21,20.239999771118164,20.5,20.239999771118164,20.479999542236328,737300
Prudential,1,PUK,2024-05-22,20.139999389648438,20.229999542236328,19.889999389648438,20,649300
Prudential,1,PUK,2024-05-23,19.889999389648438,19.899999618530273,19.420000076293945,19.530000686645508,598400
Prudential,1,PUK,2024-05-24,19.56999969482422,19.729999542236328,19.530000686645508,19.649999618530273,485200
Prudential,1,PUK,2024-05-28,19.760000228881836,19.790000915527344,19.530000686645508,19.579999923706055,514500
Prudential,1,PUK,2024-05-29,19.15999984741211,19.270000457763672,19.079999923706055,19.229999542236328,643700
Prudential,1,PUK,2024-05-30,19.190000534057617,19.350000381469727,19.15999984741211,19.219999313354492,740900
Prudential,1,PUK,2024-05-31,19.40999984741211,19.43000030517578,19.049999237060547,19.299999237060547,1136200
Prudential,1,PUK,2024-06-03,19.59000015258789,19.68000030517578,19.3799991607666,19.6200008392334,787400
Prudential,1,PUK,2024-06-04,19.329999923706055,19.450000762939453,19.25,19.3700008392334,593700
Prudential,1,PUK,2024-06-05,19.43000030517578,19.440000534057617,19.25,19.440000534057617,374100
Prudential,1,PUK,2024-06-06,19.600000381469727,19.719999313354492,19.559999465942383,19.65999984741211,377300
Prudential,1,PUK,2024-06-07,19.030000686645508,19.059999465942383,18.579999923706055,18.579999923706055,869400
Prudential,1,PUK,2024-06-10,18.520000457763672,18.56999969482422,18.450000762939453,18.549999237060547,697700
Prudential,1,PUK,2024-06-11,18.270000457763672,18.299999237060547,18.079999923706055,18.149999618530273,592600
Prudential,1,PUK,2024-06-12,18.75,18.799999237060547,18.469999313354492,18.549999237060547,595200
Prudential,1,PUK,2024-06-13,18.350000381469727,18.3799991607666,18.110000610351562,18.190000534057617,573100
Prudential,1,PUK,2024-06-14,17.8799991607666,17.969999313354492,17.770000457763672,17.93000030517578,487200
Prudential,1,PUK,2024-06-17,17.829999923706055,18.06999969482422,17.75,18.020000457763672,721300
Prudential,1,PUK,2024-06-18,18.010000228881836,18.079999923706055,17.799999237060547,17.889999389648438,1265200
Prudential,1,PUK,2024-06-20,17.989999771118164,18.18000030517578,17.950000762939453,18.1200008392334,600100
Prudential,1,PUK,2024-06-21,17.81999969482422,18.06999969482422,17.770000457763672,18.010000228881836,632300
Prudential,1,PUK,2024-06-24,19.270000457763672,19.479999542236328,19.209999084472656,19.3700008392334,1198100
Prudential,1,PUK,2024-06-25,19.040000915527344,19.1200008392334,18.889999389648438,19.06999969482422,1057400
Prudential,1,PUK,2024-06-26,19,19.100000381469727,18.93000030517578,19.020000457763672,690100
Prudential,1,PUK,2024-06-27,18.760000228881836,18.760000228881836,18.3799991607666,18.459999084472656,653500
Prudential,1,PUK,2024-06-28,18.360000610351562,18.440000534057617,18.209999084472656,18.31999969482422,777100
Prudential,1,PUK,2024-07-01,18.459999084472656,18.549999237060547,18.149999618530273,18.229999542236328,788400
Prudential,1,PUK,2024-07-02,18.06999969482422,18.229999542236328,18.049999237060547,18.209999084472656,852000
Prudential,1,PUK,2024-07-03,18.540000915527344,18.780000686645508,18.510000228881836,18.690000534057617,399700
Prudential,1,PUK,2024-07-05,18.3799991607666,18.40999984741211,18.09000015258789,18.360000610351562,642000
Prudential,1,PUK,2024-07-08,18.739999771118164,18.780000686645508,18.489999771118164,18.540000915527344,694400
Prudential,1,PUK,2024-07-09,18.469999313354492,18.600000381469727,18.43000030517578,18.489999771118164,466000
Prudential,1,PUK,2024-07-10,19.010000228881836,19.139999389648438,18.8700008392334,19.1299991607666,471500
Prudential,1,PUK,2024-07-11,19.190000534057617,19.3700008392334,19.190000534057617,19.329999923706055,676300
Prudential,1,PUK,2024-07-12,19.139999389648438,19.25,19.110000610351562,19.170000076293945,498500
Prudential,1,PUK,2024-07-15,18.790000915527344,18.860000610351562,18.6200008392334,18.65999984741211,573400
Prudential,1,PUK,2024-07-16,18.479999542236328,18.780000686645508,18.43000030517578,18.739999771118164,490400
Prudential,1,PUK,2024-07-17,18.790000915527344,18.959999084472656,18.729999542236328,18.790000915527344,478800
Prudential,1,PUK,2024-07-18,18.84000015258789,18.860000610351562,18.469999313354492,18.469999313354492,561200
Prudential,1,PUK,2024-07-19,18.239999771118164,18.420000076293945,18.15999984741211,18.299999237060547,1475500
Prudential,1,PUK,2024-07-22,18.489999771118164,18.520000457763672,18.280000686645508,18.459999084472656,737900
Prudential,1,PUK,2024-07-23,18.1299991607666,18.1299991607666,17.8799991607666,17.969999313354492,1037000
Prudential,1,PUK,2024-07-24,17.8700008392334,18.020000457763672,17.68000030517578,17.690000534057617,602700
Prudential,1,PUK,2024-07-25,17.65999984741211,17.93000030517578,17.639999389648438,17.700000762939453,590000
Prudential,1,PUK,2024-07-26,17.719999313354492,18.010000228881836,17.690000534057617,18.010000228881836,775100
Prudential,1,PUK,2024-07-29,18.190000534057617,18.239999771118164,18.040000915527344,18.110000610351562,1065100
Prudential,1,PUK,2024-07-30,18.059999465942383,18.059999465942383,17.600000381469727,17.709999084472656,708200
Prudential,1,PUK,2024-07-31,18.040000915527344,18.3700008392334,18.020000457763672,18.200000762939453,679800
Prudential,1,PUK,2024-08-01,17.829999923706055,17.850000381469727,16.93000030517578,17.010000228881836,1265500
Prudential,1,PUK,2024-08-02,16.75,16.799999237060547,16.56999969482422,16.760000228881836,1153900
Prudential,1,PUK,2024-08-05,16.510000228881836,16.600000381469727,16.270000457763672,16.34000015258789,1677400
Prudential,1,PUK,2024-08-06,16.09000015258789,16.270000457763672,16,16.079999923706055,1420900
Prudential,1,PUK,2024-08-07,16.559999465942383,16.639999389648438,16.079999923706055,16.09000015258789,1164600
Prudential,1,PUK,2024-08-08,16,16.239999771118164,15.960000038146973,16.219999313354492,1506800
Prudential,1,PUK,2024-08-09,16.190000534057617,16.290000915527344,16.06999969482422,16.25,1043000
Prudential,1,PUK,2024-08-12,16.31999969482422,16.3799991607666,16.190000534057617,16.229999542236328,930600
Prudential,1,PUK,2024-08-13,16.459999084472656,16.639999389648438,16.40999984741211,16.59000015258789,823600
Prudential,1,PUK,2024-08-14,16.56999969482422,16.6299991607666,16.40999984741211,16.56999969482422,492400
Prudential,1,PUK,2024-08-15,16.889999389648438,16.950000762939453,16.760000228881836,16.920000076293945,745500
Prudential,1,PUK,2024-08-16,16.959999084472656,17.1200008392334,16.959999084472656,17.020000457763672,526000
Prudential,1,PUK,2024-08-19,17.200000762939453,17.260000228881836,17.110000610351562,17.15999984741211,525500
Prudential,1,PUK,2024-08-20,17,17.030000686645508,16.899999618530273,16.940000534057617,558300
Prudential,1,PUK,2024-08-21,17.3700008392334,17.43000030517578,17.260000228881836,17.40999984741211,603600
Prudential,1,PUK,2024-08-22,17.530000686645508,17.559999465942383,17.360000610351562,17.420000076293945,608400
Prudential,1,PUK,2024-08-23,17.690000534057617,17.920000076293945,17.649999618530273,17.899999618530273,668500
Prudential,1,PUK,2024-08-26,18,18.010000228881836,17.850000381469727,17.889999389648438,529000
Prudential,1,PUK,2024-08-27,17.81999969482422,17.829999923706055,17.579999923706055,17.649999618530273,934700
Prudential,1,PUK,2024-08-28,17.420000076293945,17.56999969482422,17.149999618530273,17.420000076293945,709300
Prudential,1,PUK,2024-08-29,17.260000228881836,17.40999984741211,17.18000030517578,17.270000457763672,644800
Prudential,1,PUK,2024-08-30,17.360000610351562,17.389999389648438,17.09000015258789,17.270000457763672,911700
Prudential,1,PUK,2024-09-03,17,17.040000915527344,16.770000457763672,16.809999465942383,935300
Prudential,1,PUK,2024-09-04,16.690000534057617,16.8799991607666,16.6299991607666,16.690000534057617,1093700
Prudential,1,PUK,2024-09-05,17.040000915527344,17.06999969482422,16.860000610351562,16.979999542236328,915900
Prudential,1,PUK,2024-09-06,16.709999084472656,16.75,16.290000915527344,16.40999984741211,1554200
Prudential,1,PUK,2024-09-09,16.239999771118164,16.3799991607666,16.200000762939453,16.270000457763672,1531200
Prudential,1,PUK,2024-09-10,16.139999389648438,16.139999389648438,15.770000457763672,16.079999923706055,1659800
Prudential,1,PUK,2024-09-11,16.31999969482422,16.510000228881836,16.1299991607666,16.469999313354492,1328000
Prudential,1,PUK,2024-09-12,16.200000762939453,16.420000076293945,16.059999465942383,16.3700008392334,1165500
Prudential,1,PUK,2024-09-13,16.56999969482422,16.639999389648438,16.450000762939453,16.479999542236328,1632700
Prudential,1,PUK,2024-09-16,16.3799991607666,16.549999237060547,16.270000457763672,16.520000457763672,3261000
Prudential,1,PUK,2024-09-17,16.75,16.770000457763672,16.600000381469727,16.649999618530273,1882000
Prudential,1,PUK,2024-09-18,16.8700008392334,17.06999969482422,16.729999542236328,16.799999237060547,1076500
Prudential,1,PUK,2024-09-19,17.43000030517578,17.459999084472656,17.270000457763672,17.40999984741211,828500
Prudential,1,PUK,2024-09-20,16.959999084472656,16.959999084472656,16.719999313354492,16.799999237060547,911400
Prudential,1,PUK,2024-09-23,16.979999542236328,17.239999771118164,16.969999313354492,17.18000030517578,840800
Prudential,1,PUK,2024-09-24,18.06999969482422,18.200000762939453,17.489999771118164,17.600000381469727,4224800
Prudential,1,PUK,2024-09-25,17.420000076293945,17.450000762939453,16.969999313354492,16.989999771118164,3415000
Prudential,1,PUK,2024-09-26,18.360000610351562,18.469999313354492,18.170000076293945,18.329999923706055,4005500
Prudential,1,PUK,2024-09-27,18.8700008392334,18.940000534057617,18.5,18.559999465942383,2881400
Prudential,1,PUK,2024-09-30,18.739999771118164,18.760000228881836,18.469999313354492,18.540000915527344,2139400
Prudential,0,PRU.L,2024-01-02,886,886.4000244140625,853.4000244140625,856.2000122070312,4253194
Prudential,0,PRU.L,2024-01-03,853.4000244140625,858.2000122070312,827.760986328125,831,7051202
Prudential,0,PRU.L,2024-01-04,832,841.2000122070312,828.7999877929688,835.5999755859375,7320625
Prudential,0,PRU.L,2024-01-05,826.7999877929688,835.2000122070312,818.7009887695312,820.7999877929688,6503005
Prudential,0,PRU.L,2024-01-08,814,845.291015625,813.5999755859375,841.5999755859375,15070124
Prudential,0,PRU.L,2024-01-09,843.4000244140625,852,834.4000244140625,845.7999877929688,5149097
Prudential,0,PRU.L,2024-01-10,841.4000244140625,847.5999755859375,837.4000244140625,838.7999877929688,3861154
Prudential,0,PRU.L,2024-01-11,846,852.5999755859375,824,824,10337362
Prudential,0,PRU.L,2024-01-12,830.7999877929688,839.2000122070312,822.5999755859375,823.2000122070312,5253217
Prudential,0,PRU.L,2024-01-15,808.4000244140625,828.2000122070312,807.698974609375,815.7999877929688,7909585
Prudential,0,PRU.L,2024-01-16,808.7999877929688,821,799.7999877929688,805.2000122070312,6661367
Prudential,0,PRU.L,2024-01-17,773.5999755859375,786.4000244140625,767.7999877929688,773.4000244140625,7219254
Prudential,0,PRU.L,2024-01-18,771,790,770,787,15131995
Prudential,0,PRU.L,2024-01-19,794.5999755859375,798.2000122070312,784,788,13807469
Prudential,0,PRU.L,2024-01-22,794,805.7999877929688,787.5999755859375,796.4000244140625,4799604
Prudential,0,PRU.L,2024-01-23,809.5999755859375,818.4000244140625,806.7999877929688,816,20301811
Prudential,0,PRU.L,2024-01-24,827,839.5999755859375,820.9990234375,833.5999755859375,11774337
Prudential,0,PRU.L,2024-01-25,831.2000122070312,837.5999755859375,827.4000244140625,834.2000122070312,5081099
Prudential,0,PRU.L,2024-01-26,840,859.5999755859375,839.4000244140625,858.2000122070312,7155394
Prudential,0,PRU.L,2024-01-29,854,855.302001953125,831.4000244140625,831.4000244140625,3934829
Prudential,0,PRU.L,2024-01-30,834.5999755859375,841.5999755859375,824.7999877929688,833.5999755859375,6936914
Prudential,0,PRU.L,2024-01-31,833,834.7999877929688,818.4000244140625,818.4000244140625,6783375
Prudential,0,PRU.L,2024-02-01,806,825.5999755859375,803,806.2000122070312,18197112
Prudential,0,PRU.L,2024-02-02,812,821.7999877929688,810,814.2000122070312,7610986
Prudential,0,PRU.L,2024-02-05,807.5999755859375,823.5999755859375,807.5999755859375,817.7999877929688,3481979
Prudential,0,PRU.L,2024-02-06,828.4000244140625,849.2000122070312,828.4000244140625,849.2000122070312,8042787
Prudential,0,PRU.L,2024-02-07,847.4000244140625,852.2000122070312,828.5999755859375,830.2000122070312,5619726
Prudential,0,PRU.L,2024-02-08,834.4000244140625,838.4000244140625,818.2000122070312,818.2000122070312,5130433
Prudential,0,PRU.L,2024-02-09,813.7999877929688,818.2000122070312,798,798,3803882
Prudential,0,PRU.L,2024-02-12,799,814,794.3099975585938,812.4000244140625,8624857
Prudential,0,PRU.L,2024-02-13,810.2000122070312,811.5999755859375,787.5,790.7999877929688,6077243
Prudential,0,PRU.L,2024-02-14,791.7999877929688,797,785.7999877929688,790.4000244140625,4757220
Prudential,0,PRU.L,2024-02-15,798,811.2000122070312,797.4000244140625,807.5999755859375,3917634
Prudential,0,PRU.L,2024-02-16,825.2000122070312,844.1010131835938,815.7999877929688,834.4000244140625,5300533
Prudential,0,PRU.L,2024-02-19,827.2000122070312,829.5999755859375,818.2000122070312,821.2000122070312,5240697
Prudential,0,PRU.L,2024-02-20,816.7999877929688,821.7999877929688,810.7999877929688,815,5916002
Prudential,0,PRU.L,2024-02-21,816,834.4000244140625,816,821.7999877929688,6832065
Prudential,0,PRU.L,2024-02-22,827,835.2999877929688,818.4000244140625,822.5999755859375,7550847
Prudential,0,PRU.L,2024-02-23,824.7999877929688,826.7999877929688,809.4000244140625,819.5999755859375,8892062
Prudential,0,PRU.L,2024-02-26,814,820.7999877929688,813.4000244140625,814.5999755859375,29046944
Prudential,0,PRU.L,2024-02-27,815,819.5999755859375,805.8179931640625,808,12937010
Prudential,0,PRU.L,2024-02-28,805.7999877929688,810,782.7999877929688,790.7999877929688,8411542
Prudential,0,PRU.L,2024-02-29,791.7999877929688,793.2000122070312,777.5689697265625,777.5999755859375,13488404
Prudential,0,PRU.L,2024-03-01,787.2000122070312,790.2000122070312,772.2000122070312,782.4000244140625,9691420
Prudential,0,PRU.L,2024-03-04,779.2000122070312,779.2000122070312,763.4000244140625,772.7999877929688,4841537
Prudential,0,PRU.L,2024-03-05,764,766.7999877929688,753.4000244140625,757.2000122070312,6646349
Prudential,0,PRU.L,2024-03-06,756.4000244140625,775,753.9000244140625,759.2000122070312,11420628
Prudential,0,PRU.L,2024-03-07,753.7999877929688,784.5999755859375,753.7999877929688,781.2000122070312,7651150
Prudential,0,PRU.L,2024-03-08,780,791.5999755859375,776.5999755859375,779,3385264
Prudential,0,PRU.L,2024-03-11,769.2000122070312,790,767.5859985351562,788.2000122070312,8241397
Prudential,0,PRU.L,2024-03-12,802.5999755859375,823.2000122070312,800.7999877929688,812.4000244140625,9586278
Prudential,0,PRU.L,2024-03-13,808.2000122070312,814.2000122070312,804.5,807.4000244140625,6885640
Prudential,0,PRU.L,2024-03-14,798.2000122070312,814.7999877929688,783.7999877929688,798.7999877929688,12582593
Prudential,0,PRU.L,2024-03-15,797.4000244140625,808.7999877929688,795,796,15926960
Prudential,0,PRU.L,2024-03-18,794.2000122070312,795.5999755859375,783.2000122070312,788.2000122070312,7434262
Prudential,0,PRU.L,2024-03-19,780.5999755859375,784.7999877929688,773.4000244140625,780.5999755859375,14183091
Prudential,0,PRU.L,2024-03-20,802,810.2000122070312,718.801025390625,745.2000122070312,23800084
Prudential,0,PRU.L,2024-03-21,764.2000122070312,769.2000122070312,751.1400146484375,759,23474009
Prudential,0,PRU.L,2024-03-22,750.4000244140625,779.9600219726562,748,778.4000244140625,15012598
Prudential,0,PRU.L,2024-03-25,771.4000244140625,779,768.2999877929688,774.4000244140625,6699968
Prudential,0,PRU.L,2024-03-26,772,774.2000122070312,757,761.2000122070312,37135959
Prudential,0,PRU.L,2024-03-27,751.7999877929688,764,747.7999877929688,755.7999877929688,41756563
Prudential,0,PRU.L,2024-03-28,752,759.7999877929688,739.7999877929688,743,8773352
Prudential,0,PRU.L,2024-04-02,739.5999755859375,755,736.7999877929688,740,13297954
Prudential,0,PRU.L,2024-04-03,734.4000244140625,738,715.7100219726562,720.4000244140625,37214951
Prudential,0,PRU.L,2024-04-04,724.5999755859375,735.6430053710938,720.7999877929688,728,14960066
Prudential,0,PRU.L,2024-04-05,718.7999877929688,722.594970703125,712.7999877929688,717.5999755859375,13706708
Prudential,0,PRU.L,2024-04-08,711,722.7670288085938,710.9979858398438,720,25780720
Prudential,0,PRU.L,2024-04-09,720.7999877929688,732.2000122070312,718.7999877929688,720.4000244140625,8449765
Prudential,0,PRU.L,2024-04-10,727,731.8200073242188,707.7999877929688,712,27888090
Prudential,0,PRU.L,2024-04-11,710.7999877929688,720.4000244140625,708.4000244140625,716.5999755859375,8593196
Prudential,0,PRU.L,2024-04-12,706.7999877929688,717.4000244140625,700.2000122070312,706.4000244140625,10397448
Prudential,0,PRU.L,2024-04-15,707.7999877929688,719,707.7550048828125,709.5999755859375,6135954
Prudential,0,PRU.L,2024-04-16,692,701.8090209960938,684.72998046875,687.4000244140625,8269369
Prudential,0,PRU.L,2024-04-17,689.7999877929688,706.4000244140625,689,692.2000122070312,8599886
Prudential,0,PRU.L,2024-04-18,704,723.2000122070312,695.7999877929688,722.7999877929688,25550718
Prudential,0,PRU.L,2024-04-19,715.5999755859375,725.5999755859375,712.7999877929688,722,27445825
Prudential,0,PRU.L,2024-04-22,740,748,732.2000122070312,735.4000244140625,12228116
Prudential,0,PRU.L,2024-04-23,740,747.5999755859375,726,742.5999755859375,5739185
Prudential,0,PRU.L,2024-04-24,750.4000244140625,758.7999877929688,735.2000122070312,735.2000122070312,22623044
Prudential,0,PRU.L,2024-04-25,734.7999877929688,739.4000244140625,712.5999755859375,714,24397038
Prudential,0,PRU.L,2024-04-26,725,732.5,720.5999755859375,723.7999877929688,6500252
Prudential,0,PRU.L,2024-04-29,745,748.7999877929688,733.2000122070312,741.4000244140625,22985571
Prudential,0,PRU.L,2024-04-30,705,728.2000122070312,699.5999755859375,701,14236451
Prudential,0,PRU.L,2024-05-01,700.5999755859375,719.2000122070312,699,705,3957726
Prudential,0,PRU.L,2024-05-02,711.4000244140625,711.4000244140625,711.4000244140625,728.5999755859375,26246082
Prudential,0,PRU.L,2024-05-03,736,757.3989868164062,732.7999877929688,756.2000122070312,8786593
Prudential,0,PRU.L,2024-05-07,765.4000244140625,771.2000122070312,755.2000122070312,759.4000244140625,5961738
Prudential,0,PRU.L,2024-05-08,757.2000122070312,778,753.7999877929688,777,15723436
Prudential,0,PRU.L,2024-05-09,776.5999755859375,797.5999755859375,770.7999877929688,787.7999877929688,19506680
Prudential,0,PRU.L,2024-05-10,791.7999877929688,804,783,801.7999877929688,4863045
Prudential,0,PRU.L,2024-05-13,802,808.2000122070312,790.4000244140625,790.4000244140625,3634244
Prudential,0,PRU.L,2024-05-14,787.4000244140625,797.7999877929688,782.4000244140625,792.2000122070312,3727396
Prudential,0,PRU.L,2024-05-15,793.2000122070312,807,787.4000244140625,803.7999877929688,14473874
Prudential,0,PRU.L,2024-05-16,817,830,798.7999877929688,827.4000244140625,8014727
Prudential,0,PRU.L,2024-05-17,825.5999755859375,839,812.7999877929688,819.2000122070312,6044695
Prudential,0,PRU.L,2024-05-20,826,829.2000122070312,805.2000122070312,805.2000122070312,5115851
Prudential,0,PRU.L,2024-05-21,793,801.469970703125,784.4000244140625,797.5999755859375,6716385
Prudential,0,PRU.L,2024-05-22,790.2000122070312,802.4000244140625,782.2000122070312,782.5999755859375,12917482
Prudential,0,PRU.L,2024-05-23,783.7999877929688,790.7999877929688,766,768.7999877929688,5866335
Prudential,0,PRU.L,2024-05-24,754.2000122070312,773.5999755859375,749.7999877929688,765.7999877929688,4403045
Prudential,0,PRU.L,2024-05-28,770.2000122070312,775,761.2000122070312,765,9125005
Prudential,0,PRU.L,2024-05-29,757.7999877929688,769.5999755859375,747,748.5999755859375,14794584
Prudential,0,PRU.L,2024-05-30,745.5999755859375,753.7760009765625,741.4000244140625,750,4050319
Prudential,0,PRU.L,2024-05-31,747,756.7999877929688,743.551025390625,747,13246798
Prudential,0,PRU.L,2024-06-03,758.4000244140625,765.5999755859375,751.7639770507812,755.2000122070312,8632558
Prudential,0,PRU.L,2024-06-04,760,763,745.7000122070312,749.7999877929688,4190210
Prudential,0,PRU.L,2024-06-05,754.5999755859375,755.2000122070312,747.5999755859375,750.7999877929688,4791815
Prudential,0,PRU.L,2024-06-06,757.2000122070312,765.7999877929688,746.2000122070312,762.2000122070312,5177727
Prudential,0,PRU.L,2024-06-07,762,766.7999877929688,731.4000244140625,731.5999755859375,6726695
Prudential,0,PRU.L,2024-06-10,721.4000244140625,736,720.2000122070312,720.7999877929688,6192171
Prudential,0,PRU.L,2024-06-11,729,733.2000122070312,708.3200073242188,709.4000244140625,5266729
Prudential,0,PRU.L,2024-06-12,710.7999877929688,728.9000244140625,705,725.4000244140625,14235707
Prudential,0,PRU.L,2024-06-13,721.4000244140625,721.4000244140625,705.739990234375,707.5999755859375,5344696
Prudential,0,PRU.L,2024-06-14,707.7999877929688,710.4000244140625,697.2000122070312,700,6324769
Prudential,0,PRU.L,2024-06-17,702.2000122070312,704.7999877929688,694.5999755859375,697.2000122070312,9207264
Prudential,0,PRU.L,2024-06-18,706,710,698.4000244140625,700,5927711
Prudential,0,PRU.L,2024-06-19,702.4000244140625,709,697.5999755859375,700.5999755859375,3983207
Prudential,0,PRU.L,2024-06-20,700.5999755859375,714.0900268554688,700.5999755859375,712.4000244140625,5228521
Prudential,0,PRU.L,2024-06-21,707.2000122070312,716.7999877929688,698.2000122070312,707.2000122070312,14448369
Prudential,0,PRU.L,2024-06-24,745,761.2000122070312,737.2000122070312,759,14336063
Prudential,0,PRU.L,2024-06-25,755.4000244140625,767.2000122070312,741,744,5175039
Prudential,0,PRU.L,2024-06-26,754.2000122070312,755.5999755859375,740.5999755859375,746.5999755859375,7097013
Prudential,0,PRU.L,2024-06-27,747.2000122070312,751.5999755859375,722,722,5616657
Prudential,0,PRU.L,2024-06-28,723.4000244140625,731.2000122070312,717,718.4000244140625,5265542
Prudential,0,PRU.L,2024-07-01,725.2000122070312,730.5999755859375,713.2000122070312,714.2000122070312,3682760
Prudential,0,PRU.L,2024-07-02,711.4000244140625,717,703.7999877929688,705.2000122070312,6466608
Prudential,0,PRU.L,2024-07-03,715,724.4000244140625,705,720.4000244140625,5840347
Prudential,0,PRU.L,2024-07-04,725,729.2000122070312,716,718.5999755859375,3102248
Prudential,0,PRU.L,2024-07-05,721.4000244140625,726.2000122070312,699.7999877929688,707,5335590
Prudential,0,PRU.L,2024-07-08,701.2000122070312,723.7999877929688,701.2000122070312,717.2000122070312,7020637
Prudential,0,PRU.L,2024-07-09,712.7999877929688,721.7999877929688,702.5999755859375,715.2000122070312,5293015
Prudential,0,PRU.L,2024-07-10,721.4000244140625,735.6400146484375,710.7999877929688,735.2000122070312,5464130
Prudential,0,PRU.L,2024-07-11,741.7999877929688,746,730.5999755859375,739.7999877929688,3507773
Prudential,0,PRU.L,2024-07-12,746.4000244140625,751.2000122070312,727,732,4131514
Prudential,0,PRU.L,2024-07-15,724.2000122070312,736.4000244140625,713.4420166015625,715,5286174
Prudential,0,PRU.L,2024-07-16,708.5999755859375,719.4000244140625,702.4000244140625,709.5999755859375,4233685
Prudential,0,PRU.L,2024-07-17,706.5999755859375,721.0399780273438,705.4010009765625,716.7999877929688,3916896
Prudential,0,PRU.L,2024-07-18,723,727.2000122070312,712.2000122070312,717.2000122070312,3878257
Prudential,0,PRU.L,2024-07-19,703.5999755859375,721.2000122070312,691.7999877929688,701.4000244140625,10025340
Prudential,0,PRU.L,2024-07-22,710,850.6799926757812,701,701,3953981
Prudential,0,PRU.L,2024-07-23,702,704.2000122070312,687.4000244140625,687.4000244140625,12562822
Prudential,0,PRU.L,2024-07-24,678,689.2000122070312,670.7999877929688,684.5999755859375,24841974
Prudential,0,PRU.L,2024-07-25,672,683.2000122070312,668,680.2000122070312,11693830
Prudential,0,PRU.L,2024-07-26,679.2000122070312,688.5079956054688,678.7999877929688,685,5086265
Prudential,0,PRU.L,2024-07-29,699.2000122070312,705,693.7999877929688,696,15642180
Prudential,0,PRU.L,2024-07-30,693.5999755859375,697.7999877929688,679.2000122070312,682.2000122070312,6429828
Prudential,0,PRU.L,2024-07-31,690,700.2000122070312,690,699.2000122070312,5260850
Prudential,0,PRU.L,2024-08-01,695,698.5999755859375,666.2000122070312,667.2000122070312,14774352
Prudential,0,PRU.L,2024-08-02,655,663.1079711914062,641.2000122070312,645.4000244140625,28366545
Prudential,0,PRU.L,2024-08-05,623.7999877929688,645.7999877929688,613.5999755859375,637.5999755859375,16450320
Prudential,0,PRU.L,2024-08-06,644.4000244140625,647.0490112304688,628.7999877929688,628.7999877929688,29062303
Prudential,0,PRU.L,2024-08-07,638.5999755859375,651,632.7999877929688,643.7999877929688,7292221
Prudential,0,PRU.L,2024-08-08,632.4000244140625,649.4000244140625,615.5999755859375,634.2000122070312,7111107
Prudential,0,PRU.L,2024-08-09,635.5999755859375,642.2000122070312,629,632.7999877929688,3073716
Prudential,0,PRU.L,2024-08-12,636,643.4000244140625,633.3599853515625,635.4000244140625,5288824
Prudential,0,PRU.L,2024-08-13,636,645.2559814453125,632,640,4658089
Prudential,0,PRU.L,2024-08-14,643,646.385009765625,637.0679931640625,643.7999877929688,3010733
Prudential,0,PRU.L,2024-08-15,648,660.7999877929688,641.2000122070312,654.7999877929688,3296170
Prudential,0,PRU.L,2024-08-16,657,663.2310180664062,653.5999755859375,657.4000244140625,3940215
Prudential,0,PRU.L,2024-08-19,658.5999755859375,672.7999877929688,646.4000244140625,659.4000244140625,4073658
Prudential,0,PRU.L,2024-08-20,656.4000244140625,659.4000244140625,649.4000244140625,652.4000244140625,4237948
Prudential,0,PRU.L,2024-08-21,653,666.5999755859375,652.4019775390625,662.7999877929688,5158985
Prudential,0,PRU.L,2024-08-22,672.5999755859375,675,662.5999755859375,664.7999877929688,14039771
Prudential,0,PRU.L,2024-08-23,668.4000244140625,679.25,666.4000244140625,675.5999755859375,5253943
Prudential,0,PRU.L,2024-08-27,681.2000122070312,685.4000244140625,662.4000244140625,662.4000244140625,6624905
Prudential,0,PRU.L,2024-08-28,663.7999877929688,681,647.4000244140625,657.5999755859375,27275050
Prudential,0,PRU.L,2024-08-29,657,681.2000122070312,649.4000244140625,653.5999755859375,25513796
Prudential,0,PRU.L,2024-08-30,655.5999755859375,666,651.97998046875,652,5536998
Prudential,0,PRU.L,2024-09-02,650,652,640.9650268554688,651.4000244140625,2428609
Prudential,0,PRU.L,2024-09-03,649.7999877929688,651.7999877929688,640.4000244140625,645.5999755859375,9957688
Prudential,0,PRU.L,2024-09-04,632,638.7999877929688,628.5999755859375,633.5999755859375,4837891
Prudential,0,PRU.L,2024-09-05,625,642.4000244140625,622.5999755859375,633.4000244140625,5351517
Prudential,0,PRU.L,2024-09-06,634.2000122070312,636,617.5999755859375,620,5529574
Prudential,0,PRU.L,2024-09-09,622.7999877929688,623.7999877929688,613.5999755859375,613.5999755859375,9794864
Prudential,0,PRU.L,2024-09-10,612.7999877929688,617.0999755859375,601.4000244140625,601.4000244140625,25355903
Prudential,0,PRU.L,2024-09-11,611.5999755859375,619.9099731445312,608.4000244140625,613.2000122070312,6548467
Prudential,0,PRU.L,2024-09-12,625,625.7999877929688,608.9099731445312,616,19602168
Prudential,0,PRU.L,2024-09-13,618.7999877929688,627.7999877929688,615.7999877929688,624,6544040
Prudential,0,PRU.L,2024-09-16,619.5999755859375,620,611.4000244140625,615,6330444
Prudential,0,PRU.L,2024-09-17,621.2000122070312,632.4000244140625,621.2000122070312,630.2000122070312,8174669
Prudential,0,PRU.L,2024-09-18,631,635.7999877929688,622,632,8261451
Prudential,0,PRU.L,2024-09-19,642.7999877929688,658.0999755859375,641.5999755859375,650.5999755859375,9833856
Prudential,0,PRU.L,2024-09-20,646.5999755859375,651,626,627,12445752
Prudential,0,PRU.L,2024-09-23,629.4000244140625,638.5999755859375,624.5999755859375,638.5999755859375,5185055
Prudential,0,PRU.L,2024-09-24,660.5999755859375,678.0079956054688,659.2000122070312,664.7999877929688,10532770
Prudential,0,PRU.L,2024-09-25,657,658.4000244140625,641.5999755859375,642.2000122070312,9866557
Prudential,0,PRU.L,2024-09-26,656.4000244140625,689.2000122070312,654.4000244140625,681.5999755859375,25122842
Prudential,0,PRU.L,2024-09-27,700,710,676.8400268554688,700,15491677
Prudential,0,PRU.L,2024-09-30,704.2000122070312,712.4000244140625,693.5999755859375,694.5999755859375,26246510
RELX,1,RELX,2024-01-02,39.040000915527344,39.08000183105469,38.529998779296875,38.65999984741211,689600
RELX,1,RELX,2024-01-03,38.4900016784668,38.83000183105469,38.47999954223633,38.70000076293945,781200
RELX,1,RELX,2024-01-04,39.189998626708984,39.470001220703125,39.150001525878906,39.310001373291016,2073100
RELX,1,RELX,2024-01-05,39.209999084472656,39.650001525878906,39.18000030517578,39.540000915527344,1428000
RELX,1,RELX,2024-01-08,39.7400016784668,40.189998626708984,39.7400016784668,40.189998626708984,1303400
RELX,1,RELX,2024-01-09,39.43000030517578,39.66999816894531,39.43000030517578,39.47999954223633,856700
RELX,1,RELX,2024-01-10,39.97999954223633,40.279998779296875,39.880001068115234,40.25,958500
RELX,1,RELX,2024-01-11,40.52000045776367,40.689998626708984,40.09000015258789,40.34000015258789,818400
RELX,1,RELX,2024-01-12,41.150001525878906,41.18000030517578,40.95000076293945,41.150001525878906,874400
RELX,1,RELX,2024-01-16,40.650001525878906,40.959999084472656,40.630001068115234,40.79999923706055,1241700
RELX,1,RELX,2024-01-17,40.689998626708984,40.849998474121094,40.52000045776367,40.81999969482422,853600
RELX,1,RELX,2024-01-18,41.16999816894531,41.619998931884766,41.15999984741211,41.619998931884766,592200
RELX,1,RELX,2024-01-19,41.66999816894531,41.7599983215332,41.5099983215332,41.75,996300
RELX,1,RELX,2024-01-22,41.630001068115234,41.709999084472656,41.52000045776367,41.540000915527344,768200
RELX,1,RELX,2024-01-23,41.16999816894531,41.310001373291016,41.02000045776367,41.310001373291016,627800
RELX,1,RELX,2024-01-24,41.709999084472656,41.75,41.41999816894531,41.41999816894531,786300
RELX,1,RELX,2024-01-25,41.4900016784668,41.5099983215332,41.279998779296875,41.5,706300
RELX,1,RELX,2024-01-26,41.689998626708984,41.83000183105469,41.619998931884766,41.7400016784668,624300
RELX,1,RELX,2024-01-29,41.54999923706055,41.65999984741211,41.33000183105469,41.56999969482422,838300
RELX,1,RELX,2024-01-30,41.75,41.810001373291016,41.630001068115234,41.790000915527344,568500
RELX,1,RELX,2024-01-31,41.880001068115234,41.9900016784668,41.25,41.349998474121094,1056500
RELX,1,RELX,2024-02-01,41.5099983215332,42.25,41.459999084472656,42.2400016784668,968300
RELX,1,RELX,2024-02-02,41.779998779296875,41.959999084472656,41.689998626708984,41.869998931884766,826300
RELX,1,RELX,2024-02-05,41.52000045776367,41.619998931884766,41.29999923706055,41.540000915527344,1050600
RELX,1,RELX,2024-02-06,41.43000030517578,41.52000045776367,41.349998474121094,41.459999084472656,893200
RELX,1,RELX,2024-02-07,41.439998626708984,41.560001373291016,41.2599983215332,41.349998474121094,843800
RELX,1,RELX,2024-02-08,41.709999084472656,41.77000045776367,41.4900016784668,41.7599983215332,819400
RELX,1,RELX,2024-02-09,42.18000030517578,42.4900016784668,42.060001373291016,42.47999954223633,1423900
RELX,1,RELX,2024-02-12,42.150001525878906,42.209999084472656,42.0099983215332,42.08000183105469,762200
RELX,1,RELX,2024-02-13,41.15999984741211,41.2599983215332,40.91999816894531,41.029998779296875,1263900
RELX,1,RELX,2024-02-14,41.59000015258789,42.06999969482422,41.5,42.04999923706055,1228700
RELX,1,RELX,2024-02-15,41.709999084472656,42.060001373291016,41.459999084472656,42.060001373291016,1284500
RELX,1,RELX,2024-02-16,42.380001068115234,43.09000015258789,42.33000183105469,42.77000045776367,1180300
RELX,1,RELX,2024-02-20,43.369998931884766,43.689998626708984,43.25,43.56999969482422,1347400
RELX,1,RELX,2024-02-21,43.279998779296875,43.459999084472656,43.150001525878906,43.45000076293945,800400
RELX,1,RELX,2024-02-22,43.7599983215332,44.36000061035156,43.7599983215332,44.349998474121094,1143100
RELX,1,RELX,2024-02-23,44.34000015258789,44.560001373291016,44.31999969482422,44.439998626708984,1644400
RELX,1,RELX,2024-02-26,44.720001220703125,44.75,44.41999816894531,44.63999938964844,790100
RELX,1,RELX,2024-02-27,43.779998779296875,44.09000015258789,43.720001220703125,44.040000915527344,870400
RELX,1,RELX,2024-02-28,43.79999923706055,43.83000183105469,43.599998474121094,43.66999816894531,831000
RELX,1,RELX,2024-02-29,43.970001220703125,44.0099983215332,43.720001220703125,43.91999816894531,2495500
RELX,1,RELX,2024-03-01,43,43.279998779296875,42.7599983215332,43.220001220703125,1090400
RELX,1,RELX,2024-03-04,43.16999816894531,43.54999923706055,43.130001068115234,43.4900016784668,923700
RELX,1,RELX,2024-03-05,43.619998931884766,43.77000045776367,43.38999938964844,43.75,1424800
RELX,1,RELX,2024-03-06,43.560001373291016,43.77000045776367,43.529998779296875,43.529998779296875,1972100
RELX,1,RELX,2024-03-07,43.45000076293945,43.709999084472656,43.369998931884766,43.650001525878906,809100
RELX,1,RELX,2024-03-08,43.86000061035156,43.970001220703125,43.7599983215332,43.810001373291016,1166000
RELX,1,RELX,2024-03-11,43.220001220703125,43.2599983215332,42.93000030517578,43.2400016784668,919800
RELX,1,RELX,2024-03-12,43.09000015258789,43.7400016784668,43.09000015258789,43.709999084472656,981100
RELX,1,RELX,2024-03-13,43.88999938964844,43.93000030517578,43.61000061035156,43.720001220703125,615400
RELX,1,RELX,2024-03-14,43.36000061035156,43.5,43.04999923706055,43.33000183105469,884600
RELX,1,RELX,2024-03-15,43.29999923706055,43.33000183105469,43.040000915527344,43.130001068115234,1032400
RELX,1,RELX,2024-03-18,43.25,43.36000061035156,43.20000076293945,43.20000076293945,611300
RELX,1,RELX,2024-03-19,43,43.220001220703125,42.86000061035156,43.189998626708984,559000
RELX,1,RELX,2024-03-20,43.38999938964844,43.470001220703125,43.119998931884766,43.45000076293945,607500
RELX,1,RELX,2024-03-21,43.75,43.970001220703125,43.65999984741211,43.72999954223633,793700
RELX,1,RELX,2024-03-22,43.689998626708984,43.7400016784668,43.5099983215332,43.650001525878906,603300
RELX,1,RELX,2024-03-25,43.65999984741211,43.70000076293945,43.310001373291016,43.310001373291016,845600
RELX,1,RELX,2024-03-26,43.209999084472656,43.29999923706055,43.02000045776367,43.130001068115234,707100
RELX,1,RELX,2024-03-27,43.439998626708984,43.540000915527344,43.29999923706055,43.40999984741211,693300
RELX,1,RELX,2024-03-28,43.41999816894531,43.540000915527344,43.279998779296875,43.290000915527344,830500
RELX,1,RELX,2024-04-01,43.45000076293945,43.45000076293945,42.709999084472656,42.779998779296875,765700
RELX,1,RELX,2024-04-02,42.31999969482422,42.5099983215332,42.18000030517578,42.43000030517578,1636200
RELX,1,RELX,2024-04-03,41.720001220703125,42.16999816894531,41.70000076293945,42.16999816894531,2324700
RELX,1,RELX,2024-04-04,42.029998779296875,42.20000076293945,41.45000076293945,41.470001220703125,5059300
RELX,1,RELX,2024-04-05,41.66999816894531,42.08000183105469,41.5099983215332,42.040000915527344,2121800
RELX,1,RELX,2024-04-08,41.810001373291016,42.0099983215332,41.68000030517578,41.91999816894531,1737100
RELX,1,RELX,2024-04-09,42.119998931884766,42.25,41.869998931884766,42.22999954223633,1141700
RELX,1,RELX,2024-04-10,41.41999816894531,41.650001525878906,41.290000915527344,41.540000915527344,1546700
RELX,1,RELX,2024-04-11,41.77000045776367,41.970001220703125,41.279998779296875,41.86000061035156,965800
RELX,1,RELX,2024-04-12,41.72999954223633,41.81999969482422,41.529998779296875,41.77000045776367,1330200
RELX,1,RELX,2024-04-15,42.20000076293945,42.25,41.540000915527344,41.63999938964844,2128600
RELX,1,RELX,2024-04-16,41.45000076293945,41.470001220703125,41.16999816894531,41.279998779296875,1071700
RELX,1,RELX,2024-04-17,41.88999938964844,41.88999938964844,41.27000045776367,41.45000076293945,751000
RELX,1,RELX,2024-04-18,41.54999923706055,41.709999084472656,41.380001068115234,41.43000030517578,826100
RELX,1,RELX,2024-04-19,41.279998779296875,41.31999969482422,41.0099983215332,41.06999969482422,1091300
RELX,1,RELX,2024-04-22,41.4900016784668,41.91999816894531,41.4900016784668,41.790000915527344,719000
RELX,1,RELX,2024-04-23,41.93000030517578,42.34000015258789,41.869998931884766,42.2599983215332,1002800
RELX,1,RELX,2024-04-24,41.77000045776367,41.86000061035156,41.20000076293945,41.43000030517578,1485900
RELX,1,RELX,2024-04-25,40.34000015258789,41.25,40.25,41.119998931884766,1751100
RELX,1,RELX,2024-04-26,41.369998931884766,41.66999816894531,41.369998931884766,41.61000061035156,873400
RELX,1,RELX,2024-04-29,41.630001068115234,41.70000076293945,41.34000015258789,41.54999923706055,929800
RELX,1,RELX,2024-04-30,41.56999969482422,41.849998474121094,41.16999816894531,41.189998626708984,866900
RELX,1,RELX,2024-05-01,41.16999816894531,41.59000015258789,41.150001525878906,41.22999954223633,814800
RELX,1,RELX,2024-05-02,41.0099983215332,41.2400016784668,40.77000045776367,41.209999084472656,983600
RELX,1,RELX,2024-05-03,42.33000183105469,42.34000015258789,41.970001220703125,42.15999984741211,974400
RELX,1,RELX,2024-05-06,41.939998626708984,42.439998626708984,41.939998626708984,42.40999984741211,496100
RELX,1,RELX,2024-05-07,42.79999923706055,42.91999816894531,42.70000076293945,42.88999938964844,712400
RELX,1,RELX,2024-05-08,42.959999084472656,43.130001068115234,42.880001068115234,42.939998626708984,526800
RELX,1,RELX,2024-05-09,43.11000061035156,43.38999938964844,43.09000015258789,43.380001068115234,661200
RELX,1,RELX,2024-05-10,43.220001220703125,43.4900016784668,43.15999984741211,43.459999084472656,671000
RELX,1,RELX,2024-05-13,42.93000030517578,43.08000183105469,42.77000045776367,42.810001373291016,832400
RELX,1,RELX,2024-05-14,43.310001373291016,43.540000915527344,43.25,43.5099983215332,708500
RELX,1,RELX,2024-05-15,43.650001525878906,44.029998779296875,43.650001525878906,43.90999984741211,1152700
RELX,1,RELX,2024-05-16,43.63999938964844,43.97999954223633,43.61000061035156,43.91999816894531,1006500
RELX,1,RELX,2024-05-17,44.040000915527344,44.220001220703125,43.90999984741211,44.06999969482422,508800
RELX,1,RELX,2024-05-20,44.02000045776367,44.20000076293945,43.9900016784668,44.119998931884766,487300
RELX,1,RELX,2024-05-21,44.13999938964844,44.2400016784668,43.9900016784668,44.22999954223633,510200
RELX,1,RELX,2024-05-22,44.220001220703125,44.470001220703125,44.209999084472656,44.36000061035156,506000
RELX,1,RELX,2024-05-23,44.560001373291016,44.599998474121094,44.060001373291016,44.15999984741211,469600
RELX,1,RELX,2024-05-24,44.599998474121094,44.959999084472656,44.560001373291016,44.689998626708984,957100
RELX,1,RELX,2024-05-28,44.4900016784668,44.5,43.619998931884766,43.68000030517578,614300
RELX,1,RELX,2024-05-29,43.560001373291016,43.70000076293945,43.36000061035156,43.400001525878906,622400
RELX,1,RELX,2024-05-30,43.459999084472656,43.4900016784668,43.279998779296875,43.34000015258789,447400
RELX,1,RELX,2024-05-31,43.630001068115234,43.959999084472656,43.470001220703125,43.959999084472656,634500
RELX,1,RELX,2024-06-03,43.75,43.9900016784668,43.619998931884766,43.900001525878906,481300
RELX,1,RELX,2024-06-04,44.459999084472656,44.75,44.380001068115234,44.7400016784668,693500
RELX,1,RELX,2024-06-05,44.880001068115234,45.189998626708984,44.79999923706055,45.18000030517578,704200
RELX,1,RELX,2024-06-06,45.47999954223633,45.5,45.20000076293945,45.40999984741211,821000
RELX,1,RELX,2024-06-07,45.11000061035156,45.209999084472656,44.83000183105469,44.86000061035156,621000
RELX,1,RELX,2024-06-10,44.61000061035156,44.81999969482422,44.5,44.779998779296875,934400
RELX,1,RELX,2024-06-11,44.5099983215332,44.61000061035156,44.33000183105469,44.560001373291016,1178900
RELX,1,RELX,2024-06-12,45.560001373291016,45.93000030517578,45.41999816894531,45.72999954223633,793000
RELX,1,RELX,2024-06-13,45.79999923706055,45.83000183105469,45.45000076293945,45.650001525878906,550800
RELX,1,RELX,2024-06-14,45.25,45.279998779296875,44.93000030517578,45.220001220703125,693400
RELX,1,RELX,2024-06-17,45.2599983215332,45.540000915527344,45.16999816894531,45.47999954223633,557300
RELX,1,RELX,2024-06-18,45.540000915527344,45.77000045776367,45.47999954223633,45.58000183105469,760100
RELX,1,RELX,2024-06-20,45.810001373291016,45.900001525878906,45.529998779296875,45.650001525878906,793700
RELX,1,RELX,2024-06-21,45.52000045776367,45.68000030517578,45.349998474121094,45.599998474121094,707000
RELX,1,RELX,2024-06-24,45.849998474121094,46.11000061035156,45.81999969482422,45.84000015258789,565300
RELX,1,RELX,2024-06-25,46,46.040000915527344,45.72999954223633,46.0099983215332,590100
RELX,1,RELX,2024-06-26,45.56999969482422,45.56999969482422,45.349998474121094,45.529998779296875,458900
RELX,1,RELX,2024-06-27,46.18000030517578,46.29999923706055,46.02000045776367,46.150001525878906,641300
RELX,1,RELX,2024-06-28,46.06999969482422,46.189998626708984,45.810001373291016,45.880001068115234,658400
RELX,1,RELX,2024-07-01,45.31999969482422,45.58000183105469,45.15999984741211,45.209999084472656,602900
RELX,1,RELX,2024-07-02,45.13999938964844,45.529998779296875,45.02000045776367,45.5,403200
RELX,1,RELX,2024-07-03,45.41999816894531,45.75,45.38999938964844,45.689998626708984,491600
RELX,1,RELX,2024-07-05,46.0099983215332,46.220001220703125,45.77000045776367,46.220001220703125,562500
RELX,1,RELX,2024-07-08,46.310001373291016,46.33000183105469,46.02000045776367,46.08000183105469,448900
RELX,1,RELX,2024-07-09,46.130001068115234,46.22999954223633,45.91999816894531,46.099998474121094,620200
RELX,1,RELX,2024-07-10,46.18000030517578,46.349998474121094,46.150001525878906,46.31999969482422,566300
RELX,1,RELX,2024-07-11,46.04999923706055,46.2599983215332,45.70000076293945,45.70000076293945,710500
RELX,1,RELX,2024-07-12,46.13999938964844,46.65999984741211,46.130001068115234,46.38999938964844,643900
RELX,1,RELX,2024-07-15,46.38999938964844,46.43000030517578,45.880001068115234,45.9900016784668,515500
RELX,1,RELX,2024-07-16,46.13999938964844,46.36000061035156,46,46.310001373291016,509500
RELX,1,RELX,2024-07-17,46.02000045776367,46.16999816894531,45.38999938964844,45.400001525878906,1086400
RELX,1,RELX,2024-07-18,45.720001220703125,45.7599983215332,45.02000045776367,45.08000183105469,894600
RELX,1,RELX,2024-07-19,45.13999938964844,45.220001220703125,44.93000030517578,45.0099983215332,587700
RELX,1,RELX,2024-07-22,45.47999954223633,45.72999954223633,45.400001525878906,45.70000076293945,592000
RELX,1,RELX,2024-07-23,45.209999084472656,45.4900016784668,45.189998626708984,45.349998474121094,652400
RELX,1,RELX,2024-07-24,45.09000015258789,45.290000915527344,45.0099983215332,45.029998779296875,869500
RELX,1,RELX,2024-07-25,46.220001220703125,46.689998626708984,46,46,1053900
RELX,1,RELX,2024-07-26,46.36000061035156,46.72999954223633,46.279998779296875,46.540000915527344,983100
RELX,1,RELX,2024-07-29,47.0099983215332,47.2599983215332,46.97999954223633,47.02000045776367,682700
RELX,1,RELX,2024-07-30,47.29999923706055,47.41999816894531,47.029998779296875,47.36000061035156,852600
RELX,1,RELX,2024-07-31,47.2400016784668,47.380001068115234,46.83000183105469,47.22999954223633,739300
RELX,1,RELX,2024-08-01,46.959999084472656,47.08000183105469,45.869998931884766,46.31999969482422,1029200
RELX,1,RELX,2024-08-02,45.779998779296875,46.119998931884766,45.459999084472656,46.06999969482422,987300
RELX,1,RELX,2024-08-05,44.0099983215332,44.540000915527344,44.0099983215332,44.15999984741211,1145200
RELX,1,RELX,2024-08-06,43.5099983215332,44.5,43.45000076293945,44.099998474121094,1727000
RELX,1,RELX,2024-08-07,44.439998626708984,44.810001373291016,44.13999938964844,44.150001525878906,1099700
RELX,1,RELX,2024-08-08,44.43000030517578,44.7400016784668,44.22999954223633,44.650001525878906,514000
RELX,1,RELX,2024-08-09,44.689998626708984,45.119998931884766,44.599998474121094,45.09000015258789,455000
RELX,1,RELX,2024-08-12,45.119998931884766,45.290000915527344,44.959999084472656,45.02000045776367,392000
RELX,1,RELX,2024-08-13,45.150001525878906,45.45000076293945,45.060001373291016,45.380001068115234,427200
RELX,1,RELX,2024-08-14,45.380001068115234,45.709999084472656,45.380001068115234,45.70000076293945,427700
RELX,1,RELX,2024-08-15,45.68000030517578,45.86000061035156,45.560001373291016,45.619998931884766,676300
RELX,1,RELX,2024-08-16,45.599998474121094,45.68000030517578,45.40999984741211,45.58000183105469,398600
RELX,1,RELX,2024-08-19,45.7400016784668,46.119998931884766,45.720001220703125,46.029998779296875,554800
RELX,1,RELX,2024-08-20,46,46.060001373291016,45.810001373291016,45.959999084472656,326500
RELX,1,RELX,2024-08-21,46.06999969482422,46.369998931884766,46.02000045776367,46.349998474121094,481600
RELX,1,RELX,2024-08-22,46.2400016784668,46.33000183105469,45.970001220703125,46.060001373291016,414800
RELX,1,RELX,2024-08-23,46.13999938964844,46.38999938964844,46,46.2400016784668,369000
RELX,1,RELX,2024-08-26,46.29999923706055,46.529998779296875,46.290000915527344,46.34000015258789,304500
RELX,1,RELX,2024-08-27,46.22999954223633,46.5,46.22999954223633,46.349998474121094,437000
RELX,1,RELX,2024-08-28,46.47999954223633,46.63999938964844,46.31999969482422,46.41999816894531,483200
RELX,1,RELX,2024-08-29,46.880001068115234,47.31999969482422,46.869998931884766,47.13999938964844,632400
RELX,1,RELX,2024-08-30,46.630001068115234,46.790000915527344,46.34000015258789,46.65999984741211,430900
RELX,1,RELX,2024-09-03,46.90999984741211,46.90999984741211,46.08000183105469,46.150001525878906,702500
RELX,1,RELX,2024-09-04,46.4900016784668,46.83000183105469,46.470001220703125,46.68000030517578,530600
RELX,1,RELX,2024-09-05,45.369998931884766,46.029998779296875,45.220001220703125,45.88999938964844,731400
RELX,1,RELX,2024-09-06,46.779998779296875,46.869998931884766,46.099998474121094,46.20000076293945,545300
RELX,1,RELX,2024-09-09,46.5,47,46.47999954223633,46.90999984741211,521300
RELX,1,RELX,2024-09-10,47.040000915527344,47.27000045776367,46.86000061035156,47.22999954223633,392300
RELX,1,RELX,2024-09-11,47.27000045776367,47.279998779296875,46.52000045776367,47.150001525878906,625700
RELX,1,RELX,2024-09-12,47.84000015258789,48.0099983215332,47.54999923706055,47.9900016784668,566700
RELX,1,RELX,2024-09-13,47.810001373291016,47.90999984741211,47.65999984741211,47.709999084472656,443700
RELX,1,RELX,2024-09-16,47.9900016784668,48.130001068115234,47.869998931884766,48.119998931884766,510800
RELX,1,RELX,2024-09-17,48.220001220703125,48.2400016784668,47.7400016784668,47.7599983215332,673200
RELX,1,RELX,2024-09-18,47.810001373291016,47.900001525878906,47.369998931884766,47.369998931884766,588500
RELX,1,RELX,2024-09-19,47.95000076293945,48.189998626708984,47.77000045776367,48.130001068115234,855500
RELX,1,RELX,2024-09-20,48.09000015258789,48.220001220703125,47.93000030517578,47.9900016784668,1477400
RELX,1,RELX,2024-09-23,48.5099983215332,48.90999984741211,48.47999954223633,48.86000061035156,678200
RELX,1,RELX,2024-09-24,48.529998779296875,48.630001068115234,48.15999984741211,48.529998779296875,484100
RELX,1,RELX,2024-09-25,48.65999984741211,48.7599983215332,48.34000015258789,48.369998931884766,418900
RELX,1,RELX,2024-09-26,48.400001525878906,48.470001220703125,47.7400016784668,48.09000015258789,745500
RELX,1,RELX,2024-09-27,47.900001525878906,48.130001068115234,47.54999923706055,47.560001373291016,495400
RELX,1,RELX,2024-09-30,47.54999923706055,47.59000015258789,46.9900016784668,47.459999084472656,1192100
RELX,0,REL.L,2024-01-02,3110,3124,3053.722900390625,3067,2040258
RELX,0,REL.L,2024-01-03,3068,3075,3045,3062,2657433
RELX,0,REL.L,2024-01-04,3060,3109,3055,3107,2667598
RELX,0,REL.L,2024-01-05,3087,3103,3080,3100,2437337
RELX,0,REL.L,2024-01-08,3103,3143,3099.43994140625,3139,2578078
RELX,0,REL.L,2024-01-09,3143,3154,3090,3116,3406002
RELX,0,REL.L,2024-01-10,3116,3162,3112,3162,2216791
RELX,0,REL.L,2024-01-11,3185,3220,3160,3160,4950846
RELX,0,REL.L,2024-01-12,3168,3228,3167,3228,2256783
RELX,0,REL.L,2024-01-15,3215,3240,3191.740966796875,3202,1565483
RELX,0,REL.L,2024-01-16,3190,3237,3184,3224,4063142
RELX,0,REL.L,2024-01-17,3204,3223,3196,3221,3946826
RELX,0,REL.L,2024-01-18,3211,3270,3209,3264,2991021
RELX,0,REL.L,2024-01-19,3284,3304,3275,3280,4181821
RELX,0,REL.L,2024-01-22,3293,3294,3260,3272,3912469
RELX,0,REL.L,2024-01-23,3274,3276.89501953125,3229,3242,1980309
RELX,0,REL.L,2024-01-24,3243,3271,3219,3263,4740022
RELX,0,REL.L,2024-01-25,3262,3272,3250.381103515625,3257,2680597
RELX,0,REL.L,2024-01-26,3246,3285.278076171875,3246,3276,2620315
RELX,0,REL.L,2024-01-29,3280,3299,3258,3266,3882983
RELX,0,REL.L,2024-01-30,3277,3310.25390625,3264,3286,2584991
RELX,0,REL.L,2024-01-31,3297,3308,3262,3262,4336810
RELX,0,REL.L,2024-02-01,3288,3297,3264,3289,4007711
RELX,0,REL.L,2024-02-02,3320,3321,3282,3308,2693677
RELX,0,REL.L,2024-02-05,3296,3319,3292.922119140625,3301,2645819
RELX,0,REL.L,2024-02-06,3314,3325,3282,3287,5898499
RELX,0,REL.L,2024-02-07,3292,3299,3264,3269,5423250
RELX,0,REL.L,2024-02-08,3275,3313,3256,3301,3315352
RELX,0,REL.L,2024-02-09,3305,3352,3305,3350,6551297
RELX,0,REL.L,2024-02-12,3368,3379,3327,3335,3201203
RELX,0,REL.L,2024-02-13,3335,3340,3245,3265,5320468
RELX,0,REL.L,2024-02-14,3282,3336,3279,3336,12988266
RELX,0,REL.L,2024-02-15,3401,3430,3273,3314,4640137
RELX,0,REL.L,2024-02-16,3357,3407,3327,3402,7313829
RELX,0,REL.L,2024-02-19,3385,3421,3360,3412,3017430
RELX,0,REL.L,2024-02-20,3414,3439,3414,3436,5947799
RELX,0,REL.L,2024-02-21,3458,3464,3411,3434,4824780
RELX,0,REL.L,2024-02-22,3436,3489,3429,3475,7237201
RELX,0,REL.L,2024-02-23,3490,3510,3474,3500,4342346
RELX,0,REL.L,2024-02-26,3502,3531.81396484375,3496,3504,8012524
RELX,0,REL.L,2024-02-27,3502,3506,3437,3454,4290750
RELX,0,REL.L,2024-02-28,3469,3478,3438.862060546875,3439,4603069
RELX,0,REL.L,2024-02-29,3447,3473,3433,3461,6259435
RELX,0,REL.L,2024-03-01,3460,3466,3388,3411,3919195
RELX,0,REL.L,2024-03-04,3417,3417,3395,3410,3106351
RELX,0,REL.L,2024-03-05,3422,3435,3403.428955078125,3420,2880702
RELX,0,REL.L,2024-03-06,3440,3443,3386.85400390625,3414,4102587
RELX,0,REL.L,2024-03-07,3407,3421,3391,3395,9385054
RELX,0,REL.L,2024-03-08,3398,3414,3387,3405,4129973
RELX,0,REL.L,2024-03-11,3386,3397,3344.81005859375,3360,6777781
RELX,0,REL.L,2024-03-12,3384,3410,3358,3410,4225873
RELX,0,REL.L,2024-03-13,3417,3429,3404.548095703125,3411,8807750
RELX,0,REL.L,2024-03-14,3419,3423,3369,3391,2669853
RELX,0,REL.L,2024-03-15,3385,3404,3368,3375,8090027
RELX,0,REL.L,2024-03-18,3382,3397,3369,3389,3229001
RELX,0,REL.L,2024-03-19,3378,3385.5009765625,3359.9990234375,3382,2791392
RELX,0,REL.L,2024-03-20,3397,3423,3379,3379,3925599
RELX,0,REL.L,2024-03-21,3400,3462,3384,3451,7468942
RELX,0,REL.L,2024-03-22,3458,3475,3437,3458,4892082
RELX,0,REL.L,2024-03-25,3454,3467.990966796875,3426,3428,2977771
RELX,0,REL.L,2024-03-26,3423,3435.4951171875,3401,3410,3429439
RELX,0,REL.L,2024-03-27,3430,3443,3419,3427,3289756
RELX,0,REL.L,2024-03-28,3430,3460,3414,3424,4554709
RELX,0,REL.L,2024-04-02,3406,3439,3349,3356,3467361
RELX,0,REL.L,2024-04-03,3348,3361,3307,3324,3665943
RELX,0,REL.L,2024-04-04,3320,3326,3290,3313,4465657
RELX,0,REL.L,2024-04-05,3276,3320,3267,3318,4022374
RELX,0,REL.L,2024-04-08,3308,3320,3286,3299,3720029
RELX,0,REL.L,2024-04-09,3298,3321.54296875,3287,3320,3978668
RELX,0,REL.L,2024-04-10,3335,3337,3273,3309,3249722
RELX,0,REL.L,2024-04-11,3298,3319,3287,3319,4740249
RELX,0,REL.L,2024-04-12,3344,3357,3331,3339,3622851
RELX,0,REL.L,2024-04-15,3347,3377,3329.248046875,3354,2450393
RELX,0,REL.L,2024-04-16,3315,3329,3288,3305,2634806
RELX,0,REL.L,2024-04-17,3297,3351,3292.3349609375,3305,2832007
RELX,0,REL.L,2024-04-18,3332,3338,3308,3329,6021283
RELX,0,REL.L,2024-04-19,3307,3320,3285,3302,3553174
RELX,0,REL.L,2024-04-22,3331,3364,3331,3348,3314577
RELX,0,REL.L,2024-04-23,3360,3388,3352,3364,6096606
RELX,0,REL.L,2024-04-24,3369,3375.97998046875,3305,3305,8232217
RELX,0,REL.L,2024-04-25,3280,3301,3218,3281,8117904
RELX,0,REL.L,2024-04-26,3303,3331,3290.948974609375,3329,2370724
RELX,0,REL.L,2024-04-29,3323,3335,3285,3293,2230147
RELX,0,REL.L,2024-04-30,3289,3333,3282,3303,2984761
RELX,0,REL.L,2024-05-01,3292,3303,3280.659912109375,3300,2361963
RELX,0,REL.L,2024-05-02,3259,3259,3259,3284,5126169
RELX,0,REL.L,2024-05-03,3289,3364,3289,3358,3143641
RELX,0,REL.L,2024-05-07,3387,3422,3386,3411,6889448
RELX,0,REL.L,2024-05-08,3422,3455,3416,3433,2834270
RELX,0,REL.L,2024-05-09,3426,3464,3408,3451,2230157
RELX,0,REL.L,2024-05-10,3453,3473,3446,3459,5984048
RELX,0,REL.L,2024-05-13,3462,3474,3404,3411,1814752
RELX,0,REL.L,2024-05-14,3416,3451,3415,3444,2475775
RELX,0,REL.L,2024-05-15,3464,3487,3438,3462,2331296
RELX,0,REL.L,2024-05-16,3461,3472,3429,3455,3075739
RELX,0,REL.L,2024-05-17,3449,3480,3435,3458,3928851
RELX,0,REL.L,2024-05-20,3453,3469,3448,3466,2236730
RELX,0,REL.L,2024-05-21,3453,3475,3449,3465,3278213
RELX,0,REL.L,2024-05-22,3452,3482.323974609375,3430,3482,5874563
RELX,0,REL.L,2024-05-23,3489,3513,3476,3490,4226494
RELX,0,REL.L,2024-05-24,3467,3526,3447,3520,2282891
RELX,0,REL.L,2024-05-28,3510,3542,3425.89697265625,3426,3596021
RELX,0,REL.L,2024-05-29,3405,3431,3403,3415,2225915
RELX,0,REL.L,2024-05-30,3412,3430,3400.488037109375,3401,3889309
RELX,0,REL.L,2024-05-31,3409,3436,3400.8349609375,3416,5500366
RELX,0,REL.L,2024-06-03,3458,3475,3415,3422,5024001
RELX,0,REL.L,2024-06-04,3426,3493,3422,3487,3321626
RELX,0,REL.L,2024-06-05,3506,3521,3476,3521,3306784
RELX,0,REL.L,2024-06-06,3536,3567,3535,3540,1969723
RELX,0,REL.L,2024-06-07,3554,3562,3517,3531,1634216
RELX,0,REL.L,2024-06-10,3510,3530,3493,3503,2749842
RELX,0,REL.L,2024-06-11,3519,3534,3481,3491,3029317
RELX,0,REL.L,2024-06-12,3513,3573,3470,3572,2757351
RELX,0,REL.L,2024-06-13,3582,3615.6708984375,3567,3576,2686896
RELX,0,REL.L,2024-06-14,3575,3580,3543,3558,2455864
RELX,0,REL.L,2024-06-17,3584,3593,3558.22900390625,3568,2411144
RELX,0,REL.L,2024-06-18,3578,3606,3569,3591,2619688
RELX,0,REL.L,2024-06-19,3585,3589,3561,3587,2245587
RELX,0,REL.L,2024-06-20,3587,3622,3575,3608,4440815
RELX,0,REL.L,2024-06-21,3603,3617,3574,3600,8855844
RELX,0,REL.L,2024-06-24,3601,3635,3586,3612,5026520
RELX,0,REL.L,2024-06-25,3597,3634,3577,3615,4770481
RELX,0,REL.L,2024-06-26,3634,3646.287109375,3593,3604,2470461
RELX,0,REL.L,2024-06-27,3610,3658.282958984375,3608.6640625,3654,2571616
RELX,0,REL.L,2024-06-28,3664,3675,3634,3639,4370401
RELX,0,REL.L,2024-07-01,3649,3657,3567,3577,2421009
RELX,0,REL.L,2024-07-02,3562,3599,3551,3575,2286546
RELX,0,REL.L,2024-07-03,3588,3588,3559,3570,4026067
RELX,0,REL.L,2024-07-04,3593,3602.05810546875,3571,3583,1854391
RELX,0,REL.L,2024-07-05,3605,3617,3576.5029296875,3585,2064471
RELX,0,REL.L,2024-07-08,3586,3611,3561,3593,1819421
RELX,0,REL.L,2024-07-09,3593,3631,3588,3595,4052077
RELX,0,REL.L,2024-07-10,3610,3618,3593,3595,4738972
RELX,0,REL.L,2024-07-11,3598,3605,3543,3543,2779741
RELX,0,REL.L,2024-07-12,3557,3584,3546,3576,1868553
RELX,0,REL.L,2024-07-15,3570,3606.137939453125,3540,3540,1808767
RELX,0,REL.L,2024-07-16,3521,3559,3511,3548,3651271
RELX,0,REL.L,2024-07-17,3537,3546,3492,3492,2906790
RELX,0,REL.L,2024-07-18,3496,3521,3464.751953125,3473,2096886
RELX,0,REL.L,2024-07-19,3464,3513,3456,3470,2398857
RELX,0,REL.L,2024-07-22,3488,3523,3480,3512,4820937
RELX,0,REL.L,2024-07-23,3511,3514,3483,3512,4457574
RELX,0,REL.L,2024-07-24,3487,3495,3470,3482,2505707
RELX,0,REL.L,2024-07-25,3496,3604,3448,3583,6628257
RELX,0,REL.L,2024-07-26,3572,3622,3565,3608,2272199
RELX,0,REL.L,2024-07-29,3616,3666,3616,3661,4914445
RELX,0,REL.L,2024-07-30,3654,3693,3635,3688,3299608
RELX,0,REL.L,2024-07-31,3688,3694.3349609375,3369,3673,2647980
RELX,0,REL.L,2024-08-01,3657,3657,3582,3590,3147454
RELX,0,REL.L,2024-08-02,3568,3577,3535,3567,5130103
RELX,0,REL.L,2024-08-05,3517,3537,3424,3467,6321474
RELX,0,REL.L,2024-08-06,3470,3478,3416,3450,8406175
RELX,0,REL.L,2024-08-07,3472,3518,3448,3512,3311753
RELX,0,REL.L,2024-08-08,3490,3501,3458.5,3497,2504464
RELX,0,REL.L,2024-08-09,3488,3526,3488,3511,3641714
RELX,0,REL.L,2024-08-12,3537,3545,3509,3531,5011138
RELX,0,REL.L,2024-08-13,3541,3553,3497,3529,1558128
RELX,0,REL.L,2024-08-14,3543,3556,3522,3550,1821877
RELX,0,REL.L,2024-08-15,3569,3574,3544,3555,3317356
RELX,0,REL.L,2024-08-16,3555,3558,3519,3532,2633500
RELX,0,REL.L,2024-08-19,3519,3550,3503,3540,1265449
RELX,0,REL.L,2024-08-20,3543,3554,3518,3524,1410307
RELX,0,REL.L,2024-08-21,3529,3551,3523,3535,3419810
RELX,0,REL.L,2024-08-22,3539,3547.197998046875,3515,3520,2219850
RELX,0,REL.L,2024-08-23,3520,3520,3499,3499,1120391
RELX,0,REL.L,2024-08-27,3489,3523,3487.110107421875,3492,4211084
RELX,0,REL.L,2024-08-28,3519,3529,3500,3522,3284572
RELX,0,REL.L,2024-08-29,3512,3585,3508,3578,1546423
RELX,0,REL.L,2024-08-30,3570,3572.178955078125,3524,3539,3706084
RELX,0,REL.L,2024-09-02,3543,3558,3532,3553,1510778
RELX,0,REL.L,2024-09-03,3577,3588,3550,3553,2277758
RELX,0,REL.L,2024-09-04,3515,3556,3510,3554,2183579
RELX,0,REL.L,2024-09-05,3550,3570,3430,3486,4309432
RELX,0,REL.L,2024-09-06,3479,3560,3478,3519,2585473
RELX,0,REL.L,2024-09-09,3533,3584,3526.39990234375,3584,2190964
RELX,0,REL.L,2024-09-10,3574,3610,3563,3601,4873018
RELX,0,REL.L,2024-09-11,3605,3624,3575.56396484375,3585,1863888
RELX,0,REL.L,2024-09-12,3651,3684,3635,3642,8571908
RELX,0,REL.L,2024-09-13,3643,3671,3629,3632,1551866
RELX,0,REL.L,2024-09-16,3621,3647,3614,3640,1457627
RELX,0,REL.L,2024-09-17,3650,3670,3634,3648,3031890
RELX,0,REL.L,2024-09-18,3635,3645,3576.530029296875,3591,4282612
RELX,0,REL.L,2024-09-19,3598,3631,3562,3623,3801581
RELX,0,REL.L,2024-09-20,3610,3646,3607,3620,6694115
RELX,0,REL.L,2024-09-23,3606,3664,3592,3664,3647817
RELX,0,REL.L,2024-09-24,3676,3690,3599,3628,4512029
RELX,0,REL.L,2024-09-25,3616,3650,3614,3631,2333695
RELX,0,REL.L,2024-09-26,3653,3665,3562,3592,2597435
RELX,0,REL.L,2024-09-27,3577,3590,3555.73291015625,3568,2630996
RELX,0,REL.L,2024-09-30,3544,3571,3501,3509,5510722
