firm,treat,ticker,date,open,high,low,close,volume
Unilever,1,UL,2024-01-02,54.099098205566406,54.63964080810547,54.04279327392578,54.605857849121094,2492083
Unilever,1,UL,2024-01-03,55.011260986328125,55.112613677978516,54.72972869873047,54.774776458740234,2535684
Unilever,1,UL,2024-01-04,54.70720672607422,55.10135269165039,54.68468475341797,55.02252197265625,2665243
Unilever,1,UL,2024-01-05,54.72972869873047,55.14639663696289,54.628379821777344,54.909908294677734,2615249
Unilever,1,UL,2024-01-08,54.819820404052734,55.4504508972168,54.819820404052734,55.4504508972168,2868773
Unilever,1,UL,2024-01-09,55.29279327392578,55.43918991088867,55.16891860961914,55.40540313720703,1718813
Unilever,1,UL,2024-01-10,55.180179595947266,55.349098205566406,55,55.0450439453125,2315282
Unilever,1,UL,2024-01-11,54.966217041015625,55.0450439453125,54.48198318481445,54.943695068359375,2207834
Unilever,1,UL,2024-01-12,55.59684753417969,55.66441345214844,55.24774932861328,55.33783721923828,2175600
Unilever,1,UL,2024-01-16,54.61711883544922,54.650901794433594,54.121620178222656,54.26801681518555,2585501
Unilever,1,UL,2024-01-17,53.67116928100586,53.82883071899414,53.50225067138672,53.738739013671875,2990873
Unilever,1,UL,2024-01-18,53.20945739746094,53.28828811645508,52.93918991088867,53.13063049316406,2231633
Unilever,1,UL,2024-01-19,53.00675582885742,53.23198318481445,52.680179595947266,53.11936950683594,1967275
Unilever,1,UL,2024-01-22,53.01801681518555,53.14189147949219,52.83783721923828,52.91666793823242,2335174
Unilever,1,UL,2024-01-23,53.2545051574707,53.58108139038086,53.19819641113281,53.45720672607422,2511530
Unilever,1,UL,2024-01-24,53.60360336303711,53.637386322021484,53.05180358886719,53.05180358886719,2223641
Unilever,1,UL,2024-01-25,53.19819641113281,53.64864730834961,53.01801681518555,53.62612533569336,5046682
Unilever,1,UL,2024-01-26,54.605857849121094,54.76351547241211,54.41441345214844,54.47072219848633,5492191
Unilever,1,UL,2024-01-29,54.5045051574707,54.932430267333984,54.42567443847656,54.909908294677734,2573335
Unilever,1,UL,2024-01-30,55.23648452758789,55.31531524658203,54.966217041015625,55.225223541259766,3570293
Unilever,1,UL,2024-01-31,55.51801681518555,55.59684753417969,54.68468475341797,54.83108139038086,1958218
Unilever,1,UL,2024-02-01,54.819820404052734,55.7545051574707,54.66216278076172,55.7545051574707,1867908
Unilever,1,UL,2024-02-02,55.31531524658203,55.47297286987305,54.932430267333984,55.281532287597656,2372825
Unilever,1,UL,2024-02-05,55.29279327392578,55.54054260253906,55.067569732666016,55.46171188354492,2373180
Unilever,1,UL,2024-02-06,55.77702713012695,56.22747802734375,55.72072219848633,56.159908294677734,3018490
Unilever,1,UL,2024-02-07,55.63063049316406,55.73198318481445,55.011260986328125,55.067569732666016,3876386
Unilever,1,UL,2024-02-08,57.432430267333984,57.71396255493164,56.83558654785156,57.07207107543945,4335127
Unilever,1,UL,2024-02-09,56.94819641113281,57.09459686279297,56.67792892456055,56.99324417114258,2471304
Unilever,1,UL,2024-02-12,56.644142150878906,56.99324417114258,56.531532287597656,56.97072219848633,1844021
Unilever,1,UL,2024-02-13,56.88063049316406,56.94819641113281,56.283782958984375,56.41891860961914,2764522
Unilever,1,UL,2024-02-14,56.63288116455078,56.63288116455078,56.069820404052734,56.35135269165039,1933265
Unilever,1,UL,2024-02-15,56.39639663696289,56.66666793823242,56.2950439453125,56.407657623291016,1936284
Unilever,1,UL,2024-02-16,56.92567443847656,57.26351547241211,56.73423385620117,57.09459686279297,3093881
Unilever,1,UL,2024-02-20,57.5,57.91666793823242,57.42116928100586,57.47747802734375,2025084
Unilever,1,UL,2024-02-21,57.52252197265625,57.702701568603516,57.466217041015625,57.680179595947266,2062025
Unilever,1,UL,2024-02-22,56.76801681518555,57.16216278076172,56.54279327392578,57.11711883544922,2175689
Unilever,1,UL,2024-02-23,57.11711883544922,57.240989685058594,56.98198318481445,57.0495491027832,1727426
Unilever,1,UL,2024-02-26,57.13964080810547,57.150901794433594,56.79054260253906,56.83558654785156,1502674
Unilever,1,UL,2024-02-27,55.81081008911133,56.03603744506836,55.56306457519531,55.86711883544922,2066465
Unilever,1,UL,2024-02-28,55.14639663696289,55.4504508972168,55.10135269165039,55.259010314941406,1507202
Unilever,1,UL,2024-02-29,55.33783721923828,55.36035919189453,55.011260986328125,55.14639663696289,1679741
Unilever,1,UL,2024-03-01,55.10135269165039,55.38288116455078,54.797298431396484,55.349098205566406,2083070
Unilever,1,UL,2024-03-04,55.180179595947266,55.371620178222656,55.16891860961914,55.33783721923828,1306070
Unilever,1,UL,2024-03-05,55.349098205566406,55.51801681518555,55.180179595947266,55.225223541259766,1268952
Unilever,1,UL,2024-03-06,55.326576232910156,55.46171188354492,55.16891860961914,55.202701568603516,2112463
Unilever,1,UL,2024-03-07,55.14639663696289,55.24774932861328,55.033782958984375,55.157657623291016,2373091
Unilever,1,UL,2024-03-08,55.371620178222656,55.54054260253906,55.24774932861328,55.38288116455078,3333641
Unilever,1,UL,2024-03-11,55.51801681518555,55.66441345214844,55.31531524658203,55.58558654785156,2209433
Unilever,1,UL,2024-03-12,55.73198318481445,56.024776458740234,55.64189147949219,55.91216278076172,3109598
Unilever,1,UL,2024-03-13,56.05855941772461,56.25,55.95720672607422,56.03603744506836,1969762
Unilever,1,UL,2024-03-14,56.069820404052734,56.10360336303711,55.38288116455078,55.4954948425293,2459760
Unilever,1,UL,2024-03-15,55.371620178222656,55.46171188354492,55.0450439453125,55.112613677978516,1994537
Unilever,1,UL,2024-03-18,54.76351547241211,54.89864730834961,54.52702713012695,54.63964080810547,1717570
Unilever,1,UL,2024-03-19,56.216217041015625,56.35135269165039,55.990989685058594,56.14864730834961,4255385
Unilever,1,UL,2024-03-20,55.68693542480469,55.73198318481445,55.304054260253906,55.67567443847656,1841534
Unilever,1,UL,2024-03-21,55.67567443847656,55.84459686279297,55.57432556152344,55.69819641113281,2233675
Unilever,1,UL,2024-03-22,56.261260986328125,56.621620178222656,56.216217041015625,56.2950439453125,2092750
Unilever,1,UL,2024-03-25,56.41891860961914,56.54279327392578,55.84459686279297,55.900901794433594,3532109
Unilever,1,UL,2024-03-26,56.430179595947266,56.531532287597656,55.88964080810547,55.88964080810547,3076210
Unilever,1,UL,2024-03-27,55.7995491027832,56.46396255493164,55.77702713012695,56.46396255493164,2033964
Unilever,1,UL,2024-03-28,56.2950439453125,56.576576232910156,56.25,56.52027130126953,1145786
Unilever,1,UL,2024-04-01,56.283782958984375,56.44144058227539,55.84459686279297,56.137386322021484,1066488
Unilever,1,UL,2024-04-02,55.70945739746094,55.78828811645508,55.51801681518555,55.57432556152344,2362524
Unilever,1,UL,2024-04-03,55.54054260253906,55.56306457519531,55.033782958984375,55.067569732666016,1824840
Unilever,1,UL,2024-04-04,55.33783721923828,55.41666793823242,54.78603744506836,54.864864349365234,1851658
Unilever,1,UL,2024-04-05,54.59459686279297,54.61711883544922,54.33558654785156,54.5495491027832,1991340
Unilever,1,UL,2024-04-08,54.33558654785156,54.49324417114258,54.23423385620117,54.25675582885742,2172581
Unilever,1,UL,2024-04-09,54.59459686279297,54.695945739746094,54.31306457519531,54.5045051574707,2661869
Unilever,1,UL,2024-04-10,54.2004508972168,54.26801681518555,53.67116928100586,53.761260986328125,2599087
Unilever,1,UL,2024-04-11,54.099098205566406,54.15540313720703,53.58108139038086,53.659908294677734,2342366
Unilever,1,UL,2024-04-12,53.36711883544922,53.43468475341797,52.64639663696289,52.657657623291016,2823218
Unilever,1,UL,2024-04-15,52.96171188354492,53.07432556152344,52.52252197265625,52.60135269165039,2261558
Unilever,1,UL,2024-04-16,52.52252197265625,52.60135269165039,52.33108139038086,52.33108139038086,2585767
Unilever,1,UL,2024-04-17,52.849098205566406,52.98423385620117,52.319820404052734,52.57883071899414,4357505
Unilever,1,UL,2024-04-18,52.90540313720703,53.08558654785156,52.488739013671875,52.759010314941406,5037713
Unilever,1,UL,2024-04-19,53.18693542480469,53.36711883544922,52.9504508972168,53.27702713012695,4415935
Unilever,1,UL,2024-04-22,53.637386322021484,54.144142150878906,53.547298431396484,54.121620178222656,2746229
Unilever,1,UL,2024-04-23,53.840091705322266,54.26801681518555,53.82883071899414,54.031532287597656,2419267
Unilever,1,UL,2024-04-24,54.26801681518555,54.30180358886719,53.907657623291016,54.13288116455078,2631854
Unilever,1,UL,2024-04-25,56.94819641113281,57.567569732666016,56.621620178222656,57.342342376708984,6006787
Unilever,1,UL,2024-04-26,57.680179595947266,58.02927780151367,57.60135269165039,57.702701568603516,3799308
Unilever,1,UL,2024-04-29,58.08558654785156,58.11936950683594,57.81531524658203,57.9954948425293,2969294
Unilever,1,UL,2024-04-30,58.26576614379883,58.51351547241211,58.11936950683594,58.38964080810547,2668973
Unilever,1,UL,2024-05-01,58.11936950683594,58.693695068359375,57.93918991088867,58.41216278076172,2583814
Unilever,1,UL,2024-05-02,58.592342376708984,58.7950439453125,58.468467712402344,58.58108139038086,2531599
Unilever,1,UL,2024-05-03,59.21171188354492,59.27927780151367,58.637386322021484,58.7049560546875,3918833
Unilever,1,UL,2024-05-06,58.783782958984375,58.862613677978516,58.445945739746094,58.72747802734375,2120810
Unilever,1,UL,2024-05-07,59.31306457519531,59.58333206176758,59.11035919189453,59.30180358886719,3187298
Unilever,1,UL,2024-05-08,59.5045051574707,59.61711883544922,59.18918991088867,59.33558654785156,2834407
Unilever,1,UL,2024-05-09,59.740989685058594,60.16891860961914,59.72972869873047,60.157657623291016,3601018
Unilever,1,UL,2024-05-10,60.23648452758789,60.41666793823242,60.12387466430664,60.259010314941406,2718168
Unilever,1,UL,2024-05-13,60.990989685058594,61.12612533569336,60.65315246582031,60.73198318481445,2582748
Unilever,1,UL,2024-05-14,60.76576614379883,60.945945739746094,60.59684753417969,60.855857849121094,1605238
Unilever,1,UL,2024-05-15,61.01351547241211,61.41891860961914,60.945945739746094,61.35135269165039,1681606
Unilever,1,UL,2024-05-16,60.7995491027832,61.03603744506836,60.65315246582031,60.88964080810547,2750758
Unilever,1,UL,2024-05-17,61.52027130126953,61.77927780151367,61.362613677978516,61.65540313720703,2318124
Unilever,1,UL,2024-05-20,61.2950439453125,61.37387466430664,60.95720672607422,60.95720672607422,1237783
Unilever,1,UL,2024-05-21,61.17116928100586,61.362613677978516,61.047298431396484,61.12612533569336,2074901
Unilever,1,UL,2024-05-22,61.024776458740234,61.27252197265625,60.91216278076172,61.047298431396484,1356953
Unilever,1,UL,2024-05-23,61.91441345214844,61.91441345214844,61.14864730834961,61.22747802734375,2039647
Unilever,1,UL,2024-05-24,61.452701568603516,61.84684753417969,61.362613677978516,61.44144058227539,2799953
Unilever,1,UL,2024-05-28,61.283782958984375,61.283782958984375,60.84459686279297,60.95720672607422,1944720
Unilever,1,UL,2024-05-29,60.60810852050781,60.67567443847656,60.24774932861328,60.281532287597656,2151002
Unilever,1,UL,2024-05-30,60.900901794433594,61.12612533569336,60.83333206176758,60.86711883544922,2850835
Unilever,1,UL,2024-05-31,61.047298431396484,61.68918991088867,60.97972869873047,61.65540313720703,2126050
Unilever,1,UL,2024-06-03,61.77927780151367,62.22972869873047,61.71171188354492,62.22972869873047,2977375
Unilever,1,UL,2024-06-04,62.9504508972168,62.97297286987305,62.57883071899414,62.81531524658203,3187298
Unilever,1,UL,2024-06-05,63.17567443847656,63.18693542480469,62.83783721923828,63.16441345214844,2286245
Unilever,1,UL,2024-06-06,62.894142150878906,63.27702713012695,62.88288116455078,63.10810852050781,1483315
Unilever,1,UL,2024-06-07,63.08558654785156,63.14189147949219,62.590091705322266,62.62387466430664,1690042
Unilever,1,UL,2024-06-10,62.680179595947266,62.71396255493164,62.319820404052734,62.60135269165039,1633476
Unilever,1,UL,2024-06-11,62.173423767089844,62.612613677978516,62.0045051574707,62.60135269165039,1641024
Unilever,1,UL,2024-06-12,63.50225067138672,63.58108139038086,63.04054260253906,63.13063049316406,3121054
Unilever,1,UL,2024-06-13,63.19819641113281,63.43468475341797,63.07432556152344,63.38964080810547,2418024
Unilever,1,UL,2024-06-14,63.24324417114258,63.490989685058594,63.08558654785156,63.31081008911133,3089974
Unilever,1,UL,2024-06-17,63.04054260253906,63.592342376708984,62.98423385620117,63.490989685058594,1576733
Unilever,1,UL,2024-06-18,63.355857849121094,63.547298431396484,63.19819641113281,63.2545051574707,1651236
Unilever,1,UL,2024-06-20,63.04054260253906,63.34459686279297,62.98423385620117,63.23198318481445,2195314
Unilever,1,UL,2024-06-21,63.14189147949219,63.33333206176758,62.849098205566406,63.18693542480469,2819755
Unilever,1,UL,2024-06-24,63.18693542480469,63.468467712402344,63.18693542480469,63.400901794433594,1302341
Unilever,1,UL,2024-06-25,63.41216278076172,63.47972869873047,63.01801681518555,63.20945739746094,1439803
Unilever,1,UL,2024-06-26,62.62387466430664,62.92792892456055,62.488739013671875,62.702701568603516,1263713
Unilever,1,UL,2024-06-27,62.725223541259766,62.826576232910156,62.22972869873047,62.33108139038086,1209722
Unilever,1,UL,2024-06-28,61.83558654785156,62.02702713012695,61.58783721923828,61.92567443847656,2208989
Unilever,1,UL,2024-07-01,62.30855941772461,62.725223541259766,61.58783721923828,61.599098205566406,2113174
Unilever,1,UL,2024-07-02,61.37387466430664,61.76801681518555,61.27252197265625,61.73423385620117,1486334
Unilever,1,UL,2024-07-03,61.81306457519531,62.0045051574707,61.76801681518555,61.92567443847656,818470
Unilever,1,UL,2024-07-05,62.409908294677734,62.57883071899414,62.03828811645508,62.488739013671875,1227926
Unilever,1,UL,2024-07-08,62.894142150878906,63.02927780151367,62.71396255493164,62.871620178222656,1412009
Unilever,1,UL,2024-07-09,63.06306457519531,63.07432556152344,62.533782958984375,62.556304931640625,2723851
Unilever,1,UL,2024-07-10,63.31081008911133,63.761260986328125,63.28828811645508,63.67116928100586,2416781
Unilever,1,UL,2024-07-11,64.1441421508789,64.23423767089844,63.7049560546875,63.77252197265625,2616492
Unilever,1,UL,2024-07-12,64.42567443847656,65.12387084960938,64.38063049316406,64.87612915039062,2890262
Unilever,1,UL,2024-07-15,64.85360717773438,64.88739013671875,64.07657623291016,64.1441421508789,1925539
Unilever,1,UL,2024-07-16,64.35810852050781,64.6058578491211,64.16666412353516,64.57207489013672,1808057
Unilever,1,UL,2024-07-17,64.97747802734375,65.55180358886719,64.96621704101562,65.54054260253906,1886645
Unilever,1,UL,2024-07-18,65.93468475341797,66.01351165771484,65.3040542602539,65.36035919189453,1938238
Unilever,1,UL,2024-07-19,65.61936950683594,65.9459457397461,65.14639282226562,65.3490982055664,2715326
Unilever,1,UL,2024-07-22,65.68693542480469,65.74324035644531,65.05630493164062,65.49549865722656,2405770
Unilever,1,UL,2024-07-23,65.01126098632812,65.11260986328125,64.47071838378906,64.49324035644531,2023663
Unilever,1,UL,2024-07-24,63.53603744506836,64.17792510986328,63.51351547241211,63.67116928100586,3885266
Unilever,1,UL,2024-07-25,67.64639282226562,67.86035919189453,66.5090103149414,66.53153228759766,5154662
Unilever,1,UL,2024-07-26,68.08558654785156,68.56981658935547,67.8040542602539,68.38964080810547,7514789
Unilever,1,UL,2024-07-29,68.68243408203125,68.77252197265625,68.27702331542969,68.60360717773438,2785123
Unilever,1,UL,2024-07-30,68.36711883544922,68.87387084960938,68.09684753417969,68.76126098632812,3180461
Unilever,1,UL,2024-07-31,68.95270538330078,69.40315246582031,68.71621704101562,69.1441421508789,1941079
Unilever,1,UL,2024-08-01,69.08783721923828,69.59459686279297,68.59233856201172,69.40315246582031,2739746
Unilever,1,UL,2024-08-02,70.11260986328125,70.55180358886719,69.66216278076172,70.42792510986328,4253964
Unilever,1,UL,2024-08-05,68.3108139038086,68.52477264404297,67.88288116455078,68.37837982177734,3507511
Unilever,1,UL,2024-08-06,67.73648834228516,69.27928161621094,67.70270538330078,69.0540542602539,4652942
Unilever,1,UL,2024-08-07,69.02027130126953,69.51576232910156,68.7950439453125,68.80630493164062,2178175
Unilever,1,UL,2024-08-08,68.85134887695312,69.38063049316406,68.75,69.16666412353516,1525229
Unilever,1,UL,2024-08-09,68.34459686279297,68.37837982177734,67.8941421508789,68.06306457519531,3749580
Unilever,1,UL,2024-08-12,67.86035919189453,68.01802062988281,67.6351318359375,67.78153228759766,2506469
Unilever,1,UL,2024-08-13,68.01802062988281,68.52477264404297,67.95044708251953,68.46846771240234,1555066
Unilever,1,UL,2024-08-14,68.13063049316406,68.68243408203125,68.04054260253906,68.5360336303711,2276477
Unilever,1,UL,2024-08-15,68.7950439453125,69.1891860961914,68.5810775756836,69.08783721923828,2056519
Unilever,1,UL,2024-08-16,68.82882690429688,68.93018341064453,68.55855560302734,68.68243408203125,3062446
Unilever,1,UL,2024-08-19,68.76126098632812,69.35810852050781,68.72747802734375,69.20044708251953,1449926
Unilever,1,UL,2024-08-20,68.9189224243164,69.26802062988281,68.89639282226562,69.0990982055664,902652
Unilever,1,UL,2024-08-21,69.33558654785156,69.71846771240234,69.0990982055664,69.59459686279297,1372493
Unilever,1,UL,2024-08-22,70.83333587646484,71.159912109375,70.33783721923828,70.40540313720703,3962966
Unilever,1,UL,2024-08-23,70.83333587646484,71.6441421508789,70.70945739746094,71.62162017822266,2574046
Unilever,1,UL,2024-08-26,71.36260986328125,71.80180358886719,71.36260986328125,71.65540313720703,1642800
Unilever,1,UL,2024-08-27,72.07207489013672,72.35360717773438,71.90315246582031,72.17342376708984,2089642
Unilever,1,UL,2024-08-28,72.1058578491211,72.51126098632812,72.02702331542969,72.51126098632812,3178507
Unilever,1,UL,2024-08-29,72.38739013671875,73.38964080810547,72.38739013671875,73.26576232910156,3942187
Unilever,1,UL,2024-08-30,72.96171569824219,73.10810852050781,72.4549560546875,72.96171569824219,2750491
Unilever,1,UL,2024-09-03,72.97297668457031,73.23197937011719,72.8490982055664,73.04054260253906,2308534
Unilever,1,UL,2024-09-04,73.07432556152344,73.51351165771484,73.07432556152344,73.3108139038086,1582771
Unilever,1,UL,2024-09-05,73.55855560302734,74.0090103149414,73.50225067138672,73.71621704101562,2109533
Unilever,1,UL,2024-09-06,73.7049560546875,73.93018341064453,73.46846771240234,73.47972869873047,2186966
Unilever,1,UL,2024-09-09,73.71621704101562,74.16666412353516,73.60360717773438,73.86260986328125,2249393
Unilever,1,UL,2024-09-10,73.78378295898438,73.87387084960938,73.28828430175781,73.59233856201172,2970094
Unilever,1,UL,2024-09-11,73.36711883544922,73.42342376708984,72.62387084960938,73.07432556152344,1993560
Unilever,1,UL,2024-09-12,72.8490982055664,73.11936950683594,72.46621704101562,73.06306457519531,1571316
Unilever,1,UL,2024-09-13,73.16441345214844,73.46846771240234,73.09684753417969,73.26576232910156,1842511
Unilever,1,UL,2024-09-16,73.80630493164062,73.89639282226562,73.59233856201172,73.82882690429688,1201464
Unilever,1,UL,2024-09-17,73.05180358886719,73.36711883544922,72.8490982055664,72.99549865722656,1811076
Unilever,1,UL,2024-09-18,73.09684753417969,73.15315246582031,72.42117309570312,72.48873901367188,1361304
Unilever,1,UL,2024-09-19,72.69144439697266,72.7590103149414,72.2860336303711,72.43243408203125,1583215
Unilever,1,UL,2024-09-20,72.53378295898438,72.57882690429688,72.26351165771484,72.53378295898438,1080607
Unilever,1,UL,2024-09-23,72.87162017822266,73.32207489013672,72.74774932861328,73.08558654785156,1278365
Unilever,1,UL,2024-09-24,72.77027130126953,73.20945739746094,72.5450439453125,72.9391860961914,1414051
Unilever,1,UL,2024-09-25,73.63739013671875,73.76126098632812,73.50225067138672,73.5360336303711,1101209
Unilever,1,UL,2024-09-26,72.88288116455078,73.54729461669922,72.6689224243164,73.46846771240234,1184503
Unilever,1,UL,2024-09-27,73.82882690429688,74.17792510986328,73.62612915039062,73.69369506835938,1236451
Unilever,1,UL,2024-09-30,73.71621704101562,73.75,72.77027130126953,73.15315246582031,1666332
Unilever,0,ULVR.L,2024-01-02,4069.8173828125,4097.62353515625,4060.1923828125,4090.13720703125,4431933
Unilever,0,ULVR.L,2024-01-03,4115.26953125,4200.82568359375,4115.26953125,4120.61669921875,6557788
Unilever,0,ULVR.L,2024-01-04,4097.62353515625,4110.45703125,4083.185546875,4109.38720703125,9744895
Unilever,0,ULVR.L,2024-01-05,4102.970703125,4112.06103515625,4081.046630859375,4094.94970703125,4199792
Unilever,0,ULVR.L,2024-01-08,4093.880126953125,4101.90087890625,4071.421630859375,4098.158203125,10677207
Unilever,0,ULVR.L,2024-01-09,4098.158203125,4132.91552734375,4089.602294921875,4128.10302734375,2882308
Unilever,0,ULVR.L,2024-01-10,4131.31103515625,4135.5888671875,4095.484375,4098.158203125,4060223
Unilever,0,ULVR.L,2024-01-11,4097.62353515625,4099.2275390625,4057.518798828125,4059.122802734375,3467757
Unilever,0,ULVR.L,2024-01-12,4091.20654296875,4131.31103515625,4082.1162109375,4112.595703125,5162396
Unilever,0,ULVR.L,2024-01-15,4094.94970703125,4123.443359375,4068.748046875,4082.1162109375,2669358
Unilever,0,ULVR.L,2024-01-16,4082.1162109375,4094.94970703125,4063.935302734375,4078.90771484375,3038280
Unilever,0,ULVR.L,2024-01-17,4053.24072265625,4059.0908203125,4001.639404296875,4022.2265625,3172796
Unilever,0,ULVR.L,2024-01-18,4007.254150390625,4014.740478515625,3965.762451171875,3966.080078125,9879304
Unilever,0,ULVR.L,2024-01-19,3986.39990234375,4010.462646484375,3938.274169921875,3968.75390625,6351411
Unilever,0,ULVR.L,2024-01-22,3981.587158203125,3981.587158203125,3936.13525390625,3950.572998046875,4968789
Unilever,0,ULVR.L,2024-01-23,3951.107666015625,4012.66357421875,3940.4130859375,3994.420654296875,10137337
Unilever,0,ULVR.L,2024-01-24,3986.39990234375,4010.462646484375,3960.73291015625,3982.65673828125,5021296
Unilever,0,ULVR.L,2024-01-25,3967.684326171875,3990.677490234375,3951.642333984375,3986.9345703125,3156618
Unilever,0,ULVR.L,2024-01-26,4023.2958984375,4089.067626953125,4020.087646484375,4089.067626953125,4723583
Unilever,0,ULVR.L,2024-01-29,4066.07421875,4099.2275390625,4063.068115234375,4091.7412109375,3995997
Unilever,0,ULVR.L,2024-01-30,4100.83154296875,4150.5615234375,4099.2275390625,4123.2900390625,4180519
Unilever,0,ULVR.L,2024-01-31,4131.31103515625,4163.9296875,4114.19970703125,4114.19970703125,4068460
Unilever,0,ULVR.L,2024-02-01,4141.47119140625,4151.630859375,4093.345458984375,4123.2900390625,3848080
Unilever,0,ULVR.L,2024-02-02,4161.255859375,4170.87353515625,4123.2900390625,4133.4501953125,4821959
Unilever,0,ULVR.L,2024-02-05,4144.67919921875,4202.43017578125,4142.54052734375,4190.13134765625,5185977
Unilever,0,ULVR.L,2024-02-06,4201.8955078125,4247.34716796875,4193.87451171875,4233.97900390625,6534054
Unilever,0,ULVR.L,2024-02-07,4220.61083984375,4232.90966796875,4167.13818359375,4172.4853515625,7696732
Unilever,0,ULVR.L,2024-02-08,4282.63916015625,4347.34130859375,4273.548828125,4304.0283203125,7727925
Unilever,0,ULVR.L,2024-02-09,4286.38232421875,4306.7021484375,4260.71533203125,4283.70849609375,5087466
Unilever,0,ULVR.L,2024-02-12,4284.7783203125,4290.66015625,4252.6943359375,4270.34033203125,5123935
Unilever,0,ULVR.L,2024-02-13,4280.50048828125,4292.26416015625,4251.09033203125,4269.8056640625,6295403
Unilever,0,ULVR.L,2024-02-14,4280.50048828125,4305.82421875,4259.64599609375,4262.8544921875,2263592
Unilever,0,ULVR.L,2024-02-15,4263.38916015625,4277.2919921875,4233.8623046875,4257.50732421875,3458228
Unilever,0,ULVR.L,2024-02-16,4261.78466796875,4321.1396484375,4260.71533203125,4309.37548828125,5169694
Unilever,0,ULVR.L,2024-02-19,4299.2158203125,4340.39013671875,4294.4033203125,4327.021484375,5690682
Unilever,0,ULVR.L,2024-02-20,4336.1123046875,4348.94580078125,4314.72314453125,4334.5078125,2438661
Unilever,0,ULVR.L,2024-02-21,4348.4111328125,4362.31396484375,4319.27880859375,4336.1123046875,2192675
Unilever,0,ULVR.L,2024-02-22,4293.86865234375,4307.17822265625,4259.111328125,4277.82666015625,12664189
Unilever,0,ULVR.L,2024-02-23,4282.1044921875,4299.2158203125,4262.31982421875,4279.9658203125,5440080
Unilever,0,ULVR.L,2024-02-26,4277.82666015625,4286.38232421875,4255.3681640625,4273.548828125,4555284
Unilever,0,ULVR.L,2024-02-27,4213.6591796875,4230.7705078125,4168.7421875,4187.45751953125,3982641
Unilever,0,ULVR.L,2024-02-28,4173.5546875,4176.76318359375,4129.17236328125,4149.49169921875,3769434
Unilever,0,ULVR.L,2024-02-29,4147.8876953125,4165.166015625,4134.2275390625,4135.05419921875,6857097
Unilever,0,ULVR.L,2024-03-01,4152.7001953125,4171.95068359375,4131.31103515625,4136.65869140625,2847021
Unilever,0,ULVR.L,2024-03-04,4148.42236328125,4152.16552734375,4125.9638671875,4131.31103515625,2422833
Unilever,0,ULVR.L,2024-03-05,4139.33203125,4147.35302734375,4124.8935546875,4139.33203125,2730334
Unilever,0,ULVR.L,2024-03-06,4133.4501953125,4141.47119140625,4094.414794921875,4124.89453125,5117879
Unilever,0,ULVR.L,2024-03-07,4114.734375,4124.89453125,4096.01904296875,4101.3662109375,3591000
Unilever,0,ULVR.L,2024-03-08,4101.3662109375,4105.64404296875,4077.3037109375,4101.90087890625,2565378
Unilever,0,ULVR.L,2024-03-11,4094.414794921875,4125.9638671875,4094.414794921875,4120.61669921875,3758664
Unilever,0,ULVR.L,2024-03-12,4148.95703125,4166.60302734375,4143.60986328125,4155.3740234375,4193365
Unilever,0,ULVR.L,2024-03-13,4153.77001953125,4177.83251953125,4147.35302734375,4176.228515625,4278117
Unilever,0,ULVR.L,2024-03-14,4170.34619140625,4182.1103515625,4138.26171875,4154.83935546875,6071039
Unilever,0,ULVR.L,2024-03-15,4145.7490234375,4156.443359375,4110.99169921875,4118.4775390625,10108004
Unilever,0,ULVR.L,2024-03-18,4116.87353515625,4123.2900390625,4073.293212890625,4076.234130859375,9368053
Unilever,0,ULVR.L,2024-03-19,4255.90283203125,4319.53564453125,4192.27001953125,4201.8955078125,7794095
Unilever,0,ULVR.L,2024-03-20,4187.9921875,4187.9921875,4132.91552734375,4140.9365234375,4040830
Unilever,0,ULVR.L,2024-03-21,4145.2138671875,4192.8046875,4131.31103515625,4178.3671875,5442494
Unilever,0,ULVR.L,2024-03-22,4204.0341796875,4270.34033203125,4195.478515625,4252.6943359375,10681882
Unilever,0,ULVR.L,2024-03-25,4238.79150390625,4256.4375,4229.7001953125,4232.375,3086884
Unilever,0,ULVR.L,2024-03-26,4207.77734375,4252.6943359375,4199.2216796875,4241.46533203125,5752964
Unilever,0,ULVR.L,2024-03-27,4223.2841796875,4248.951171875,4204.56884765625,4237.1875,5467539
Unilever,0,ULVR.L,2024-03-28,4250.5556640625,4259.111328125,4230.7705078125,4251.625,3231798
Unilever,0,ULVR.L,2024-04-02,4252.15966796875,4255.3681640625,4203.49853515625,4208.31201171875,4047974
Unilever,0,ULVR.L,2024-04-03,4192.27001953125,4199.75634765625,4148.42236328125,4148.42236328125,5989450
Unilever,0,ULVR.L,2024-04-04,4148.42236328125,4159.1171875,4128.49951171875,4140.9365234375,3527324
Unilever,0,ULVR.L,2024-04-05,4130.24169921875,4135.4169921875,4094.94970703125,4103.50537109375,4482994
Unilever,0,ULVR.L,2024-04-08,4102.43603515625,4107.783203125,4076.768798828125,4082.1162109375,3402604
Unilever,0,ULVR.L,2024-04-09,4071.421630859375,4091.7412109375,4048.962890625,4086.39404296875,5106771
Unilever,0,ULVR.L,2024-04-10,4096.01904296875,4103.50537109375,4073.024658203125,4082.1162109375,10722721
Unilever,0,ULVR.L,2024-04-11,4073.560546875,4098.158203125,4058.588134765625,4077.83837890625,4423566
Unilever,0,ULVR.L,2024-04-12,4081.046630859375,4092.810791015625,4054.310302734375,4058.588134765625,4547380
Unilever,0,ULVR.L,2024-04-15,4048.962890625,4056.44921875,4019.018310546875,4031.851806640625,4674733
Unilever,0,ULVR.L,2024-04-16,4015.809814453125,4039.337890625,3996.5595703125,4004.0458984375,4597104
Unilever,0,ULVR.L,2024-04-17,4000.83740234375,4038.268310546875,3989.073486328125,3997.629150390625,8802618
Unilever,0,ULVR.L,2024-04-18,4014.740478515625,4059.65771484375,4007.254150390625,4031.851806640625,6284270
Unilever,0,ULVR.L,2024-04-19,4024.365478515625,4093.880126953125,4020.087646484375,4075.699462890625,6212930
Unilever,0,ULVR.L,2024-04-22,4121.68603515625,4158.04736328125,4105.64404296875,4154.83935546875,3208035
Unilever,0,ULVR.L,2024-04-23,4179.4365234375,4184.7841796875,4112.06103515625,4129.17236328125,4407688
Unilever,0,ULVR.L,2024-04-24,4134.51953125,4156.97802734375,4117.408203125,4131.31103515625,4766132
Unilever,0,ULVR.L,2024-04-25,4328.09130859375,4382.0986328125,4278.89599609375,4365.52197265625,11279964
Unilever,0,ULVR.L,2024-04-26,4384.7724609375,4433.96728515625,4381.56396484375,4420.064453125,4566794
Unilever,0,ULVR.L,2024-04-29,4405.09228515625,4433.96728515625,4390.11962890625,4390.11962890625,3180783
Unilever,0,ULVR.L,2024-04-30,4396.53662109375,4440.38427734375,4390.11962890625,4427.55078125,231089
Unilever,0,ULVR.L,2024-05-01,4429.689453125,4420.064453125,4420.064453125,4427.55078125,2961623
Unilever,0,ULVR.L,2024-05-02,4436.1064453125,4472.4677734375,4405.09228515625,4470.3291015625,3719836
Unilever,0,ULVR.L,2024-05-03,4453.2177734375,4478.884765625,4427.55078125,4478.884765625,2185760
Unilever,0,ULVR.L,2024-05-07,4463.912109375,4515.24609375,4463.912109375,4504.5517578125,3890870
Unilever,0,ULVR.L,2024-05-08,4518.45458984375,4555.8857421875,4510.96826171875,4522.732421875,2760758
Unilever,0,ULVR.L,2024-05-09,4524.87109375,4562.30224609375,4493.85693359375,4562.30224609375,4225216
Unilever,0,ULVR.L,2024-05-10,4560.1630859375,4592.2470703125,4530.21826171875,4585.830078125,2933104
Unilever,0,ULVR.L,2024-05-13,4579.41357421875,4635.025390625,4552.67724609375,4613.63623046875,3339170
Unilever,0,ULVR.L,2024-05-14,4609.3583984375,4641.44189453125,4577.2744140625,4586.89990234375,6466879
Unilever,0,ULVR.L,2024-05-15,4591.177734375,4618.9833984375,4560.1630859375,4598.66357421875,2558339
Unilever,0,ULVR.L,2024-05-16,4560.1630859375,4604.01123046875,4525.94091796875,4577.2744140625,2488535
Unilever,0,ULVR.L,2024-05-17,4589.03857421875,4625.400390625,4541.982421875,4615.77490234375,4947660
Unilever,0,ULVR.L,2024-05-20,4618.9833984375,4653.2060546875,4581.55224609375,4582.6220703125,2703586
Unilever,0,ULVR.L,2024-05-21,4556.955078125,4610.427734375,4529.14892578125,4575.1357421875,3350065
Unilever,0,ULVR.L,2024-05-22,4548.3994140625,4595.45556640625,4523.8017578125,4571.92724609375,5707309
Unilever,0,ULVR.L,2024-05-23,4633.95556640625,4659.62255859375,4544.12158203125,4611.4970703125,6164701
Unilever,0,ULVR.L,2024-05-24,4568.71923828125,4639.30322265625,4537.70458984375,4594.3857421875,3924040
Unilever,0,ULVR.L,2024-05-28,4575.1357421875,4622.19189453125,4535.56591796875,4551.60791015625,2537782
Unilever,0,ULVR.L,2024-05-29,4529.14892578125,4539.84375,4501.34326171875,4517.384765625,5313301
Unilever,0,ULVR.L,2024-05-30,4513.107421875,4568.71923828125,4486.37060546875,4554.81591796875,5014454
Unilever,0,ULVR.L,2024-05-31,4548.3994140625,4582.6220703125,4521.6630859375,4576.205078125,8331859
Unilever,0,ULVR.L,2024-06-03,4606.14990234375,4631.81689453125,4595.45556640625,4606.14990234375,4134456
Unilever,0,ULVR.L,2024-06-04,4646.7890625,4693.84521484375,4615.77490234375,4670.3173828125,5022283
Unilever,0,ULVR.L,2024-06-05,4702.40087890625,4721.6513671875,4642.51171875,4684.22021484375,3284134
Unilever,0,ULVR.L,2024-06-06,4674.59521484375,4713.095703125,4646.7890625,4693.84521484375,4796862
Unilever,0,ULVR.L,2024-06-07,4709.88720703125,4724.859375,4689.5673828125,4701.33154296875,3702596
Unilever,0,ULVR.L,2024-06-10,4639.30322265625,4712.0263671875,4617.9140625,4672.45654296875,3294169
Unilever,0,ULVR.L,2024-06-11,4693.84521484375,4715.234375,4636.0947265625,4659.62255859375,3256942
Unilever,0,ULVR.L,2024-06-12,4683.15087890625,4719.51220703125,4630.74755859375,4698.123046875,4272442
Unilever,0,ULVR.L,2024-06-13,4703.470703125,4721.6513671875,4681.01171875,4721.6513671875,2576504
Unilever,0,ULVR.L,2024-06-14,4722.720703125,4759.08251953125,4716.30419921875,4759.08251953125,4730093
Unilever,0,ULVR.L,2024-06-17,4765.4990234375,4772.9853515625,4717.37353515625,4741.970703125,2370182
Unilever,0,ULVR.L,2024-06-18,4745.17919921875,4759.08251953125,4731.2763671875,4746.2490234375,4088612
Unilever,0,ULVR.L,2024-06-19,4722.720703125,4743.04052734375,4705.609375,4740.9013671875,2826631
Unilever,0,ULVR.L,2024-06-20,4747.318359375,4769.77685546875,4706.6787109375,4740.9013671875,8585220
Unilever,0,ULVR.L,2024-06-21,4739.83203125,4769.77685546875,4704.5400390625,4741.970703125,8350374
Unilever,0,ULVR.L,2024-06-24,4732.345703125,4769.77685546875,4705.609375,4745.17919921875,4180061
Unilever,0,ULVR.L,2024-06-25,4745.17919921875,4774.0546875,4716.30419921875,4735.55419921875,2522814
Unilever,0,ULVR.L,2024-06-26,4739.83203125,4749.45703125,4702.40087890625,4726.99853515625,3835204
Unilever,0,ULVR.L,2024-06-27,4722.720703125,4754.80419921875,4681.01171875,4681.01171875,2638012
Unilever,0,ULVR.L,2024-06-28,4693.84521484375,4726.99853515625,4631.60107421875,4646.7890625,4304063
Unilever,0,ULVR.L,2024-07-01,4664.97021484375,4699.19287109375,4617.9140625,4646.7890625,3577711
Unilever,0,ULVR.L,2024-07-02,4606.14990234375,4675.66455078125,4563.37158203125,4607.21923828125,4432973
Unilever,0,ULVR.L,2024-07-03,4644.650390625,4666.03955078125,4574.06640625,4600.802734375,5305515
Unilever,0,ULVR.L,2024-07-04,4627.5390625,4653.2060546875,4574.06640625,4637.1640625,2592920
Unilever,0,ULVR.L,2024-07-05,4644.650390625,4677.8037109375,4608.2890625,4629.67822265625,2709352
Unilever,0,ULVR.L,2024-07-08,4641.44189453125,4663.900390625,4632.88623046875,4649.99755859375,2059894
Unilever,0,ULVR.L,2024-07-09,4677.8037109375,4709.88720703125,4601.8720703125,4673.52587890625,4724938
Unilever,0,ULVR.L,2024-07-10,4658.55322265625,4714.1650390625,4629.67822265625,4714.1650390625,4607219
Unilever,0,ULVR.L,2024-07-11,4721.6513671875,4746.2490234375,4685.28955078125,4712.0263671875,3206684
Unilever,0,ULVR.L,2024-07-12,4716.30419921875,4749.45703125,4683.15087890625,4741.970703125,2723198
Unilever,0,ULVR.L,2024-07-15,4741.970703125,4781.541015625,4712.0263671875,4712.0263671875,3369778
Unilever,0,ULVR.L,2024-07-16,4687.4287109375,4740.9013671875,4653.2060546875,4715.234375,2200930
Unilever,0,ULVR.L,2024-07-17,4704.5400390625,4772.9853515625,4675.66455078125,4770.84619140625,2649938
Unilever,0,ULVR.L,2024-07-18,4833.9443359375,4861.75,4743.04052734375,4828.5966796875,2586419
Unilever,0,ULVR.L,2024-07-19,4806.13818359375,4842.5,4741.970703125,4807.2080078125,2943784
Unilever,0,ULVR.L,2024-07-22,4821.11083984375,4849.986328125,4797.58251953125,4797.58251953125,2791583
Unilever,0,ULVR.L,2024-07-23,4797.58251953125,4814.69384765625,4749.45703125,4753.73486328125,3860608
Unilever,0,ULVR.L,2024-07-24,4717.37353515625,4735.55419921875,4669.248046875,4702.40087890625,4239716
Unilever,0,ULVR.L,2024-07-25,4919.5009765625,5037.14111328125,4891.6328125,4995.43212890625,7374795
Unilever,0,ULVR.L,2024-07-26,4971.904296875,5070.29443359375,4948.3759765625,5070.29443359375,7226920
Unilever,0,ULVR.L,2024-07-29,5070.29443359375,5112.0029296875,5054.25244140625,5063.87744140625,2886151
Unilever,0,ULVR.L,2024-07-30,5056.39111328125,5085.2666015625,5035.001953125,5062.80810546875,3085803
Unilever,0,ULVR.L,2024-07-31,5091.68310546875,5122.943359375,5085.2666015625,5107.72509765625,3712474
Unilever,0,ULVR.L,2024-08-01,5110.93359375,5137.669921875,5090.61376953125,5114.14208984375,2841375
Unilever,0,ULVR.L,2024-08-02,5148.3642578125,5221.08740234375,5132.07666015625,5182.5869140625,4604510
Unilever,0,ULVR.L,2024-08-05,5221.08740234375,5261.72705078125,5059.599609375,5083.12744140625,6685502
Unilever,0,ULVR.L,2024-08-06,5090.61376953125,5128.044921875,5036.0712890625,5124.83642578125,4797927
Unilever,0,ULVR.L,2024-08-07,5144.0869140625,5191.142578125,5107.72509765625,5181.517578125,3194663
Unilever,0,ULVR.L,2024-08-08,5112.0029296875,5131.25341796875,5084.197265625,5113.072265625,4699818
Unilever,0,ULVR.L,2024-08-09,5084.197265625,5105.58642578125,5058.5302734375,5058.5302734375,3164692
Unilever,0,ULVR.L,2024-08-12,5052.11328125,5069.224609375,5028.58544921875,5041.4189453125,4048310
Unilever,0,ULVR.L,2024-08-13,5041.4189453125,5066.01611328125,5025.376953125,5054.25244140625,2405543
Unilever,0,ULVR.L,2024-08-14,5085.2666015625,5105.58642578125,4997.5712890625,5076.7109375,4612014
Unilever,0,ULVR.L,2024-08-15,5078.849609375,5106.65576171875,5070.29443359375,5101.30859375,2323446
Unilever,0,ULVR.L,2024-08-16,5090.61376953125,5092.7529296875,5039.27978515625,5056.39111328125,2702277
Unilever,0,ULVR.L,2024-08-19,5041.4189453125,5075.6416015625,5024.3076171875,5063.87744140625,1542418
Unilever,0,ULVR.L,2024-08-20,5056.39111328125,5061.73828125,5013.61279296875,5049.974609375,1784269
Unilever,0,ULVR.L,2024-08-21,5046.76611328125,5061.73828125,5036.0712890625,5061.73828125,2373479
Unilever,0,ULVR.L,2024-08-22,5112.0029296875,5155.8505859375,5112.0029296875,5123.76708984375,3874848
Unilever,0,ULVR.L,2024-08-23,5122.697265625,5146.2255859375,5105.58642578125,5145.15625,2622737
Unilever,0,ULVR.L,2024-08-27,5165.4755859375,5208.25390625,5152.64208984375,5177.23974609375,5348725
Unilever,0,ULVR.L,2024-08-28,5178.30908203125,5208.25390625,5170.8232421875,5205.0458984375,1869182
Unilever,0,ULVR.L,2024-08-29,5200.76806640625,5253.17138671875,5198.62890625,5253.17138671875,2746116
Unilever,0,ULVR.L,2024-08-30,5285.2548828125,5298.08837890625,5236.06005859375,5246.75439453125,3929065
Unilever,0,ULVR.L,2024-09-02,5255.31005859375,5276.69921875,5239.26806640625,5257.44921875,3752912
Unilever,0,ULVR.L,2024-09-03,5277.7685546875,5302.3662109375,5251.234375,5302.3662109375,4340316
Unilever,0,ULVR.L,2024-09-04,5284.185546875,5306.64404296875,5275.6298828125,5306.64404296875,3512027
Unilever,0,ULVR.L,2024-09-05,5300.2275390625,5346.2138671875,5288.46337890625,5330.171875,2526125
Unilever,0,ULVR.L,2024-09-06,5292.7412109375,5333.38037109375,5280.97705078125,5331.24169921875,3069484
Unilever,0,ULVR.L,2024-09-09,5338.72802734375,5383.64501953125,5322.68603515625,5383.64501953125,1884078
Unilever,0,ULVR.L,2024-09-10,5364.39453125,5381.505859375,5347.283203125,5347.283203125,4922841
Unilever,0,ULVR.L,2024-09-11,5360.11669921875,5360.11669921875,5304.50537109375,5313.06103515625,2267798
Unilever,0,ULVR.L,2024-09-12,5346.2138671875,5349.42236328125,5264.93505859375,5268.1435546875,3108915
Unilever,0,ULVR.L,2024-09-13,5288.46337890625,5307.71337890625,5278.83837890625,5282.04638671875,3344007
Unilever,0,ULVR.L,2024-09-16,5279.90771484375,5311.9912109375,5278.83837890625,5293.810546875,2013098
Unilever,0,ULVR.L,2024-09-17,5345.14453125,5353.7001953125,5245.68505859375,5279.90771484375,3155863
Unilever,0,ULVR.L,2024-09-18,5263.86572265625,5293.810546875,5212.53173828125,5216.8095703125,4295799
Unilever,0,ULVR.L,2024-09-19,5239.26806640625,5256.37939453125,5181.517578125,5190.0732421875,4374299
Unilever,0,ULVR.L,2024-09-20,5179.37890625,5214.6708984375,5166.54541015625,5190.0732421875,6810899
Unilever,0,ULVR.L,2024-09-23,5190.0732421875,5225.89892578125,5172.9619140625,5210.39306640625,2433958
Unilever,0,ULVR.L,2024-09-24,5191.142578125,5205.0458984375,5150.50341796875,5194.35107421875,4524540
Unilever,0,ULVR.L,2024-09-25,5175.10107421875,5246.75439453125,5171.892578125,5241.4072265625,4348603
Unilever,0,ULVR.L,2024-09-26,5269.212890625,5279.90771484375,5137.13525390625,5205.0458984375,4956336
Unilever,0,ULVR.L,2024-09-27,5212.53173828125,5255.31005859375,5195.42041015625,5233.9208984375,5196201
Unilever,0,ULVR.L,2024-09-30,5241.4072265625,5246.75439453125,5174.9970703125,5175.10107421875,6221401
BP,1,BP,2024-01-02,35.63999938964844,35.81999969482422,35.43000030517578,35.5,6915200
BP,1,BP,2024-01-03,35.56999969482422,36.18000030517578,35.439998626708984,36,8032400
BP,1,BP,2024-01-04,36.439998626708984,36.47999954223633,35.72999954223633,35.7599983215332,6915000
BP,1,BP,2024-01-05,36.15999984741211,36.25,35.83000183105469,36.029998779296875,8369000
BP,1,BP,2024-01-08,35.369998931884766,35.459999084472656,35.0099983215332,35.43000030517578,11581400
BP,1,BP,2024-01-09,35.5,35.5099983215332,34.88999938964844,34.88999938964844,9485800
BP,1,BP,2024-01-10,35.06999969482422,35.099998474121094,34.619998931884766,34.70000076293945,9578500
BP,1,BP,2024-01-11,35,35.040000915527344,34.52000045776367,34.61000061035156,10093300
BP,1,BP,2024-01-12,35.11000061035156,35.20000076293945,34.709999084472656,34.86000061035156,9355200
BP,1,BP,2024-01-16,34.599998474121094,34.61000061035156,34.08000183105469,34.279998779296875,10905700
BP,1,BP,2024-01-17,33.77000045776367,34.150001525878906,33.52000045776367,33.900001525878906,9598300
BP,1,BP,2024-01-18,33.959999084472656,34.04999923706055,33.599998474121094,34.029998779296875,11095000
BP,1,BP,2024-01-19,34.02000045776367,34.02000045776367,33.75,33.849998474121094,9540500
BP,1,BP,2024-01-22,34,34.36000061035156,33.619998931884766,34.25,11724900
BP,1,BP,2024-01-23,34.09000015258789,34.41999816894531,34.08000183105469,34.25,8103400
BP,1,BP,2024-01-24,34.470001220703125,34.619998931884766,34.400001525878906,34.560001373291016,9333900
BP,1,BP,2024-01-25,34.849998474121094,35.15999984741211,34.63999938964844,35.150001525878906,8407900
BP,1,BP,2024-01-26,35.43000030517578,35.63999938964844,35.099998474121094,35.630001068115234,8554200
BP,1,BP,2024-01-29,35.68000030517578,35.70000076293945,35.290000915527344,35.630001068115234,7709000
BP,1,BP,2024-01-30,35.5,35.91999816894531,35.279998779296875,35.88999938964844,8170100
BP,1,BP,2024-01-31,35.61000061035156,35.709999084472656,35.08000183105469,35.099998474121094,9114000
BP,1,BP,2024-02-01,35.41999816894531,35.68000030517578,34.93000030517578,35.130001068115234,11885600
BP,1,BP,2024-02-02,34.84000015258789,34.900001525878906,34.459999084472656,34.63999938964844,14654800
BP,1,BP,2024-02-05,34.04999923706055,34.5,33.93000030517578,34.2400016784668,14072800
BP,1,BP,2024-02-06,35.7599983215332,36.529998779296875,35.7400016784668,36.38999938964844,19734900
BP,1,BP,2024-02-07,36.18000030517578,36.349998474121094,35.900001525878906,36.16999816894531,13891100
BP,1,BP,2024-02-08,36.130001068115234,36.310001373291016,35.970001220703125,36.209999084472656,8758400
BP,1,BP,2024-02-09,36.470001220703125,36.66999816894531,36.22999954223633,36.36000061035156,9577400
BP,1,BP,2024-02-12,36.349998474121094,36.54999923706055,36.220001220703125,36.43000030517578,7292600
BP,1,BP,2024-02-13,36.619998931884766,36.650001525878906,35.83000183105469,36.040000915527344,8375000
BP,1,BP,2024-02-14,36.20000076293945,36.290000915527344,35.599998474121094,35.7599983215332,11756200
BP,1,BP,2024-02-15,34.86000061035156,35.720001220703125,34.84000015258789,35.61000061035156,10280800
BP,1,BP,2024-02-16,35.72999954223633,35.77000045776367,35.45000076293945,35.45000076293945,7086800
BP,1,BP,2024-02-20,35.560001373291016,35.59000015258789,35.27000045776367,35.380001068115234,7849200
BP,1,BP,2024-02-21,35.40999984741211,35.77000045776367,35.279998779296875,35.70000076293945,9095700
BP,1,BP,2024-02-22,35.52000045776367,35.66999816894531,35.220001220703125,35.4900016784668,5497300
BP,1,BP,2024-02-23,35.22999954223633,35.459999084472656,35.04999923706055,35.380001068115234,6716100
BP,1,BP,2024-02-26,35.380001068115234,35.540000915527344,35.220001220703125,35.31999969482422,5200900
BP,1,BP,2024-02-27,35.54999923706055,35.63999938964844,35.31999969482422,35.41999816894531,10365600
BP,1,BP,2024-02-28,35.209999084472656,35.380001068115234,34.939998626708984,34.959999084472656,9406600
BP,1,BP,2024-02-29,35.06999969482422,35.189998626708984,34.869998931884766,34.9900016784668,9328600
BP,1,BP,2024-03-01,35.43000030517578,35.81999969482422,35.31999969482422,35.63999938964844,7269400
BP,1,BP,2024-03-04,36,36.029998779296875,35.61000061035156,35.66999816894531,7039700
BP,1,BP,2024-03-05,35.63999938964844,35.95000076293945,35.58000183105469,35.79999923706055,5517700
BP,1,BP,2024-03-06,36.439998626708984,36.63999938964844,36.33000183105469,36.41999816894531,12111500
BP,1,BP,2024-03-07,36.31999969482422,36.650001525878906,36.279998779296875,36.43000030517578,6869000
BP,1,BP,2024-03-08,36.599998474121094,36.689998626708984,36.2400016784668,36.40999984741211,8781800
BP,1,BP,2024-03-11,36.15999984741211,36.4900016784668,35.959999084472656,36.4900016784668,7315500
BP,1,BP,2024-03-12,36.70000076293945,36.7400016784668,36.4900016784668,36.650001525878906,5561400
BP,1,BP,2024-03-13,37,37.38999938964844,37,37.31999969482422,8308000
BP,1,BP,2024-03-14,37.439998626708984,37.5099983215332,37.13999938964844,37.4900016784668,6310000
BP,1,BP,2024-03-15,37.58000183105469,37.79999923706055,37.400001525878906,37.4900016784668,6677900
BP,1,BP,2024-03-18,37.7400016784668,37.939998626708984,37.470001220703125,37.790000915527344,5722200
BP,1,BP,2024-03-19,37.77000045776367,38.040000915527344,37.7400016784668,37.84000015258789,6784500
BP,1,BP,2024-03-20,37.45000076293945,38.02000045776367,37.41999816894531,37.88999938964844,5237900
BP,1,BP,2024-03-21,37.93000030517578,38.040000915527344,37.65999984741211,37.72999954223633,8087300
BP,1,BP,2024-03-22,37.869998931884766,37.869998931884766,37.65999984741211,37.79999923706055,3696200
BP,1,BP,2024-03-25,38.119998931884766,38.47999954223633,38.11000061035156,38.2599983215332,8388700
BP,1,BP,2024-03-26,38.189998626708984,38.220001220703125,37.560001373291016,37.56999969482422,7600900
BP,1,BP,2024-03-27,37.22999954223633,37.4900016784668,37.189998626708984,37.459999084472656,5929300
BP,1,BP,2024-03-28,37.63999938964844,37.810001373291016,37.4900016784668,37.68000030517578,4795500
BP,1,BP,2024-04-01,37.86000061035156,38.040000915527344,37.29999923706055,37.939998626708984,6296900
BP,1,BP,2024-04-02,38.380001068115234,38.709999084472656,38.16999816894531,38.650001525878906,7712900
BP,1,BP,2024-04-03,38.560001373291016,38.939998626708984,38.349998474121094,38.810001373291016,8960600
BP,1,BP,2024-04-04,38.650001525878906,38.72999954223633,38.310001373291016,38.400001525878906,13924400
BP,1,BP,2024-04-05,38.470001220703125,38.709999084472656,38.15999984741211,38.65999984741211,13131500
BP,1,BP,2024-04-08,38.810001373291016,39.189998626708984,38.54999923706055,38.90999984741211,13684900
BP,1,BP,2024-04-09,39.4900016784668,39.54999923706055,39.150001525878906,39.290000915527344,12545100
BP,1,BP,2024-04-10,39.13999938964844,39.459999084472656,38.91999816894531,39.41999816894531,13987900
BP,1,BP,2024-04-11,39.75,40,38.900001525878906,39.650001525878906,16238800
BP,1,BP,2024-04-12,40.06999969482422,40.400001525878906,39.349998474121094,39.439998626708984,21705300
BP,1,BP,2024-04-15,39.529998779296875,39.54999923706055,38.93000030517578,39.06999969482422,18249000
BP,1,BP,2024-04-16,38.63999938964844,38.779998779296875,38.189998626708984,38.630001068115234,13299800
BP,1,BP,2024-04-17,38.560001373291016,38.88999938964844,38.119998931884766,38.369998931884766,10024300
BP,1,BP,2024-04-18,38.290000915527344,38.459999084472656,37.869998931884766,37.91999816894531,10051700
BP,1,BP,2024-04-19,38.11000061035156,38.560001373291016,38.02000045776367,38.52000045776367,10389300
BP,1,BP,2024-04-22,38.43000030517578,39.150001525878906,38.130001068115234,38.90999984741211,13435700
BP,1,BP,2024-04-23,38.90999984741211,39.470001220703125,38.689998626708984,39.290000915527344,13510600
BP,1,BP,2024-04-24,39.58000183105469,39.58000183105469,39.08000183105469,39.34000015258789,8037800
BP,1,BP,2024-04-25,39.400001525878906,39.72999954223633,39.099998474121094,39.619998931884766,6369900
BP,1,BP,2024-04-26,39.5,39.599998474121094,39.11000061035156,39.470001220703125,6807200
BP,1,BP,2024-04-29,39.41999816894531,39.54999923706055,39.290000915527344,39.470001220703125,9570400
BP,1,BP,2024-04-30,39.59000015258789,39.65999984741211,38.72999954223633,38.77000045776367,12085000
BP,1,BP,2024-05-01,38.43000030517578,38.529998779296875,37.9900016784668,38.220001220703125,11142200
BP,1,BP,2024-05-02,38.5099983215332,38.84000015258789,38.439998626708984,38.66999816894531,10021200
BP,1,BP,2024-05-03,38.47999954223633,38.7400016784668,38.11000061035156,38.70000076293945,8070800
BP,1,BP,2024-05-06,38.97999954223633,39.47999954223633,38.91999816894531,39.040000915527344,9853600
BP,1,BP,2024-05-07,38.13999938964844,38.279998779296875,37.5099983215332,37.58000183105469,15953100
BP,1,BP,2024-05-08,37.13999938964844,37.59000015258789,37.040000915527344,37.529998779296875,9648400
BP,1,BP,2024-05-09,37.849998474121094,38.099998474121094,37.779998779296875,38.040000915527344,7583000
BP,1,BP,2024-05-10,38.369998931884766,38.439998626708984,37.779998779296875,37.84000015258789,6165200
BP,1,BP,2024-05-13,38.040000915527344,38.15999984741211,37.880001068115234,38.099998474121094,6142900
BP,1,BP,2024-05-14,38.13999938964844,38.15999984741211,37.779998779296875,37.959999084472656,5925100
BP,1,BP,2024-05-15,37.84000015258789,37.93000030517578,37.279998779296875,37.7599983215332,7873600
BP,1,BP,2024-05-16,37.33000183105469,37.38999938964844,37.0099983215332,37.11000061035156,7899500
BP,1,BP,2024-05-17,37.290000915527344,37.59000015258789,37.209999084472656,37.4900016784668,6458500
BP,1,BP,2024-05-20,37.540000915527344,37.599998474121094,37.220001220703125,37.2599983215332,3736900
BP,1,BP,2024-05-21,37.29999923706055,37.470001220703125,37.029998779296875,37.060001373291016,6526900
BP,1,BP,2024-05-22,36.790000915527344,36.900001525878906,36.439998626708984,36.560001373291016,9517000
BP,1,BP,2024-05-23,37,37.150001525878906,36.33000183105469,36.41999816894531,7323700
BP,1,BP,2024-05-24,36.720001220703125,36.88999938964844,36.63999938964844,36.720001220703125,8183700
BP,1,BP,2024-05-28,37.31999969482422,37.4900016784668,37.119998931884766,37.400001525878906,8891700
BP,1,BP,2024-05-29,37.5099983215332,37.52000045776367,37,37.119998931884766,5612100
BP,1,BP,2024-05-30,36.900001525878906,37.130001068115234,36.81999969482422,36.93000030517578,5244900
BP,1,BP,2024-05-31,37.130001068115234,37.58000183105469,37.060001373291016,37.56999969482422,4452700
BP,1,BP,2024-06-03,37.29999923706055,37.310001373291016,36.34000015258789,36.400001525878906,7013500
BP,1,BP,2024-06-04,35.58000183105469,35.65999984741211,35.290000915527344,35.560001373291016,14236100
BP,1,BP,2024-06-05,35.65999984741211,35.65999984741211,35.22999954223633,35.33000183105469,5522100
BP,1,BP,2024-06-06,35.38999938964844,35.560001373291016,35.27000045776367,35.45000076293945,7633100
BP,1,BP,2024-06-07,35.349998474121094,35.630001068115234,35.130001068115234,35.2599983215332,9836900
BP,1,BP,2024-06-10,35.58000183105469,36.13999938964844,35.470001220703125,35.91999816894531,10584600
BP,1,BP,2024-06-11,35.709999084472656,35.869998931884766,35.5099983215332,35.66999816894531,5439900
BP,1,BP,2024-06-12,36.290000915527344,36.29999923706055,35.43000030517578,35.560001373291016,8880500
BP,1,BP,2024-06-13,35.43000030517578,35.47999954223633,34.9900016784668,35.189998626708984,5188000
BP,1,BP,2024-06-14,35.06999969482422,35.150001525878906,34.709999084472656,34.88999938964844,7014300
BP,1,BP,2024-06-17,35.029998779296875,35.22999954223633,34.72999954223633,35.11000061035156,5230500
BP,1,BP,2024-06-18,35.47999954223633,35.63999938964844,35.31999969482422,35.38999938964844,6023200
BP,1,BP,2024-06-20,35.54999923706055,35.91999816894531,35.47999954223633,35.709999084472656,5149000
BP,1,BP,2024-06-21,35.709999084472656,35.810001373291016,35.459999084472656,35.5099983215332,6500500
BP,1,BP,2024-06-24,35.72999954223633,36.34000015258789,35.72999954223633,36.25,5293000
BP,1,BP,2024-06-25,36.130001068115234,36.130001068115234,35.90999984741211,36.08000183105469,3767100
BP,1,BP,2024-06-26,35.849998474121094,35.88999938964844,35.58000183105469,35.720001220703125,6383100
BP,1,BP,2024-06-27,36.099998474121094,36.15999984741211,35.779998779296875,35.970001220703125,4268500
BP,1,BP,2024-06-28,36.150001525878906,36.2599983215332,35.869998931884766,36.099998474121094,5322000
BP,1,BP,2024-07-01,36.25,36.59000015258789,36.130001068115234,36.43000030517578,5982100
BP,1,BP,2024-07-02,36.849998474121094,36.91999816894531,36.58000183105469,36.7599983215332,7291000
BP,1,BP,2024-07-03,36.869998931884766,37.09000015258789,36.83000183105469,36.970001220703125,3536700
BP,1,BP,2024-07-05,37.38999938964844,37.38999938964844,36.88999938964844,37.04999923706055,4845300
BP,1,BP,2024-07-08,36.599998474121094,36.81999969482422,36.40999984741211,36.54999923706055,4226300
BP,1,BP,2024-07-09,34.79999923706055,35.189998626708984,34.650001525878906,34.79999923706055,13463300
BP,1,BP,2024-07-10,35.0099983215332,35.13999938964844,34.779998779296875,34.900001525878906,7657300
BP,1,BP,2024-07-11,34.86000061035156,35.09000015258789,34.709999084472656,35.04999923706055,8519100
BP,1,BP,2024-07-12,35.47999954223633,35.47999954223633,35.119998931884766,35.189998626708984,7897500
BP,1,BP,2024-07-15,35.0099983215332,35.20000076293945,34.75,35.029998779296875,8696000
BP,1,BP,2024-07-16,34.4900016784668,34.88999938964844,34.380001068115234,34.88999938964844,8226700
BP,1,BP,2024-07-17,35.040000915527344,35.540000915527344,35.040000915527344,35.41999816894531,7683400
BP,1,BP,2024-07-18,35.709999084472656,35.83000183105469,35.470001220703125,35.59000015258789,5479100
BP,1,BP,2024-07-19,35.33000183105469,35.61000061035156,35.209999084472656,35.380001068115234,5153400
BP,1,BP,2024-07-22,35.380001068115234,35.5099983215332,35.209999084472656,35.33000183105469,4811000
BP,1,BP,2024-07-23,35.060001373291016,35.09000015258789,34.779998779296875,34.95000076293945,5203500
BP,1,BP,2024-07-24,35.11000061035156,35.279998779296875,34.619998931884766,34.650001525878906,7232000
BP,1,BP,2024-07-25,34.810001373291016,35.31999969482422,34.630001068115234,35.18000030517578,5355300
BP,1,BP,2024-07-26,35.209999084472656,35.41999816894531,34.959999084472656,35.25,7135500
BP,1,BP,2024-07-29,35.38999938964844,35.41999816894531,34.72999954223633,34.959999084472656,12769000
BP,1,BP,2024-07-30,35.099998474121094,35.349998474121094,34.58000183105469,34.810001373291016,13968300
BP,1,BP,2024-07-31,35.439998626708984,35.560001373291016,35.16999816894531,35.38999938964844,9430600
BP,1,BP,2024-08-01,35.40999984741211,35.459999084472656,34.540000915527344,34.7599983215332,8320400
BP,1,BP,2024-08-02,34.41999816894531,34.560001373291016,33.88999938964844,34.08000183105469,11411600
BP,1,BP,2024-08-05,33,33.290000915527344,32.720001220703125,32.9900016784668,10021000
BP,1,BP,2024-08-06,32.529998779296875,33.20000076293945,32.5099983215332,32.939998626708984,8457700
BP,1,BP,2024-08-07,33.099998474121094,33.400001525878906,33.02000045776367,33.04999923706055,8244700
BP,1,BP,2024-08-08,33.25,33.650001525878906,33.189998626708984,33.5,5262900
BP,1,BP,2024-08-09,33,33.380001068115234,32.88999938964844,33.2599983215332,5443000
BP,1,BP,2024-08-12,33.61000061035156,33.790000915527344,33.47999954223633,33.650001525878906,5847200
BP,1,BP,2024-08-13,33.61000061035156,33.790000915527344,33.459999084472656,33.709999084472656,5524600
BP,1,BP,2024-08-14,33.77000045776367,33.779998779296875,33.58000183105469,33.70000076293945,5685300
BP,1,BP,2024-08-15,34.099998474121094,34.209999084472656,33.959999084472656,34.119998931884766,4664700
BP,1,BP,2024-08-16,33.959999084472656,34.16999816894531,33.939998626708984,34.11000061035156,5158400
BP,1,BP,2024-08-19,34.279998779296875,34.540000915527344,34.119998931884766,34.13999938964844,4399700
BP,1,BP,2024-08-20,33.70000076293945,33.849998474121094,33.36000061035156,33.380001068115234,7044800
BP,1,BP,2024-08-21,33.72999954223633,33.790000915527344,33.47999954223633,33.52000045776367,4645200
BP,1,BP,2024-08-22,33.439998626708984,33.619998931884766,33.380001068115234,33.5,5308200
BP,1,BP,2024-08-23,33.779998779296875,34.119998931884766,33.66999816894531,34.11000061035156,5224600
BP,1,BP,2024-08-26,34.400001525878906,34.59000015258789,34.2400016784668,34.38999938964844,3711200
BP,1,BP,2024-08-27,34.5099983215332,34.52000045776367,34.16999816894531,34.380001068115234,4024700
BP,1,BP,2024-08-28,33.9900016784668,34.25,33.91999816894531,34.22999954223633,4091200
BP,1,BP,2024-08-29,34.310001373291016,34.5,34.13999938964844,34.470001220703125,4664900
BP,1,BP,2024-08-30,33.83000183105469,34,33.70000076293945,33.959999084472656,5680300
BP,1,BP,2024-09-03,33,33.06999969482422,32.709999084472656,32.869998931884766,9499500
BP,1,BP,2024-09-04,32.709999084472656,32.93000030517578,32.34000015258789,32.40999984741211,7381400
BP,1,BP,2024-09-05,32.75,32.7599983215332,32.310001373291016,32.349998474121094,7130100
BP,1,BP,2024-09-06,32.279998779296875,32.38999938964844,31.770000457763672,31.899999618530273,10259000
BP,1,BP,2024-09-09,31.889999389648438,32.04999923706055,31.780000686645508,31.799999237060547,8008000
BP,1,BP,2024-09-10,31.709999084472656,31.719999313354492,30.670000076293945,31.149999618530273,12806600
BP,1,BP,2024-09-11,31.43000030517578,31.450000762939453,30.969999313354492,31.290000915527344,8232600
BP,1,BP,2024-09-12,31.31999969482422,31.68000030517578,31.219999313354492,31.579999923706055,8157100
BP,1,BP,2024-09-13,31.860000610351562,32.02000045776367,31.709999084472656,31.84000015258789,6427300
BP,1,BP,2024-09-16,32.2599983215332,32.43000030517578,32.04999923706055,32.29999923706055,9370600
BP,1,BP,2024-09-17,32.2400016784668,32.59000015258789,32.189998626708984,32.54999923706055,6965600
BP,1,BP,2024-09-18,32.61000061035156,32.810001373291016,32.380001068115234,32.43000030517578,6125700
BP,1,BP,2024-09-19,33.11000061035156,33.20000076293945,32.709999084472656,32.7599983215332,11509400
BP,1,BP,2024-09-20,32.59000015258789,32.7599983215332,32.34000015258789,32.63999938964844,8271700
BP,1,BP,2024-09-23,32.720001220703125,33.09000015258789,32.65999984741211,32.86000061035156,7619300
BP,1,BP,2024-09-24,33.130001068115234,33.16999816894531,32.7400016784668,32.83000183105469,7696500
BP,1,BP,2024-09-25,32.38999938964844,32.41999816894531,31.65999984741211,31.68000030517578,8939100
BP,1,BP,2024-09-26,30.530000686645508,31,30.520000457763672,30.790000915527344,16447800
BP,1,BP,2024-09-27,31,31.469999313354492,30.899999618530273,31.420000076293945,11500200
BP,1,BP,2024-09-30,31.40999984741211,31.729999542236328,31.299999237060547,31.389999389648438,7312300
BP,0,BP.L,2024-01-02,468.79998779296875,472.70001220703125,468.2380065917969,471,33328827
BP,0,BP.L,2024-01-03,470.25,473.20001220703125,465.04998779296875,471.95001220703125,45614156
BP,0,BP.L,2024-01-04,478,481.3999938964844,473.45001220703125,473.45001220703125,42735951
BP,0,BP.L,2024-01-05,469.20001220703125,477,467.29998779296875,473.8500061035156,24320784
BP,0,BP.L,2024-01-08,468.8500061035156,471.54998779296875,459.25,461.45001220703125,55325731
BP,0,BP.L,2024-01-09,465.1000061035156,468.8999938964844,459.3500061035156,459.3500061035156,40706060
BP,0,BP.L,2024-01-10,457.79998779296875,462.29998779296875,455,456.45001220703125,37881695
BP,0,BP.L,2024-01-11,457,459.95001220703125,453.6000061035156,454.20001220703125,58744356
BP,0,BP.L,2024-01-12,457.75,462.1499938964844,454.1499938964844,454.1499938964844,52003173
BP,0,BP.L,2024-01-15,455.54998779296875,458.3999938964844,451.20001220703125,453,18140591
BP,0,BP.L,2024-01-16,450.79998779296875,458.70001220703125,448.20001220703125,452.29998779296875,59228159
BP,0,BP.L,2024-01-17,449,450.45001220703125,442.20001220703125,448.5,31448085
BP,0,BP.L,2024-01-18,446.8500061035156,448.79998779296875,442.8999938964844,444.25,41131760
BP,0,BP.L,2024-01-19,447.6000061035156,449.6499938964844,445.6000061035156,445.79998779296875,37796850
BP,0,BP.L,2024-01-22,444.8999938964844,448.70001220703125,441.04998779296875,446.04998779296875,49223741
BP,0,BP.L,2024-01-23,451,453.3999938964844,448.25,451.20001220703125,73316873
BP,0,BP.L,2024-01-24,448.95001220703125,453.20001220703125,447.95001220703125,452.95001220703125,32364493
BP,0,BP.L,2024-01-25,454.04998779296875,460.6000061035156,454.04998779296875,455.6499938964844,35277281
BP,0,BP.L,2024-01-26,461,465.04998779296875,461,461.70001220703125,62851396
BP,0,BP.L,2024-01-29,469.95001220703125,471.6499938964844,464.79998779296875,465.79998779296875,41911027
BP,0,BP.L,2024-01-30,466,470.70001220703125,465.3500061035156,468.70001220703125,37940033
BP,0,BP.L,2024-01-31,471.25,471.8999938964844,462.45001220703125,462.45001220703125,47790959
BP,0,BP.L,2024-02-01,466,470.20001220703125,463.8999938964844,465.6499938964844,61323779
BP,0,BP.L,2024-02-02,462.20001220703125,462.20001220703125,454.75,458.70001220703125,49932383
BP,0,BP.L,2024-02-05,457,459.75,450.95001220703125,454.1499938964844,80116015
BP,0,BP.L,2024-02-06,475.04998779296875,485.54998779296875,474.54998779296875,478.95001220703125,82162539
BP,0,BP.L,2024-02-07,478.45001220703125,483.29998779296875,474.29998779296875,474.6000061035156,38147418
BP,0,BP.L,2024-02-08,474.6000061035156,480.6499938964844,468.29998779296875,476.25,56004480
BP,0,BP.L,2024-02-09,477.25,485,476.9289855957031,478.45001220703125,36801010
BP,0,BP.L,2024-02-12,476.20001220703125,482.8500061035156,474.70001220703125,479.45001220703125,34478010
BP,0,BP.L,2024-02-13,480.04998779296875,486.95001220703125,477.75,479.75,64524012
BP,0,BP.L,2024-02-14,480.75,484.3500061035156,474.75,476.5,83053311
BP,0,BP.L,2024-02-15,468.95001220703125,471.1000061035156,461.70001220703125,468.75,47956226
BP,0,BP.L,2024-02-16,472.04998779296875,475.8999938964844,469.04998779296875,472,68994296
BP,0,BP.L,2024-02-19,469.54998779296875,476.70001220703125,468.75,474.79998779296875,42919187
BP,0,BP.L,2024-02-20,475.25,475.79998779296875,465.8500061035156,466.54998779296875,74569340
BP,0,BP.L,2024-02-21,466.45001220703125,471.20001220703125,464.70001220703125,470.3999938964844,21160072
BP,0,BP.L,2024-02-22,470.95001220703125,473.5,465.3999938964844,468.20001220703125,28685711
BP,0,BP.L,2024-02-23,467.70001220703125,470.3500061035156,460.6000061035156,466.1000061035156,38609321
BP,0,BP.L,2024-02-26,462.1499938964844,467.78399658203125,461.6000061035156,466.29998779296875,51036423
BP,0,BP.L,2024-02-27,464.75,469.29998779296875,464.6499938964844,466.25,26874287
BP,0,BP.L,2024-02-28,465.45001220703125,466.45001220703125,461.6189880371094,462.29998779296875,44063707
BP,0,BP.L,2024-02-29,461,463.95001220703125,459,460.70001220703125,82613316
BP,0,BP.L,2024-03-01,465.5,471.8500061035156,463.79998779296875,471.6499938964844,28020852
BP,0,BP.L,2024-03-04,475,479.54998779296875,469.3500061035156,469.75,28926170
BP,0,BP.L,2024-03-05,468.54998779296875,471.45001220703125,466.79998779296875,470.8999938964844,38759663
BP,0,BP.L,2024-03-06,470.8999938964844,480.3500061035156,470.54998779296875,478.8999938964844,60267530
BP,0,BP.L,2024-03-07,478,478.8999938964844,474.45001220703125,476.04998779296875,45702232
BP,0,BP.L,2024-03-08,476.8999938964844,480.29998779296875,471.95001220703125,472.1000061035156,28931120
BP,0,BP.L,2024-03-11,470.25,473.1499938964844,467.6000061035156,471.70001220703125,35867890
BP,0,BP.L,2024-03-12,474,480.45001220703125,474,477.45001220703125,31190073
BP,0,BP.L,2024-03-13,478.8999938964844,486.79998779296875,476.79998779296875,485,42579563
BP,0,BP.L,2024-03-14,485,490.04998779296875,483.8500061035156,490,35567441
BP,0,BP.L,2024-03-15,491.6499938964844,495,490.3999938964844,491,90759376
BP,0,BP.L,2024-03-18,493.3500061035156,496.45001220703125,491.1499938964844,493.29998779296875,25477960
BP,0,BP.L,2024-03-19,495,498.95001220703125,492.6000061035156,498.29998779296875,41509699
BP,0,BP.L,2024-03-20,496.1499938964844,497.3999938964844,491.6000061035156,493.6499938964844,38050619
BP,0,BP.L,2024-03-21,497.3999938964844,499.5,494.95001220703125,496.6499938964844,51406366
BP,0,BP.L,2024-03-22,496.54998779296875,503.40899658203125,495.79998779296875,498.8500061035156,30594894
BP,0,BP.L,2024-03-25,500.29998779296875,507.6000061035156,499.9259948730469,505.8999938964844,33098744
BP,0,BP.L,2024-03-26,505.20001220703125,505.34698486328125,497.8999938964844,499.79998779296875,76471060
BP,0,BP.L,2024-03-27,495.6499938964844,496.29998779296875,489.3949890136719,492.79998779296875,36217347
BP,0,BP.L,2024-03-28,495.45001220703125,498.75,493.29998779296875,495.70001220703125,36119907
BP,0,BP.L,2024-04-02,504.1000061035156,511.70001220703125,502.79998779296875,508.6000061035156,87644567
BP,0,BP.L,2024-04-03,510.70001220703125,511.8999938964844,505.29998779296875,511.6000061035156,66997272
BP,0,BP.L,2024-04-04,512,512.7999877929688,505.3999938964844,508.8999938964844,46518238
BP,0,BP.L,2024-04-05,509,511,504.8999938964844,506.1000061035156,66027941
BP,0,BP.L,2024-04-08,505.29998779296875,513.7999877929688,503.8999938964844,509.8999938964844,59384259
BP,0,BP.L,2024-04-09,514,520.2999877929688,513.4000244140625,516.5999755859375,57845460
BP,0,BP.L,2024-04-10,519.7000122070312,523.5,516.0999755859375,520.0999755859375,34307836
BP,0,BP.L,2024-04-11,523,531.5,518.4000244140625,520,36072573
BP,0,BP.L,2024-04-12,530,541,528.0999755859375,539.0999755859375,57022457
BP,0,BP.L,2024-04-15,528.5,534.2999877929688,522.5,527.2999877929688,45839250
BP,0,BP.L,2024-04-16,521.7000122070312,523,511.8999938964844,515.5999755859375,40501558
BP,0,BP.L,2024-04-17,513.2999877929688,520.0999755859375,512,516.7999877929688,41516392
BP,0,BP.L,2024-04-18,511.79998779296875,515.0999755859375,508.20001220703125,512.4000244140625,38651074
BP,0,BP.L,2024-04-19,510.79998779296875,516.0150146484375,504.5880126953125,514.9000244140625,50577770
BP,0,BP.L,2024-04-22,516.0999755859375,523.7999877929688,514.9000244140625,522.5,37823225
BP,0,BP.L,2024-04-23,524.2000122070312,530.5999755859375,521,523.0999755859375,56993159
BP,0,BP.L,2024-04-24,529.2000122070312,531.4000244140625,525.2999877929688,525.5999755859375,59957431
BP,0,BP.L,2024-04-25,523.2999877929688,529.5999755859375,520,526.2999877929688,65563155
BP,0,BP.L,2024-04-26,529.2999877929688,534.02001953125,522.2999877929688,524.7999877929688,26337593
BP,0,BP.L,2024-04-29,524.7999877929688,527.7999877929688,523,523.2999877929688,22279994
BP,0,BP.L,2024-04-30,526,529.2999877929688,520.4000244140625,520.4000244140625,28971121
BP,0,BP.L,2024-05-01,520,510.29998779296875,508.79998779296875,509.3999938964844,4659383
BP,0,BP.L,2024-05-02,508.5,520.4000244140625,503.3999938964844,515.7999877929688,31294101
BP,0,BP.L,2024-05-03,516.2999877929688,520,506.1000061035156,510.3999938964844,26147916
BP,0,BP.L,2024-05-07,506.3999938964844,515.5,499.6000061035156,503.70001220703125,57493548
BP,0,BP.L,2024-05-08,498,500.6000061035156,490.6499938964844,500.5,101765120
BP,0,BP.L,2024-05-09,502.1000061035156,508.20001220703125,497.45001220703125,504.1000061035156,88510542
BP,0,BP.L,2024-05-10,506.1000061035156,511.70001220703125,501,506.20001220703125,45039104
BP,0,BP.L,2024-05-13,505.20001220703125,509.29998779296875,502.1000061035156,505,25990894
BP,0,BP.L,2024-05-14,507.6000061035156,510.79998779296875,501.29998779296875,502.29998779296875,65513117
BP,0,BP.L,2024-05-15,504,507.1000061035156,492.6499938964844,496.95001220703125,28251819
BP,0,BP.L,2024-05-16,491.70001220703125,499.95001220703125,485.54998779296875,489.29998779296875,31637236
BP,0,BP.L,2024-05-17,491,493.1000061035156,487.1000061035156,491.29998779296875,66722822
BP,0,BP.L,2024-05-20,492.20001220703125,497.1000061035156,491.1499938964844,491.25,74139583
BP,0,BP.L,2024-05-21,488.79998779296875,494.20001220703125,485.54998779296875,490.79998779296875,74516350
BP,0,BP.L,2024-05-22,481.75,493.75,477.1000061035156,481.70001220703125,48069299
BP,0,BP.L,2024-05-23,479.8500061035156,486.5,476.70001220703125,482.54998779296875,35339546
BP,0,BP.L,2024-05-24,479.29998779296875,485.45001220703125,476.70001220703125,483,30736913
BP,0,BP.L,2024-05-28,488.25,490.79998779296875,480.1000061035156,487,96467106
BP,0,BP.L,2024-05-29,489.20001220703125,495.3999938964844,487.45001220703125,489.1000061035156,33714893
BP,0,BP.L,2024-05-30,485,492.04998779296875,482.04998779296875,485.25,59508416
BP,0,BP.L,2024-05-31,485.25,488.8500061035156,482.04998779296875,488.1499938964844,49747460
BP,0,BP.L,2024-06-03,491.6000061035156,494.3500061035156,480.45001220703125,481.20001220703125,51535949
BP,0,BP.L,2024-06-04,472.29998779296875,473,460.8999938964844,462.8999938964844,59374020
BP,0,BP.L,2024-06-05,463.8999938964844,466.54998779296875,460.1000061035156,460.3999938964844,37366840
BP,0,BP.L,2024-06-06,462.95001220703125,465.6000061035156,457.6000061035156,463.1499938964844,24191464
BP,0,BP.L,2024-06-07,463.3500061035156,467.20001220703125,460.3500061035156,462.70001220703125,28556083
BP,0,BP.L,2024-06-10,463.6000061035156,471.20001220703125,459.8999938964844,470.8500061035156,31405955
BP,0,BP.L,2024-06-11,471,473.79998779296875,465.8999938964844,468.3500061035156,36666931
BP,0,BP.L,2024-06-12,470.54998779296875,474.54998779296875,463.6499938964844,464.8999938964844,24703041
BP,0,BP.L,2024-06-13,464.3999938964844,465.54998779296875,457.7879943847656,460,34613400
BP,0,BP.L,2024-06-14,460.29998779296875,463.3500061035156,458.29998779296875,460,24629988
BP,0,BP.L,2024-06-17,459.95001220703125,462.1499938964844,457.5,460.6499938964844,21606961
BP,0,BP.L,2024-06-18,461.95001220703125,468,461.54998779296875,466.8500061035156,32364208
BP,0,BP.L,2024-06-19,466,469.1499938964844,465.41900634765625,466.3500061035156,22876709
BP,0,BP.L,2024-06-20,466.54998779296875,472.8999938964844,463.54998779296875,470.5,49565069
BP,0,BP.L,2024-06-21,468.3999938964844,473.3500061035156,464.54998779296875,471,86474396
BP,0,BP.L,2024-06-24,466.6000061035156,475.1000061035156,463.3999938964844,474.1499938964844,41705397
BP,0,BP.L,2024-06-25,475.70001220703125,480.8500061035156,472.95001220703125,473.8999938964844,32854319
BP,0,BP.L,2024-06-26,474.54998779296875,478.5,470.54998779296875,470.54998779296875,26737597
BP,0,BP.L,2024-06-27,472,477.1499938964844,467.70001220703125,472.79998779296875,20914870
BP,0,BP.L,2024-06-28,476.29998779296875,479.6000061035156,474.25,475.20001220703125,34507960
BP,0,BP.L,2024-07-01,479.29998779296875,482.20001220703125,472.29998779296875,478.5,20833173
BP,0,BP.L,2024-07-02,482.8500061035156,490.2489929199219,475.6000061035156,484.70001220703125,28157656
BP,0,BP.L,2024-07-03,485,487.5,481.70001220703125,482.6499938964844,40487574
BP,0,BP.L,2024-07-04,483.5,490.29998779296875,479.75,490.29998779296875,20860189
BP,0,BP.L,2024-07-05,489.3999938964844,493.25,482,482.20001220703125,68684950
BP,0,BP.L,2024-07-08,479.70001220703125,479.95001220703125,474.6499938964844,474.6499938964844,33327293
BP,0,BP.L,2024-07-09,460,463.7659912109375,451.25,454.25,94514575
BP,0,BP.L,2024-07-10,451.5,458.5,448.3999938964844,454.6499938964844,59103197
BP,0,BP.L,2024-07-11,452.79998779296875,457.3999938964844,448.29998779296875,451.79998779296875,27230410
BP,0,BP.L,2024-07-12,455,460.1000061035156,449.04998779296875,453.5,24153584
BP,0,BP.L,2024-07-15,447.45001220703125,456.25,444.29998779296875,449.3999938964844,22978638
BP,0,BP.L,2024-07-16,448.29998779296875,452.1000061035156,443,446.6000061035156,23748366
BP,0,BP.L,2024-07-17,446.79998779296875,454.4639892578125,445.8599853515625,452.70001220703125,21130713
BP,0,BP.L,2024-07-18,458,462.8999938964844,449.95001220703125,459,24358024
BP,0,BP.L,2024-07-19,457.79998779296875,467.29998779296875,449.95001220703125,457.29998779296875,23647860
BP,0,BP.L,2024-07-22,458,459.54998779296875,424.6300048828125,457.79998779296875,32925599
BP,0,BP.L,2024-07-23,456.1499938964844,457.75,450.20001220703125,450.6499938964844,64027598
BP,0,BP.L,2024-07-24,450.04998779296875,521.3400268554688,418,453.04998779296875,24766718
BP,0,BP.L,2024-07-25,448.75,453.95001220703125,444.8500061035156,453.5,18153449
BP,0,BP.L,2024-07-26,457.3500061035156,460,404.739990234375,454.5,19286977
BP,0,BP.L,2024-07-29,462.04998779296875,464.8999938964844,453,453,30170740
BP,0,BP.L,2024-07-30,467.95001220703125,467.95001220703125,450.6000061035156,451.6499938964844,28709940
BP,0,BP.L,2024-07-31,458.95001220703125,463.4100036621094,455.70001220703125,458.8500061035156,55453062
BP,0,BP.L,2024-08-01,459,464.3999938964844,432.92999267578125,453.8999938964844,20946819
BP,0,BP.L,2024-08-02,450.3999938964844,457.20001220703125,444.3500061035156,444.79998779296875,38462239
BP,0,BP.L,2024-08-05,433.45001220703125,521.3400268554688,424.6300048828125,431,80556024
BP,0,BP.L,2024-08-06,434.3999938964844,435.70001220703125,426.1000061035156,430.70001220703125,64260354
BP,0,BP.L,2024-08-07,430.3500061035156,438.8999938964844,418,437.25,53311556
BP,0,BP.L,2024-08-08,430.20001220703125,445.67999267578125,427.8500061035156,431.25,20697887
BP,0,BP.L,2024-08-09,432.45001220703125,434.8999938964844,430.70001220703125,433.75,34523577
BP,0,BP.L,2024-08-12,436,441.3500061035156,435,439.6000061035156,16891334
BP,0,BP.L,2024-08-13,440.95001220703125,441.25,435.54998779296875,437,36515280
BP,0,BP.L,2024-08-14,440.29998779296875,441.45001220703125,389.7699890136719,437,17216347
BP,0,BP.L,2024-08-15,438.8999938964844,445.20001220703125,432.92999267578125,443.45001220703125,24187011
BP,0,BP.L,2024-08-16,442,446.6000061035156,437.6000061035156,441.25,22988743
BP,0,BP.L,2024-08-19,439.3500061035156,443.8070068359375,424.6300048828125,442.04998779296875,20318176
BP,0,BP.L,2024-08-20,436,439.8500061035156,429.3999938964844,429.8500061035156,32364821
BP,0,BP.L,2024-08-21,428.95001220703125,437.1199951171875,418,430.3999938964844,24742499
BP,0,BP.L,2024-08-22,426.8999938964844,445.67999267578125,424.5,426.20001220703125,41043486
BP,0,BP.L,2024-08-23,428.75,430.8500061035156,427.8810119628906,429.29998779296875,33227687
BP,0,BP.L,2024-08-27,433.29998779296875,437.6000061035156,432.1000061035156,432.1499938964844,30872762
BP,0,BP.L,2024-08-28,431.8500061035156,433.5,427.95001220703125,431.54998779296875,16085937
BP,0,BP.L,2024-08-29,429.79998779296875,436.3500061035156,428.3500061035156,434.75,26449293
BP,0,BP.L,2024-08-30,435.8999938964844,438.20001220703125,427.6499938964844,429.3999938964844,53814676
BP,0,BP.L,2024-09-02,429.04998779296875,431.3500061035156,427.79998779296875,430.25,12103622
BP,0,BP.L,2024-09-03,429.1499938964844,430.04998779296875,415.75,416.3500061035156,43111786
BP,0,BP.L,2024-09-04,413.5,419.1000061035156,411.04998779296875,413.8500061035156,36693626
BP,0,BP.L,2024-09-05,411.54998779296875,415.29998779296875,410.5950012207031,411.70001220703125,46140205
BP,0,BP.L,2024-09-06,409.25,412.1499938964844,404.9429931640625,405.70001220703125,31827157
BP,0,BP.L,2024-09-09,407.04998779296875,409.04998779296875,404.8500061035156,406.6499938964844,33085523
BP,0,BP.L,2024-09-10,404.8500061035156,407.70001220703125,395.75,397.45001220703125,37034637
BP,0,BP.L,2024-09-11,399.3500061035156,404.6000061035156,397.5,398.25,36821119
BP,0,BP.L,2024-09-12,404.3500061035156,406.95001220703125,398.8999938964844,403,31903145
BP,0,BP.L,2024-09-13,403,406.45001220703125,402.3999938964844,404.20001220703125,24362540
BP,0,BP.L,2024-09-16,402.6000061035156,410,402.1000061035156,406.1499938964844,25543399
BP,0,BP.L,2024-09-17,408.70001220703125,411.75,407.04998779296875,410.45001220703125,29084397
BP,0,BP.L,2024-09-18,411,412.45001220703125,409.3999938964844,410.3500061035156,46564123
BP,0,BP.L,2024-09-19,414.95001220703125,420.20001220703125,414.63800048828125,417.45001220703125,37958785
BP,0,BP.L,2024-09-20,411.54998779296875,415.2799987792969,406.75,409.54998779296875,92290197
BP,0,BP.L,2024-09-23,411.95001220703125,413.8999938964844,408.8399963378906,411.75,20031081
BP,0,BP.L,2024-09-24,412.79998779296875,416.73699951171875,410.1499938964844,410.1499938964844,75926000
BP,0,BP.L,2024-09-25,407.6000061035156,409.79998779296875,398.6809997558594,400.25,71570657
BP,0,BP.L,2024-09-26,383,387.04998779296875,379.70001220703125,383.8500061035156,116231175
BP,0,BP.L,2024-09-27,385.20001220703125,390.6000061035156,384.45001220703125,388.1499938964844,94870761
BP,0,BP.L,2024-09-30,393,395.45001220703125,388.8500061035156,391.70001220703125,35750230
RioTinto,1,RIO,2024-01-02,74,74.72000122070312,73.97000122070312,74.26000213623047,3051800
RioTinto,1,RIO,2024-01-03,73.11000061035156,73.83999633789062,72.80000305175781,73.55000305175781,3408900
RioTinto,1,RIO,2024-01-04,73.12999725341797,73.38999938964844,72.93000030517578,73.04000091552734,1514100
RioTinto,1,RIO,2024-01-05,72.38999938964844,73.30000305175781,72.33999633789062,72.63999938964844,1759200
RioTinto,1,RIO,2024-01-08,72.2699966430664,72.9000015258789,71.93000030517578,72.83999633789062,2417300
RioTinto,1,RIO,2024-01-09,71.5,71.58000183105469,70.7699966430664,70.86000061035156,2660700
RioTinto,1,RIO,2024-01-10,70.5199966430664,70.63999938964844,70.1500015258789,70.30999755859375,2093200
RioTinto,1,RIO,2024-01-11,70.37999725341797,70.48999786376953,69.45999908447266,70.05999755859375,2225100
RioTinto,1,RIO,2024-01-12,70.70999908447266,70.83000183105469,70.05999755859375,70.18000030517578,1629800
RioTinto,1,RIO,2024-01-16,69.94000244140625,69.94000244140625,68.88999938964844,69.08999633789062,3565200
RioTinto,1,RIO,2024-01-17,68.02999877929688,68.41000366210938,67.86000061035156,68.19999694824219,2553500
RioTinto,1,RIO,2024-01-18,69.38999938964844,69.4000015258789,68.68000030517578,69.16999816894531,2904100
RioTinto,1,RIO,2024-01-19,68.87000274658203,68.9800033569336,68.23999786376953,68.75,3346700
RioTinto,1,RIO,2024-01-22,67.18000030517578,67.69000244140625,67.08999633789062,67.27999877929688,3576300
RioTinto,1,RIO,2024-01-23,68.61000061035156,69.37000274658203,68.44000244140625,68.73999786376953,3084800
RioTinto,1,RIO,2024-01-24,70.7699966430664,70.83999633789062,69.55000305175781,69.55000305175781,4866800
RioTinto,1,RIO,2024-01-25,69.80000305175781,70.11000061035156,69.43000030517578,70.0999984741211,3399000
RioTinto,1,RIO,2024-01-26,71.06999969482422,71.11000061035156,70.68000030517578,70.7699966430664,2157500
RioTinto,1,RIO,2024-01-29,70.75,71.08999633789062,70.30000305175781,71.05000305175781,2272900
RioTinto,1,RIO,2024-01-30,70.44000244140625,70.55999755859375,69.68000030517578,70.19999694824219,3244900
RioTinto,1,RIO,2024-01-31,70.22000122070312,70.79000091552734,69.2699966430664,69.2699966430664,2920100
RioTinto,1,RIO,2024-02-01,69.4800033569336,70.19000244140625,69.33000183105469,70.12000274658203,2094600
RioTinto,1,RIO,2024-02-02,68.87000274658203,69.04000091552734,68.45999908447266,68.4800033569336,2708900
RioTinto,1,RIO,2024-02-05,67.51000213623047,67.79000091552734,67.04000091552734,67.5,2714100
RioTinto,1,RIO,2024-02-06,67.79000091552734,68.44000244140625,67.79000091552734,68.31999969482422,2584000
RioTinto,1,RIO,2024-02-07,68.16000366210938,68.52999877929688,67.91000366210938,68.5199966430664,2188500
RioTinto,1,RIO,2024-02-08,68.0199966430664,68.31999969482422,67.72000122070312,68.11000061035156,2270500
RioTinto,1,RIO,2024-02-09,67.93000030517578,67.98999786376953,67.41999816894531,67.91999816894531,1784200
RioTinto,1,RIO,2024-02-12,67.83000183105469,68.29000091552734,67.73999786376953,68,1969200
RioTinto,1,RIO,2024-02-13,67.55999755859375,67.62000274658203,66.26000213623047,66.6500015258789,2617800
RioTinto,1,RIO,2024-02-14,66.8499984741211,67.12999725341797,66.70999908447266,67.08000183105469,1511300
RioTinto,1,RIO,2024-02-15,67.0199966430664,67.72000122070312,66.97000122070312,67.54000091552734,2668900
RioTinto,1,RIO,2024-02-16,69.41999816894531,69.91000366210938,69.04000091552734,69.12000274658203,3888400
RioTinto,1,RIO,2024-02-20,67.06999969482422,67.12000274658203,65.76000213623047,65.91999816894531,4613100
RioTinto,1,RIO,2024-02-21,65.56999969482422,65.87999725341797,64.86000061035156,65.4800033569336,2882600
RioTinto,1,RIO,2024-02-22,65.66000366210938,65.88999938964844,65.4000015258789,65.69000244140625,2931800
RioTinto,1,RIO,2024-02-23,66.22000122070312,66.48999786376953,65.83000183105469,65.9800033569336,2164200
RioTinto,1,RIO,2024-02-26,64.58999633789062,64.72000122070312,64.11000061035156,64.6500015258789,3414000
RioTinto,1,RIO,2024-02-27,65.33999633789062,65.4800033569336,64.6500015258789,64.9800033569336,3071200
RioTinto,1,RIO,2024-02-28,64,64.19999694824219,63.880001068115234,63.959999084472656,2158700
RioTinto,1,RIO,2024-02-29,64.80999755859375,65.02999877929688,64.27999877929688,64.52999877929688,2073200
RioTinto,1,RIO,2024-03-01,64.5999984741211,65.30000305175781,64.19999694824219,65.13999938964844,2482400
RioTinto,1,RIO,2024-03-04,64.56999969482422,64.94000244140625,64.48999786376953,64.8499984741211,2183700
RioTinto,1,RIO,2024-03-05,64.05999755859375,64.29000091552734,63.66999816894531,63.79999923706055,2912700
RioTinto,1,RIO,2024-03-06,65.19999694824219,65.48999786376953,64.83000183105469,64.8499984741211,2617900
RioTinto,1,RIO,2024-03-07,64.11000061035156,64.33000183105469,63.61000061035156,63.66999816894531,3408600
RioTinto,1,RIO,2024-03-08,63.40999984741211,63.47999954223633,62.58000183105469,62.689998626708984,3068300
RioTinto,1,RIO,2024-03-11,61.08000183105469,62.04999923706055,61.04999923706055,62,4636400
RioTinto,1,RIO,2024-03-12,63.54999923706055,63.560001373291016,62.58000183105469,62.720001220703125,4677700
RioTinto,1,RIO,2024-03-13,62.189998626708984,63.47999954223633,62.04999923706055,63.16999816894531,4825200
RioTinto,1,RIO,2024-03-14,62.63999938964844,62.75,61.68000030517578,62.04999923706055,3710700
RioTinto,1,RIO,2024-03-15,61.779998779296875,62.349998474121094,61.66999816894531,62.18000030517578,3743700
RioTinto,1,RIO,2024-03-18,62.959999084472656,63.040000915527344,62.25,62.27000045776367,2450800
RioTinto,1,RIO,2024-03-19,62.939998626708984,63.150001525878906,62.709999084472656,62.810001373291016,3095000
RioTinto,1,RIO,2024-03-20,62.93000030517578,64.0199966430664,62.84000015258789,63.869998931884766,1940500
RioTinto,1,RIO,2024-03-21,64.44000244140625,64.69999694824219,64.12000274658203,64.12999725341797,2504000
RioTinto,1,RIO,2024-03-22,63.400001525878906,63.54999923706055,63,63,2508200
RioTinto,1,RIO,2024-03-25,63.779998779296875,64.18000030517578,63.369998931884766,63.40999984741211,2368200
RioTinto,1,RIO,2024-03-26,63.029998779296875,63.06999969482422,62.150001525878906,62.16999816894531,2938000
RioTinto,1,RIO,2024-03-27,62.41999816894531,63.4900016784668,62.369998931884766,63.459999084472656,2216900
RioTinto,1,RIO,2024-03-28,63.529998779296875,63.900001525878906,63.22999954223633,63.7400016784668,3254600
RioTinto,1,RIO,2024-04-01,64.33000183105469,64.68000030517578,64.08000183105469,64.18000030517578,2363600
RioTinto,1,RIO,2024-04-02,65,65.33999633789062,64.61000061035156,65.08999633789062,3300400
RioTinto,1,RIO,2024-04-03,64.45999908447266,64.80000305175781,63.720001220703125,64.5999984741211,5273500
RioTinto,1,RIO,2024-04-04,65.26000213623047,65.26000213623047,63.290000915527344,63.29999923706055,3151900
RioTinto,1,RIO,2024-04-05,62.91999816894531,63.11000061035156,62.619998931884766,63,3896700
RioTinto,1,RIO,2024-04-08,65.1500015258789,66.2300033569336,65.1500015258789,66.08000183105469,4714100
RioTinto,1,RIO,2024-04-09,67.37999725341797,67.70999908447266,66.62999725341797,67.26000213623047,3708600
RioTinto,1,RIO,2024-04-10,65.72000122070312,66.54000091552734,65.48999786376953,66.51000213623047,3062500
RioTinto,1,RIO,2024-04-11,66.51000213623047,66.55000305175781,65.4000015258789,66.2699966430664,2101900
RioTinto,1,RIO,2024-04-12,67.5,68.05000305175781,65.98999786376953,65.98999786376953,4339900
RioTinto,1,RIO,2024-04-15,67.9000015258789,68.05000305175781,66.54000091552734,66.7699966430664,3848400
RioTinto,1,RIO,2024-04-16,65.37000274658203,65.86000061035156,64.8499984741211,65.69000244140625,3177000
RioTinto,1,RIO,2024-04-17,67.55000305175781,68.01000213623047,66.55999755859375,66.77999877929688,3839500
RioTinto,1,RIO,2024-04-18,67.54000091552734,67.62000274658203,66.2699966430664,66.68000030517578,3823300
RioTinto,1,RIO,2024-04-19,66.54000091552734,67.22000122070312,66.44000244140625,66.97000122070312,2774500
RioTinto,1,RIO,2024-04-22,66.97000122070312,67.44999694824219,66.47000122070312,67.19999694824219,3867100
RioTinto,1,RIO,2024-04-23,65.87000274658203,66.80000305175781,65.66000366210938,66.63999938964844,2522700
RioTinto,1,RIO,2024-04-24,68.3499984741211,68.3499984741211,67.41999816894531,68.13999938964844,3406800
RioTinto,1,RIO,2024-04-25,67.19000244140625,68.12000274658203,66.70999908447266,67.77999877929688,2964700
RioTinto,1,RIO,2024-04-26,68.86000061035156,68.86000061035156,67.9000015258789,68.23999786376953,3019700
RioTinto,1,RIO,2024-04-29,68.5999984741211,69.0199966430664,68.38999938964844,69.01000213623047,2379400
RioTinto,1,RIO,2024-04-30,68.69999694824219,68.80000305175781,67.7699966430664,67.83000183105469,3281700
RioTinto,1,RIO,2024-05-01,67.9000015258789,68.3499984741211,67.2699966430664,67.5,2330400
RioTinto,1,RIO,2024-05-02,67.91000366210938,68.37999725341797,67.55000305175781,68.27999877929688,2263000
RioTinto,1,RIO,2024-05-03,68.98999786376953,69.12000274658203,68.41999816894531,68.94000244140625,3193800
RioTinto,1,RIO,2024-05-06,69.5,69.93000030517578,69.16999816894531,69.81999969482422,1835900
RioTinto,1,RIO,2024-05-07,70,70.36000061035156,69.94999694824219,70.04000091552734,2081200
RioTinto,1,RIO,2024-05-08,68.8499984741211,69.20999908447266,68.70999908447266,69.0199966430664,1817500
RioTinto,1,RIO,2024-05-09,69.62000274658203,70.13999938964844,69.5199966430664,70,2214000
RioTinto,1,RIO,2024-05-10,70.5,70.56999969482422,69.7699966430664,69.80000305175781,2140000
RioTinto,1,RIO,2024-05-13,69.75,70.12000274658203,69.75,69.83999633789062,1725400
RioTinto,1,RIO,2024-05-14,70,70.08000183105469,69.52999877929688,69.69000244140625,2925700
RioTinto,1,RIO,2024-05-15,70.44999694824219,70.44999694824219,68.98999786376953,70.33000183105469,2576800
RioTinto,1,RIO,2024-05-16,71.08000183105469,72,70.80999755859375,71.91000366210938,4283200
RioTinto,1,RIO,2024-05-17,72.98999786376953,73.6500015258789,72.79000091552734,73.61000061035156,3545200
RioTinto,1,RIO,2024-05-20,73.31999969482422,73.58999633789062,73.02999877929688,73.38999938964844,3373900
RioTinto,1,RIO,2024-05-21,73.55999755859375,74.23999786376953,73.41000366210938,73.4800033569336,4017600
RioTinto,1,RIO,2024-05-22,72.94000244140625,73.06999969482422,71.81999969482422,72.22000122070312,3413700
RioTinto,1,RIO,2024-05-23,72.58999633789062,72.66000366210938,71.16000366210938,71.41999816894531,2580100
RioTinto,1,RIO,2024-05-24,72.1500015258789,72.30000305175781,71.70999908447266,71.8499984741211,1769300
RioTinto,1,RIO,2024-05-28,71.95999908447266,72.01000213623047,70.69000244140625,70.86000061035156,2478200
RioTinto,1,RIO,2024-05-29,69.91000366210938,69.97000122070312,69.41000366210938,69.52999877929688,2371800
RioTinto,1,RIO,2024-05-30,69.23999786376953,69.91999816894531,69.19000244140625,69.73999786376953,2409900
RioTinto,1,RIO,2024-05-31,70.0999984741211,70.25,69.30999755859375,70.0999984741211,1764200
RioTinto,1,RIO,2024-06-03,69.55000305175781,69.5999984741211,68.68000030517578,69.41999816894531,2100900
RioTinto,1,RIO,2024-06-04,68.26000213623047,68.4000015258789,67.87000274658203,68.30999755859375,2611800
RioTinto,1,RIO,2024-06-05,68.12999725341797,68.44000244140625,67.7300033569336,68.08000183105469,2125600
RioTinto,1,RIO,2024-06-06,68.23999786376953,69.2699966430664,68.06999969482422,69.19999694824219,1377000
RioTinto,1,RIO,2024-06-07,68.41999816894531,68.44999694824219,67.81999969482422,68,1775400
RioTinto,1,RIO,2024-06-10,67.83000183105469,68.45999908447266,67.66999816894531,68.25,1210800
RioTinto,1,RIO,2024-06-11,66.4800033569336,67.19999694824219,66.2300033569336,67.18000030517578,1962500
RioTinto,1,RIO,2024-06-12,68.16000366210938,68.2699966430664,66.91000366210938,67.08000183105469,2226400
RioTinto,1,RIO,2024-06-13,66.91000366210938,67.08999633789062,66.6500015258789,66.91999816894531,1818600
RioTinto,1,RIO,2024-06-14,66,66.6500015258789,65.8499984741211,66.51000213623047,1633300
RioTinto,1,RIO,2024-06-17,65.52999877929688,66.1500015258789,65.37999725341797,65.98999786376953,1797400
RioTinto,1,RIO,2024-06-18,65.80999755859375,66.5,65.7699966430664,66.26000213623047,1984400
RioTinto,1,RIO,2024-06-20,66.73999786376953,67.05000305175781,66.45999908447266,66.91999816894531,1823600
RioTinto,1,RIO,2024-06-21,66.02999877929688,66.44000244140625,66.01000213623047,66.4000015258789,1768700
RioTinto,1,RIO,2024-06-24,66.52999877929688,67.04000091552734,66.20999908447266,66.44999694824219,1681400
RioTinto,1,RIO,2024-06-25,66.6500015258789,66.83999633789062,66.33000183105469,66.5199966430664,1543200
RioTinto,1,RIO,2024-06-26,66.83999633789062,66.94999694824219,66.51000213623047,66.80000305175781,1368700
RioTinto,1,RIO,2024-06-27,66,66.16000366210938,65.5,65.81999969482422,2081200
RioTinto,1,RIO,2024-06-28,66.16999816894531,66.38999938964844,65.76000213623047,65.93000030517578,1756300
RioTinto,1,RIO,2024-07-01,66.38999938964844,66.91999816894531,66.12000274658203,66.41000366210938,1988700
RioTinto,1,RIO,2024-07-02,65.45999908447266,66.0199966430664,65.30000305175781,66.01000213623047,1718000
RioTinto,1,RIO,2024-07-03,67.69999694824219,68.43000030517578,67.66999816894531,67.9000015258789,2029400
RioTinto,1,RIO,2024-07-05,67.75,67.86000061035156,67.05000305175781,67.63999938964844,1950900
RioTinto,1,RIO,2024-07-08,67.16999816894531,67.37999725341797,66.73999786376953,67.16999816894531,1910800
RioTinto,1,RIO,2024-07-09,66.94999694824219,67.2699966430664,66.7300033569336,66.9800033569336,1784100
RioTinto,1,RIO,2024-07-10,66.9000015258789,67.58999633789062,66.7699966430664,67.48999786376953,1995300
RioTinto,1,RIO,2024-07-11,68.30999755859375,68.31999969482422,67.77999877929688,68.08000183105469,1673000
RioTinto,1,RIO,2024-07-12,68.25,68.87000274658203,68.22000122070312,68.5199966430664,1617300
RioTinto,1,RIO,2024-07-15,67.66000366210938,68.13999938964844,67.33999633789062,67.55000305175781,1936700
RioTinto,1,RIO,2024-07-16,65.01000213623047,66.3499984741211,64.66000366210938,66.31999969482422,4562100
RioTinto,1,RIO,2024-07-17,66.55999755859375,66.81999969482422,65.76000213623047,65.7699966430664,3407300
RioTinto,1,RIO,2024-07-18,65.83000183105469,65.87000274658203,64.19999694824219,64.37000274658203,3453600
RioTinto,1,RIO,2024-07-19,63.689998626708984,63.9900016784668,63.40999984741211,63.779998779296875,2312400
RioTinto,1,RIO,2024-07-22,63.84000015258789,64.1500015258789,63.709999084472656,63.9900016784668,2678500
RioTinto,1,RIO,2024-07-23,63,63.61000061035156,62.869998931884766,63.529998779296875,2702500
RioTinto,1,RIO,2024-07-24,64.01000213623047,64.16000366210938,63.459999084472656,63.4900016784668,3066000
RioTinto,1,RIO,2024-07-25,64.08999633789062,64.77999877929688,63.52000045776367,64.33000183105469,2484300
RioTinto,1,RIO,2024-07-26,65.12999725341797,65.44999694824219,64.61000061035156,65.05999755859375,2229500
RioTinto,1,RIO,2024-07-29,64.51000213623047,64.83999633789062,64.37000274658203,64.69999694824219,2285300
RioTinto,1,RIO,2024-07-30,63.52000045776367,63.81999969482422,63.279998779296875,63.529998779296875,3318000
RioTinto,1,RIO,2024-07-31,65.1500015258789,65.58000183105469,64.38999938964844,65.16000366210938,3822900
RioTinto,1,RIO,2024-08-01,64.81999969482422,65.22000122070312,63.310001373291016,63.4900016784668,3489200
RioTinto,1,RIO,2024-08-02,64.06999969482422,64.13999938964844,63.08000183105469,63.66999816894531,3892200
RioTinto,1,RIO,2024-08-05,62.349998474121094,63.34000015258789,62.11000061035156,62.970001220703125,4053700
RioTinto,1,RIO,2024-08-06,62.11000061035156,63.45000076293945,61.970001220703125,63.060001373291016,4396200
RioTinto,1,RIO,2024-08-07,63.11000061035156,63.27000045776367,62.369998931884766,62.540000915527344,3817800
RioTinto,1,RIO,2024-08-08,62.84000015258789,63.220001220703125,62.72999954223633,62.91999816894531,2487900
RioTinto,1,RIO,2024-08-09,63.189998626708984,63.599998474121094,62.54999923706055,63.2400016784668,2652500
RioTinto,1,RIO,2024-08-12,63.33000183105469,63.689998626708984,63.15999984741211,63.310001373291016,1919500
RioTinto,1,RIO,2024-08-13,63.27000045776367,63.810001373291016,63.18000030517578,63.75,1887500
RioTinto,1,RIO,2024-08-14,62.5099983215332,62.709999084472656,62.189998626708984,62.439998626708984,2904700
RioTinto,1,RIO,2024-08-15,63.20000076293945,63.2400016784668,62.65999984741211,62.75,3304400
RioTinto,1,RIO,2024-08-16,60.709999084472656,61.529998779296875,60.63999938964844,61.279998779296875,2820600
RioTinto,1,RIO,2024-08-19,62.349998474121094,62.91999816894531,62.279998779296875,62.47999954223633,2784100
RioTinto,1,RIO,2024-08-20,62.439998626708984,62.630001068115234,61.869998931884766,62,2242400
RioTinto,1,RIO,2024-08-21,63.5099983215332,63.59000015258789,63.119998931884766,63.38999938964844,2217400
RioTinto,1,RIO,2024-08-22,62.83000183105469,62.88999938964844,62.47999954223633,62.7400016784668,1761500
RioTinto,1,RIO,2024-08-23,62.56999969482422,63.08000183105469,62.29999923706055,63.02000045776367,2847000
RioTinto,1,RIO,2024-08-26,63.79999923706055,64.4000015258789,63.56999969482422,63.720001220703125,2463500
RioTinto,1,RIO,2024-08-27,63.91999816894531,64.12000274658203,63.619998931884766,64,2399300
RioTinto,1,RIO,2024-08-28,62.84000015258789,63.11000061035156,62.650001525878906,63,2070700
RioTinto,1,RIO,2024-08-29,62.959999084472656,63.58000183105469,62.83000183105469,63.31999969482422,1473900
RioTinto,1,RIO,2024-08-30,63.0099983215332,63.27000045776367,62.63999938964844,63.27000045776367,2238200
RioTinto,1,RIO,2024-09-03,61,61.06999969482422,60.099998474121094,60.34000015258789,3715700
RioTinto,1,RIO,2024-09-04,60.130001068115234,60.58000183105469,60.04999923706055,60.09000015258789,2096500
RioTinto,1,RIO,2024-09-05,60.529998779296875,60.86000061035156,60.369998931884766,60.38999938964844,2035100
RioTinto,1,RIO,2024-09-06,60.09000015258789,60.189998626708984,59.349998474121094,59.709999084472656,3387700
RioTinto,1,RIO,2024-09-09,60.06999969482422,60.459999084472656,59.9900016784668,60.0099983215332,2379100
RioTinto,1,RIO,2024-09-10,59.81999969482422,59.81999969482422,59.400001525878906,59.77000045776367,2092100
RioTinto,1,RIO,2024-09-11,60.7400016784668,61.310001373291016,60.20000076293945,61.209999084472656,2532200
RioTinto,1,RIO,2024-09-12,61.66999816894531,62.08000183105469,61.529998779296875,61.90999984741211,2776100
RioTinto,1,RIO,2024-09-13,62.619998931884766,62.790000915527344,62.47999954223633,62.54999923706055,2033900
RioTinto,1,RIO,2024-09-16,62.93000030517578,63.25,62.79999923706055,63.189998626708984,1845400
RioTinto,1,RIO,2024-09-17,63.5,63.58000183105469,62.779998779296875,62.91999816894531,1868300
RioTinto,1,RIO,2024-09-18,63.31999969482422,63.880001068115234,62.84000015258789,62.90999984741211,2078800
RioTinto,1,RIO,2024-09-19,65.5,65.5,64.63999938964844,65.18000030517578,5144600
RioTinto,1,RIO,2024-09-20,64.30000305175781,64.48999786376953,63.560001373291016,63.56999969482422,2044900
RioTinto,1,RIO,2024-09-23,63.7599983215332,64.61000061035156,63.70000076293945,64.58000183105469,2057000
RioTinto,1,RIO,2024-09-24,67.7699966430664,67.8499984741211,67.26000213623047,67.41999816894531,4128600
RioTinto,1,RIO,2024-09-25,67.94000244140625,67.95999908447266,67.55999755859375,67.66999816894531,3420200
RioTinto,1,RIO,2024-09-26,70.27999877929688,71.08000183105469,70.06999969482422,70.75,5285300
RioTinto,1,RIO,2024-09-27,71.08000183105469,71.45999908447266,70.98999786376953,71.2300033569336,2910600
RioTinto,1,RIO,2024-09-30,71.47000122070312,71.4800033569336,70.69000244140625,71.16999816894531,3347900
RioTinto,0,RIO.L,2024-01-02,5877,5899,5816,5891,1715146
RioTinto,0,RIO.L,2024-01-03,5825,5877,5730,5778,3050277
RioTinto,0,RIO.L,2024-01-04,5762,5809,5728,5754,5818851
RioTinto,0,RIO.L,2024-01-05,5693,5719,5640.658203125,5700,3085773
RioTinto,0,RIO.L,2024-01-08,5653,5689,5626,5685,3777067
RioTinto,0,RIO.L,2024-01-09,5642,5658.94921875,5552,5572,4310948
RioTinto,0,RIO.L,2024-01-10,5530,5541,5497,5505,2633101
RioTinto,0,RIO.L,2024-01-11,5552,5653,5443,5452,9460678
RioTinto,0,RIO.L,2024-01-12,5520,5535,5469.875,5486,2917092
RioTinto,0,RIO.L,2024-01-15,5432,5505,5421,5440,1526898
RioTinto,0,RIO.L,2024-01-16,5404,5521,5383,5465,3396095
RioTinto,0,RIO.L,2024-01-17,5357,5387,5315,5382,2724765
RioTinto,0,RIO.L,2024-01-18,5394,5484,5382,5435,3318032
RioTinto,0,RIO.L,2024-01-19,5476,5489,5379,5379,11379556
RioTinto,0,RIO.L,2024-01-22,5400,5412,5249.865234375,5288,3748888
RioTinto,0,RIO.L,2024-01-23,5390,5450,5357.89990234375,5410,5023839
RioTinto,0,RIO.L,2024-01-24,5500,5575,5467,5494,4348313
RioTinto,0,RIO.L,2024-01-25,5552,5552.375,5448,5481,3220555
RioTinto,0,RIO.L,2024-01-26,5492,5580,5479,5549,1779935
RioTinto,0,RIO.L,2024-01-29,5525,5593,5517.9169921875,5578,2595153
RioTinto,0,RIO.L,2024-01-30,5538,5576,5496,5512,3183516
RioTinto,0,RIO.L,2024-01-31,5545,5555,5482,5503,2311690
RioTinto,0,RIO.L,2024-02-01,5474,5512,5452,5487,3169322
RioTinto,0,RIO.L,2024-02-02,5471,5486,5409,5409,1878438
RioTinto,0,RIO.L,2024-02-05,5382,5430,5331.73193359375,5349,6329195
RioTinto,0,RIO.L,2024-02-06,5408,5443,5358,5394,5104072
RioTinto,0,RIO.L,2024-02-07,5420,5446,5366,5378,2220209
RioTinto,0,RIO.L,2024-02-08,5420,5462,5355,5362,3349957
RioTinto,0,RIO.L,2024-02-09,5369,5402,5321,5344,1642245
RioTinto,0,RIO.L,2024-02-12,5341,5390.125,5330,5355,3056810
RioTinto,0,RIO.L,2024-02-13,5397,5408,5286,5286,1877728
RioTinto,0,RIO.L,2024-02-14,5285,5318,5260.7890625,5309,4831633
RioTinto,0,RIO.L,2024-02-15,5307,5348.9951171875,5290,5328,1330625
RioTinto,0,RIO.L,2024-02-16,5400,5552,5400,5515,3508892
RioTinto,0,RIO.L,2024-02-19,5488,5488,5401,5428,1271424
RioTinto,0,RIO.L,2024-02-20,5365,5370,5210,5230,4366383
RioTinto,0,RIO.L,2024-02-21,5247,5253,5106,5151,2921323
RioTinto,0,RIO.L,2024-02-22,5240,5261,5169.79296875,5170,2567901
RioTinto,0,RIO.L,2024-02-23,5200,5230,5187,5197,2000633
RioTinto,0,RIO.L,2024-02-26,5115,5128,5041,5067,12448763
RioTinto,0,RIO.L,2024-02-27,5154,5164,5111.7958984375,5112,2121772
RioTinto,0,RIO.L,2024-02-28,5088,5094,5029.7900390625,5042,2483574
RioTinto,0,RIO.L,2024-02-29,5100,5132,5079,5079,6378214
RioTinto,0,RIO.L,2024-03-01,5109,5141,5078,5127,1940985
RioTinto,0,RIO.L,2024-03-04,5117,5123,5062,5090,2154073
RioTinto,0,RIO.L,2024-03-05,5074,5084,5001,5026,3723091
RioTinto,0,RIO.L,2024-03-06,5029,5132,5029,5075,7266462
RioTinto,0,RIO.L,2024-03-07,4911.5,5031,4905,4975.5,4679071
RioTinto,0,RIO.L,2024-03-08,4953,4958,4869.30517578125,4869.5,8543431
RioTinto,0,RIO.L,2024-03-11,4770,4809.5,4701,4809.5,12250809
RioTinto,0,RIO.L,2024-03-12,4845,4976.5,4832,4914,10703341
RioTinto,0,RIO.L,2024-03-13,4902,4938,4828,4904.5,5897695
RioTinto,0,RIO.L,2024-03-14,4920,4935.5,4820,4842,3074529
RioTinto,0,RIO.L,2024-03-15,4848,4862,4800,4862,7353990
RioTinto,0,RIO.L,2024-03-18,4876,4932,4872,4886,3424609
RioTinto,0,RIO.L,2024-03-19,4935,4969,4896.5,4937,5455687
RioTinto,0,RIO.L,2024-03-20,4938,4967.5,4906,4940.5,1780473
RioTinto,0,RIO.L,2024-03-21,5051,5081,5028,5048,2472239
RioTinto,0,RIO.L,2024-03-22,5028,5068,4989.5,4997,2528922
RioTinto,0,RIO.L,2024-03-25,5017,5050,4999.5,5013,5496059
RioTinto,0,RIO.L,2024-03-26,4978.5,4980,4904,4918.5,3593545
RioTinto,0,RIO.L,2024-03-27,4910,4978,4896.39990234375,4978,4464670
RioTinto,0,RIO.L,2024-03-28,5016,5050,4980.5,5017,3148055
RioTinto,0,RIO.L,2024-04-02,5101,5170,5098,5117,4723497
RioTinto,0,RIO.L,2024-04-03,5109,5122,5025,5078,3779632
RioTinto,0,RIO.L,2024-04-04,5100,5170,5061.79296875,5094,4923587
RioTinto,0,RIO.L,2024-04-05,4995,5041,4956.5,4974.5,5006298
RioTinto,0,RIO.L,2024-04-08,5066,5195,5049,5184,2889042
RioTinto,0,RIO.L,2024-04-09,5215,5315,5215,5251,6040073
RioTinto,0,RIO.L,2024-04-10,5340,5353,5185,5235,4446054
RioTinto,0,RIO.L,2024-04-11,5306,5332,5197,5230,2727253
RioTinto,0,RIO.L,2024-04-12,5281,5441,5281,5375,6238461
RioTinto,0,RIO.L,2024-04-15,5422,5466,5382,5410,5656133
RioTinto,0,RIO.L,2024-04-16,5300,5305,5199,5254,3120140
RioTinto,0,RIO.L,2024-04-17,5335,5449.35400390625,5317,5388,5836634
RioTinto,0,RIO.L,2024-04-18,5425,5435,5371,5371,4063340
RioTinto,0,RIO.L,2024-04-19,5326,5390,5298,5380,2221703
RioTinto,0,RIO.L,2024-04-22,5354,5455,5346,5386,4068696
RioTinto,0,RIO.L,2024-04-23,5340,5358,5264,5317,4956924
RioTinto,0,RIO.L,2024-04-24,5478,5522,5413,5450,3747275
RioTinto,0,RIO.L,2024-04-25,5509,5517,5344,5379,3845550
RioTinto,0,RIO.L,2024-04-26,5462,5504,5444,5453,2257634
RioTinto,0,RIO.L,2024-04-29,5460,5503,5450,5457,2587978
RioTinto,0,RIO.L,2024-04-30,5459,5459,5459,5472,1429719
RioTinto,0,RIO.L,2024-05-01,5421,5422,5422,5426,96765
RioTinto,0,RIO.L,2024-05-02,5435,5468,5393,5442,3878695
RioTinto,0,RIO.L,2024-05-03,5475,5508,5409,5467,1971474
RioTinto,0,RIO.L,2024-05-07,5556,5605,5553,5591,4626979
RioTinto,0,RIO.L,2024-05-08,5560,5570,5497,5528,3725520
RioTinto,0,RIO.L,2024-05-09,5540,5597,5494,5584,4805033
RioTinto,0,RIO.L,2024-05-10,5610,5682,5550,5605,2756514
RioTinto,0,RIO.L,2024-05-13,5550,5639,5516,5564,2114592
RioTinto,0,RIO.L,2024-05-14,5504,5598,5470,5555,6411373
RioTinto,0,RIO.L,2024-05-15,5605,5682,5463,5522,1741318
RioTinto,0,RIO.L,2024-05-16,5580,5656.0869140625,5488,5649,3009633
RioTinto,0,RIO.L,2024-05-17,5663,5799,5658,5785,3948659
RioTinto,0,RIO.L,2024-05-20,5832,5854,5753,5795,2167409
RioTinto,0,RIO.L,2024-05-21,5724,5839,5685,5825,3017434
RioTinto,0,RIO.L,2024-05-22,5780,5836,5670,5690,3541170
RioTinto,0,RIO.L,2024-05-23,5650,5725,5609,5680,2078933
RioTinto,0,RIO.L,2024-05-24,5640,5715,5602,5655,1689164
RioTinto,0,RIO.L,2024-05-28,5658,5692,5577,5589,2030429
RioTinto,0,RIO.L,2024-05-29,5557,5587,5462,5478,4261070
RioTinto,0,RIO.L,2024-05-30,5365,5511,5344,5488,7081675
RioTinto,0,RIO.L,2024-05-31,5519,5550,5455,5476,6090319
RioTinto,0,RIO.L,2024-06-03,5511,5524,5428,5434,6578287
RioTinto,0,RIO.L,2024-06-04,5414,5419,5315,5352,3286475
RioTinto,0,RIO.L,2024-06-05,5342,5385,5305,5311,4063267
RioTinto,0,RIO.L,2024-06-06,5335,5410,5279,5409,2027575
RioTinto,0,RIO.L,2024-06-07,5400,5442,5350,5352,1741737
RioTinto,0,RIO.L,2024-06-10,5333,5358,5300,5357,1215322
RioTinto,0,RIO.L,2024-06-11,5249,5390,5204,5251,3411502
RioTinto,0,RIO.L,2024-06-12,5268,5309,5219,5249,2748881
RioTinto,0,RIO.L,2024-06-13,5230,5261,5207,5236,2108497
RioTinto,0,RIO.L,2024-06-14,5219,5230,5167,5219,1545429
RioTinto,0,RIO.L,2024-06-17,5146,5181.38720703125,5121,5181,2237360
RioTinto,0,RIO.L,2024-06-18,5180,5213,5138,5208,4006972
RioTinto,0,RIO.L,2024-06-19,5215,5260,5202,5236,4478414
RioTinto,0,RIO.L,2024-06-20,5227,5284,5198,5271,10490145
RioTinto,0,RIO.L,2024-06-21,5250,5303,5201,5234,6924564
RioTinto,0,RIO.L,2024-06-24,5210,5303,5168,5228,2367417
RioTinto,0,RIO.L,2024-06-25,5255,5292,5196,5239,2036443
RioTinto,0,RIO.L,2024-06-26,5308,5343,5267,5267,2024430
RioTinto,0,RIO.L,2024-06-27,5241,5299,5176,5176,3090752
RioTinto,0,RIO.L,2024-06-28,5170,5249,5170,5201,1610436
RioTinto,0,RIO.L,2024-07-01,5218,5269,5169,5234,1645842
RioTinto,0,RIO.L,2024-07-02,5210,5266,5144.875,5170,1632338
RioTinto,0,RIO.L,2024-07-03,5307,5355,5262,5329,2005886
RioTinto,0,RIO.L,2024-07-04,5363,5392,5297,5359,1201137
RioTinto,0,RIO.L,2024-07-05,5350,5392,5230,5259,10915713
RioTinto,0,RIO.L,2024-07-08,5204,5392,5155,5206,1497211
RioTinto,0,RIO.L,2024-07-09,5261,5294,5206,5218,1869306
RioTinto,0,RIO.L,2024-07-10,5189,5250,5162,5224,2778544
RioTinto,0,RIO.L,2024-07-11,5232,5295,5192,5250,1954155
RioTinto,0,RIO.L,2024-07-12,5265,5311,5214,5260,1999282
RioTinto,0,RIO.L,2024-07-15,5250,5292,5173,5192,2711499
RioTinto,0,RIO.L,2024-07-16,5100,5124.3349609375,4978,5071,3193497
RioTinto,0,RIO.L,2024-07-17,5020,5116,5002,5071,3126634
RioTinto,0,RIO.L,2024-07-18,5078,5131,5001,5004,1835861
RioTinto,0,RIO.L,2024-07-19,4964,5102,4894.5,4916,1761584
RioTinto,0,RIO.L,2024-07-22,4920.5,4951,4906.701171875,4944.5,2618932
RioTinto,0,RIO.L,2024-07-23,4876.5,4909,4852.5,4872,2641739
RioTinto,0,RIO.L,2024-07-24,4872,4949.5,4857.5,4937.5,3049269
RioTinto,0,RIO.L,2024-07-25,4874,4975.5,4853,4975.5,2820657
RioTinto,0,RIO.L,2024-07-26,5041,5085,5010,5037,1837863
RioTinto,0,RIO.L,2024-07-29,5045,5066,4989.5,4989.5,2015817
RioTinto,0,RIO.L,2024-07-30,4911.5,4954.5,4891.5,4935.5,2085022
RioTinto,0,RIO.L,2024-07-31,4925,5073.30712890625,4925,5026,4227731
RioTinto,0,RIO.L,2024-08-01,5109,5130,4587.509765625,5004,1701348
RioTinto,0,RIO.L,2024-08-02,4980,5038,4925,4949.5,2119824
RioTinto,0,RIO.L,2024-08-05,4874,4949,4824,4936.5,8315804
RioTinto,0,RIO.L,2024-08-06,4939,4947,4857,4913,7233808
RioTinto,0,RIO.L,2024-08-07,4923.5,4951,4887.5,4923,2343858
RioTinto,0,RIO.L,2024-08-08,4885,4943,4843,4930.5,1309431
RioTinto,0,RIO.L,2024-08-09,4990.5,5016,4894.8017578125,4914.5,3089278
RioTinto,0,RIO.L,2024-08-12,4931.5,4958,4910.5,4942,1090421
RioTinto,0,RIO.L,2024-08-13,4930.5,4946.5,4911.5,4929,1788793
RioTinto,0,RIO.L,2024-08-14,4838.5,4878,4816.5,4853,2724944
RioTinto,0,RIO.L,2024-08-15,4745,4776.5,4587.509765625,4751,4187930
RioTinto,0,RIO.L,2024-08-16,4749.5,4750,4686,4742,2572370
RioTinto,0,RIO.L,2024-08-19,4756.5,4836.5,4522.56982421875,4824.5,1517054
RioTinto,0,RIO.L,2024-08-20,4804,4828,4764,4777,1328140
RioTinto,0,RIO.L,2024-08-21,4822,4891,4820.5,4835.5,5498284
RioTinto,0,RIO.L,2024-08-22,4792.5,4816.5,4769.5,4784,3308735
RioTinto,0,RIO.L,2024-08-23,4801,4812,4740.5,4761.5,1530812
RioTinto,0,RIO.L,2024-08-27,4865,4870,4802.5,4814,4274623
RioTinto,0,RIO.L,2024-08-28,4768,4776,4730.5,4757.5,1278658
RioTinto,0,RIO.L,2024-08-29,4762.5,4795,4751.5,4795,1002237
RioTinto,0,RIO.L,2024-08-30,4818,4829,4756,4770,3149666
RioTinto,0,RIO.L,2024-09-02,4726.5,4741.5,4627,4701.5,1833816
RioTinto,0,RIO.L,2024-09-03,4673,4695.990234375,4584.5,4596.5,3725963
RioTinto,0,RIO.L,2024-09-04,4550,4595,4550,4581,1850341
RioTinto,0,RIO.L,2024-09-05,4562,4619.5,4542.5,4591,1327831
RioTinto,0,RIO.L,2024-09-06,4564.5,4579,4509,4516,2011036
RioTinto,0,RIO.L,2024-09-09,4577,4605,4567,4577,1362294
RioTinto,0,RIO.L,2024-09-10,4587,4598,4534.5,4561,3562398
RioTinto,0,RIO.L,2024-09-11,4605,4653.5,4595.5,4630.5,1949426
RioTinto,0,RIO.L,2024-09-12,4707,4864.36181640625,4695.5,4720.5,6579392
RioTinto,0,RIO.L,2024-09-13,4729.5,4887.87890625,4726,4757,1995971
RioTinto,0,RIO.L,2024-09-16,4723,4777,4702,4774,1399735
RioTinto,0,RIO.L,2024-09-17,4774,4820,4766.5,4789.5,2757872
RioTinto,0,RIO.L,2024-09-18,4770,4783.14990234375,4738,4765.5,4243671
RioTinto,0,RIO.L,2024-09-19,4865,5043.912109375,4844.5,4911.5,3745100
RioTinto,0,RIO.L,2024-09-20,4886.5,4890,4802,4802.5,4779080
RioTinto,0,RIO.L,2024-09-23,4764.5,4834.5,4736,4829.5,1942434
RioTinto,0,RIO.L,2024-09-24,5064,5193.6640625,5000,5049,4660180
RioTinto,0,RIO.L,2024-09-25,5095,5120,5040,5077,2808460
RioTinto,0,RIO.L,2024-09-26,5223,5291.4990234375,5216,5257,7786340
RioTinto,0,RIO.L,2024-09-27,5349,5359,5283,5309,3290224
RioTinto,0,RIO.L,2024-09-30,5443,5474,5297,5299,3827969
SAP,1,SAP,2024-01-02,151.1699981689453,151.27999877929688,149.72999572753906,150.2100067138672,918400
SAP,1,SAP,2024-01-03,150,150.47000122070312,149.42999267578125,149.7899932861328,945400
SAP,1,SAP,2024-01-04,149.5399932861328,149.75,148.3800048828125,148.52000427246094,905700
SAP,1,SAP,2024-01-05,149.47000122070312,151.08999633789062,149.4499969482422,149.85000610351562,576300
SAP,1,SAP,2024-01-08,151.42999267578125,152.69000244140625,151.36000061035156,152.55999755859375,606100
SAP,1,SAP,2024-01-09,151.16000366210938,152.4499969482422,151.16000366210938,152.14999389648438,466600
SAP,1,SAP,2024-01-10,154.83999633789062,156.25999450683594,154.24000549316406,155.83999633789062,961800
SAP,1,SAP,2024-01-11,156.64999389648438,157.25999450683594,154.9600067138672,156.50999450683594,484700
SAP,1,SAP,2024-01-12,157.97999572753906,158.92999267578125,157.6699981689453,158.5399932861328,603900
SAP,1,SAP,2024-01-16,156.77999877929688,157.4499969482422,156.27999877929688,156.82000732421875,523800
SAP,1,SAP,2024-01-17,156.82000732421875,157.91000366210938,155.82000732421875,157.77999877929688,615700
SAP,1,SAP,2024-01-18,159.00999450683594,160.52999877929688,158.94000244140625,160.42999267578125,967100
SAP,1,SAP,2024-01-19,161.17999267578125,163.72000122070312,161.1300048828125,163.4499969482422,763800
SAP,1,SAP,2024-01-22,162.8800048828125,163.72999572753906,162.69000244140625,163.2100067138672,762700
SAP,1,SAP,2024-01-23,161.19000244140625,163.38999938964844,161.07000732421875,163.3800048828125,1157100
SAP,1,SAP,2024-01-24,174.5500030517578,176.38999938964844,173.25999450683594,174.61000061035156,2737500
SAP,1,SAP,2024-01-25,175.9499969482422,175.97000122070312,172.3300018310547,173.44000244140625,1773700
SAP,1,SAP,2024-01-26,173.30999755859375,174.1199951171875,173.0500030517578,173.67999267578125,1070500
SAP,1,SAP,2024-01-29,174.16000366210938,176.4499969482422,173.94000244140625,176.33999633789062,642000
SAP,1,SAP,2024-01-30,176.39999389648438,176.60000610351562,175.25,175.72999572753906,631600
SAP,1,SAP,2024-01-31,175.63999938964844,176.0800018310547,173.0500030517578,173.10000610351562,685900
SAP,1,SAP,2024-02-01,175.11000061035156,177.32000732421875,174.9499969482422,177.22000122070312,601600
SAP,1,SAP,2024-02-02,176.5,177.5500030517578,175.64999389648438,177.05999755859375,851500
SAP,1,SAP,2024-02-05,176.27999877929688,177.49000549316406,175.83999633789062,177.0399932861328,661000
SAP,1,SAP,2024-02-06,179.1699981689453,179.42999267578125,178.0500030517578,178.7899932861328,602300
SAP,1,SAP,2024-02-07,180.07000732421875,181.57000732421875,179.94000244140625,181.17999267578125,619900
SAP,1,SAP,2024-02-08,180.5,181.17999267578125,180.25999450683594,181.16000366210938,558000
SAP,1,SAP,2024-02-09,181.66000366210938,181.94000244140625,180.85000610351562,181.5500030517578,446900
SAP,1,SAP,2024-02-12,179.88999938964844,180.8300018310547,179.08999633789062,179.38999938964844,607300
SAP,1,SAP,2024-02-13,173.25,174.60000610351562,173.08999633789062,173.97999572753906,1023600
SAP,1,SAP,2024-02-14,175.8699951171875,177.50999450683594,175.8300018310547,177.47000122070312,583600
SAP,1,SAP,2024-02-15,177.25999450683594,177.6300048828125,176.3699951171875,177.60000610351562,581100
SAP,1,SAP,2024-02-16,176.6199951171875,178.08999633789062,175.9600067138672,176.91000366210938,456600
SAP,1,SAP,2024-02-20,177.0800018310547,177.6199951171875,175.7100067138672,176.60000610351562,471800
SAP,1,SAP,2024-02-21,175.36000061035156,176.0500030517578,174.8800048828125,175.9199981689453,494700
SAP,1,SAP,2024-02-22,180.3300018310547,181.6999969482422,180.2100067138672,181.69000244140625,573300
SAP,1,SAP,2024-02-23,183.5,184.4600067138672,183.17999267578125,184.22000122070312,731200
SAP,1,SAP,2024-02-26,187.83999633789062,188.13999938964844,187.2899932861328,187.50999450683594,612000
SAP,1,SAP,2024-02-27,188.44000244140625,189.8300018310547,188.0500030517578,189.1699981689453,786900
SAP,1,SAP,2024-02-28,186.99000549316406,187.08999633789062,186.08999633789062,186.6699981689453,533600
SAP,1,SAP,2024-02-29,187.33999633789062,188.1999969482422,186.1300048828125,187.8699951171875,591700
SAP,1,SAP,2024-03-01,187.02999877929688,188.57000732421875,186.80999755859375,188.52999877929688,641300
SAP,1,SAP,2024-03-04,189.36000061035156,191.3300018310547,189.17999267578125,190.82000732421875,659300
SAP,1,SAP,2024-03-05,191.22999572753906,191.33999633789062,186.58999633789062,187.4600067138672,816100
SAP,1,SAP,2024-03-06,190.1999969482422,191.77999877929688,189.9600067138672,190.67999267578125,599600
SAP,1,SAP,2024-03-07,193.25,195.99000549316406,193.1199951171875,195.57000732421875,961400
SAP,1,SAP,2024-03-08,194.25,194.82000732421875,192.38999938964844,192.99000549316406,647400
SAP,1,SAP,2024-03-11,188.52000427246094,190.10000610351562,188.3699951171875,189.8300018310547,1213400
SAP,1,SAP,2024-03-12,191.3000030517578,193.92999267578125,190.6699981689453,193.8300018310547,668200
SAP,1,SAP,2024-03-13,192.8800048828125,193.02999877929688,191.35000610351562,192.50999450683594,676500
SAP,1,SAP,2024-03-14,191.9600067138672,192.52000427246094,189.5,190.4499969482422,659000
SAP,1,SAP,2024-03-15,188.72000122070312,188.85000610351562,187.1999969482422,188.30999755859375,756500
SAP,1,SAP,2024-03-18,188.60000610351562,189.0399932861328,186.57000732421875,186.77000427246094,684500
SAP,1,SAP,2024-03-19,187.67999267578125,188.75,187.10000610351562,188.7100067138672,442600
SAP,1,SAP,2024-03-20,188.77000427246094,190.5399932861328,188.0500030517578,190.3800048828125,412400
SAP,1,SAP,2024-03-21,192.39999389648438,196.61000061035156,192.07000732421875,194.80999755859375,617700
SAP,1,SAP,2024-03-22,194.52000427246094,195.9499969482422,193.72000122070312,195.35000610351562,533300
SAP,1,SAP,2024-03-25,195.14999389648438,196.24000549316406,194.77999877929688,195.27999877929688,419500
SAP,1,SAP,2024-03-26,197.67999267578125,198.55999755859375,196.5800018310547,196.66000366210938,556900
SAP,1,SAP,2024-03-27,199.1999969482422,199.2899932861328,196.27999877929688,197.08999633789062,852700
SAP,1,SAP,2024-03-28,195.49000549316406,196.3000030517578,194.5,195.02999877929688,376200
SAP,1,SAP,2024-04-01,196.3699951171875,197.02000427246094,195.3800048828125,196.02999877929688,554200
SAP,1,SAP,2024-04-02,192.3300018310547,192.5500030517578,190.3300018310547,192.1199951171875,644900
SAP,1,SAP,2024-04-03,190.9600067138672,193.5800018310547,190.8699951171875,193.24000549316406,870000
SAP,1,SAP,2024-04-04,193.22000122070312,194.02000427246094,191.02999877929688,191.02999877929688,1249400
SAP,1,SAP,2024-04-05,191.41000366210938,193.22999572753906,190.9499969482422,191.82000732421875,639300
SAP,1,SAP,2024-04-08,192.77999877929688,193.4600067138672,191.58999633789062,191.6300048828125,519600
SAP,1,SAP,2024-04-09,189.8000030517578,190.1300048828125,186.7100067138672,187.88999938964844,995400
SAP,1,SAP,2024-04-10,184.8800048828125,185.8300018310547,183.5,184.22000122070312,682400
SAP,1,SAP,2024-04-11,183.97999572753906,185.97000122070312,181.99000549316406,185.6699981689453,1037200
SAP,1,SAP,2024-04-12,181.58999633789062,182.75,180.57000732421875,180.77999877929688,987000
SAP,1,SAP,2024-04-15,184.1699981689453,184.4499969482422,180.1999969482422,180.22999572753906,529700
SAP,1,SAP,2024-04-16,181.5,182.33999633789062,180.1300048828125,180.55999755859375,799400
SAP,1,SAP,2024-04-17,181.75999450683594,181.75999450683594,179.22999572753906,179.94000244140625,489600
SAP,1,SAP,2024-04-18,179.91000366210938,180.8300018310547,178.0800018310547,178.63999938964844,1502900
SAP,1,SAP,2024-04-19,178.2100067138672,178.6300048828125,175.0800018310547,175.77000427246094,954100
SAP,1,SAP,2024-04-22,176.58999633789062,178.99000549316406,176.13999938964844,178.17999267578125,1062900
SAP,1,SAP,2024-04-23,184.8300018310547,188.25,184.82000732421875,188.00999450683594,1649200
SAP,1,SAP,2024-04-24,188.52999877929688,189.27000427246094,186.61000061035156,188.07000732421875,1188900
SAP,1,SAP,2024-04-25,181.3699951171875,185.27000427246094,180.16000366210938,185.08999633789062,1557100
SAP,1,SAP,2024-04-26,185.69000244140625,186.8699951171875,185.5800018310547,186.17999267578125,920900
SAP,1,SAP,2024-04-29,184.77000427246094,184.85000610351562,183.07000732421875,183.77000427246094,476700
SAP,1,SAP,2024-04-30,182.64999389648438,183.4600067138672,180.9199981689453,181.2100067138672,773200
SAP,1,SAP,2024-05-01,181.6999969482422,183.42999267578125,179.14999389648438,180.07000732421875,622200
SAP,1,SAP,2024-05-02,181.49000549316406,181.63999938964844,179.7100067138672,180.63999938964844,731400
SAP,1,SAP,2024-05-03,183.61000061035156,184.25999450683594,182.8300018310547,183.4499969482422,377200
SAP,1,SAP,2024-05-06,183.99000549316406,185.47000122070312,183.72000122070312,185.41000366210938,419200
SAP,1,SAP,2024-05-07,187.0399932861328,188.30999755859375,186.64999389648438,187.5399932861328,483600
SAP,1,SAP,2024-05-08,188.88999938964844,190.3699951171875,188.63999938964844,190.30999755859375,907600
SAP,1,SAP,2024-05-09,190.41000366210938,192.02999877929688,190.17999267578125,191.99000549316406,652600
SAP,1,SAP,2024-05-10,189.6999969482422,190.69000244140625,189.41000366210938,190.0500030517578,541800
SAP,1,SAP,2024-05-13,190.91000366210938,191.1999969482422,189.7100067138672,189.9600067138672,356200
SAP,1,SAP,2024-05-14,189.14999389648438,189.92999267578125,188.52999877929688,189.6999969482422,495700
SAP,1,SAP,2024-05-15,189.97999572753906,192.4499969482422,189.83999633789062,192.44000244140625,528300
SAP,1,SAP,2024-05-16,192.5500030517578,192.91000366210938,190.63999938964844,190.6699981689453,855300
SAP,1,SAP,2024-05-17,191.1199951171875,193.08999633789062,190.8000030517578,192.8000030517578,570000
SAP,1,SAP,2024-05-20,194.13999938964844,195.75,193.85000610351562,195.3000030517578,701800
SAP,1,SAP,2024-05-21,195.19000244140625,195.80999755859375,194.58999633789062,194.72000122070312,843000
SAP,1,SAP,2024-05-22,194,195.0800018310547,193.6300048828125,193.91000366210938,540800
SAP,1,SAP,2024-05-23,196.75,196.99000549316406,193.97000122070312,195.02000427246094,844100
SAP,1,SAP,2024-05-24,194.6199951171875,195.63999938964844,193.25999450683594,195.3800048828125,651800
SAP,1,SAP,2024-05-28,193.91000366210938,194.0399932861328,191.6699981689453,192.52000427246094,794900
SAP,1,SAP,2024-05-29,189.9600067138672,191.13999938964844,189.74000549316406,190.3699951171875,747400
SAP,1,SAP,2024-05-30,185.25,185.52999877929688,179.75999450683594,180.25,1950600
SAP,1,SAP,2024-05-31,181.97999572753906,182.64999389648438,179.42999267578125,182.44000244140625,848700
SAP,1,SAP,2024-06-03,183.89999389648438,184.39999389648438,181.83999633789062,184.24000549316406,755000
SAP,1,SAP,2024-06-04,184,184.99000549316406,183.22999572753906,184.22000122070312,470500
SAP,1,SAP,2024-06-05,186.1699981689453,188.77999877929688,185.3699951171875,188.75,697700
SAP,1,SAP,2024-06-06,194.30999755859375,194.47000122070312,192.6999969482422,193.0399932861328,852100
SAP,1,SAP,2024-06-07,191.72999572753906,192.3300018310547,190.91000366210938,191.10000610351562,512900
SAP,1,SAP,2024-06-10,188.8300018310547,190.52000427246094,188.75999450683594,190.24000549316406,456300
SAP,1,SAP,2024-06-11,187.19000244140625,189.5500030517578,186.39999389648438,188.74000549316406,1006300
SAP,1,SAP,2024-06-12,195.1699981689453,197.42999267578125,194.89999389648438,197.1999969482422,1325100
SAP,1,SAP,2024-06-13,195.10000610351562,195.52000427246094,190.3300018310547,192.4199981689453,909600
SAP,1,SAP,2024-06-14,188.16000366210938,188.69000244140625,186.5,187.82000732421875,1359700
SAP,1,SAP,2024-06-17,188.7100067138672,190.41000366210938,188.1699981689453,190.02000427246094,1070100
SAP,1,SAP,2024-06-18,188.8000030517578,189.82000732421875,188.4499969482422,188.6199951171875,681600
SAP,1,SAP,2024-06-20,190.49000549316406,193.44000244140625,190.2100067138672,191.47000122070312,1168800
SAP,1,SAP,2024-06-21,192.8800048828125,194.3000030517578,192.00999450683594,194.16000366210938,650800
SAP,1,SAP,2024-06-24,192.13999938964844,193.3300018310547,191.58999633789062,191.69000244140625,709900
SAP,1,SAP,2024-06-25,193.00999450683594,195.7899932861328,192.41000366210938,195.74000549316406,696100
SAP,1,SAP,2024-06-26,197.3300018310547,199.33999633789062,197.0399932861328,198.58999633789062,1205700
SAP,1,SAP,2024-06-27,199.6699981689453,201.4499969482422,199.61000061035156,200.75,763100
SAP,1,SAP,2024-06-28,201.75999450683594,204.3300018310547,200.88999938964844,201.7100067138672,843300
SAP,1,SAP,2024-07-01,200.5399932861328,200.83999633789062,198.5800018310547,199.4199981689453,753400
SAP,1,SAP,2024-07-02,197.67999267578125,199.3300018310547,197.5500030517578,198.5800018310547,596300
SAP,1,SAP,2024-07-03,201.16000366210938,203.25,201.11000061035156,203.02000427246094,471600
SAP,1,SAP,2024-07-05,205.7100067138672,206.0800018310547,203.72999572753906,205.94000244140625,552300
SAP,1,SAP,2024-07-08,205.64999389648438,205.72999572753906,202.4600067138672,202.7899932861328,544900
SAP,1,SAP,2024-07-09,202.64999389648438,202.64999389648438,199.58999633789062,200.27999877929688,654000
SAP,1,SAP,2024-07-10,201.27000427246094,202.4199981689453,200.58999633789062,202.2899932861328,465900
SAP,1,SAP,2024-07-11,203.77000427246094,204.13999938964844,201.3699951171875,201.72999572753906,613000
SAP,1,SAP,2024-07-12,202.8800048828125,206.33999633789062,202.47000122070312,205.11000061035156,635300
SAP,1,SAP,2024-07-15,205.3300018310547,205.7100067138672,203.25,203.50999450683594,493700
SAP,1,SAP,2024-07-16,204.49000549316406,204.91000366210938,203.5,204.8699951171875,425800
SAP,1,SAP,2024-07-17,201.50999450683594,202.16000366210938,199.1699981689453,200.00999450683594,790500
SAP,1,SAP,2024-07-18,200.6300048828125,200.77000427246094,196.13999938964844,197.22999572753906,795700
SAP,1,SAP,2024-07-19,196.75999450683594,198.6199951171875,196.66000366210938,197.2100067138672,699600
SAP,1,SAP,2024-07-22,199.22999572753906,201.3000030517578,199.0399932861328,200.47000122070312,1058500
SAP,1,SAP,2024-07-23,212.55999755859375,214.94000244140625,211,214.75999450683594,2594000
SAP,1,SAP,2024-07-24,211.85000610351562,212.3300018310547,208.97000122070312,209.39999389648438,1380700
SAP,1,SAP,2024-07-25,210.27999877929688,213.77000427246094,208.89999389648438,210.80999755859375,1378100
SAP,1,SAP,2024-07-26,211.7100067138672,214.0500030517578,210.91000366210938,213.4499969482422,688300
SAP,1,SAP,2024-07-29,211.27000427246094,211.85000610351562,208.69000244140625,209.1999969482422,1005100
SAP,1,SAP,2024-07-30,207.7899932861328,208.67999267578125,206.3699951171875,206.75999450683594,1045500
SAP,1,SAP,2024-07-31,210.7100067138672,212.44000244140625,209.6999969482422,211.60000610351562,491500
SAP,1,SAP,2024-08-01,208.69000244140625,211.08999633789062,204.35000610351562,205.55999755859375,681900
SAP,1,SAP,2024-08-02,204.0800018310547,204.99000549316406,202.6699981689453,204.72000122070312,1144600
SAP,1,SAP,2024-08-05,195.10000610351562,200.77999877929688,194.92999267578125,199.02999877929688,1473800
SAP,1,SAP,2024-08-06,201.2899932861328,204.5500030517578,201.02999877929688,201.72999572753906,898700
SAP,1,SAP,2024-08-07,203.8800048828125,205.91000366210938,201.36000061035156,201.58999633789062,715100
SAP,1,SAP,2024-08-08,203.08999633789062,206.9499969482422,201.7100067138672,206.27999877929688,1038200
SAP,1,SAP,2024-08-09,205.75999450683594,208.99000549316406,205.75999450683594,208.52999877929688,593300
SAP,1,SAP,2024-08-12,207.0800018310547,207.8000030517578,205.50999450683594,205.97999572753906,521200
SAP,1,SAP,2024-08-13,208.4600067138672,211.36000061035156,208.24000549316406,211.02000427246094,413200
SAP,1,SAP,2024-08-14,211.97000122070312,212.7899932861328,210.8300018310547,212.5500030517578,711000
SAP,1,SAP,2024-08-15,213.47999572753906,215.52000427246094,213.44000244140625,214.94000244140625,543200
SAP,1,SAP,2024-08-16,215.6300048828125,217.10000610351562,215.16000366210938,216.1699981689453,546500
SAP,1,SAP,2024-08-19,216.16000366210938,219.05999755859375,215.89999389648438,219.0399932861328,558700
SAP,1,SAP,2024-08-20,219.17999267578125,220.1199951171875,217.1300048828125,217.77000427246094,567900
SAP,1,SAP,2024-08-21,218.82000732421875,219.5,217.8000030517578,218.8699951171875,471800
SAP,1,SAP,2024-08-22,219.67999267578125,220.10000610351562,217.14999389648438,217.25,1449600
SAP,1,SAP,2024-08-23,218.02999877929688,220.1300048828125,217.4600067138672,219.14999389648438,1285100
SAP,1,SAP,2024-08-26,217.41000366210938,217.7899932861328,215.86000061035156,215.86000061035156,1566600
SAP,1,SAP,2024-08-27,216.5500030517578,218.66000366210938,216.3800048828125,217.8300018310547,1007400
SAP,1,SAP,2024-08-28,218.6300048828125,219.0399932861328,216.58999633789062,216.92999267578125,642900
SAP,1,SAP,2024-08-29,219.4499969482422,221.24000549316406,218.25,218.77999877929688,736400
SAP,1,SAP,2024-08-30,218.85000610351562,219.85000610351562,217.58999633789062,219.7100067138672,355900
SAP,1,SAP,2024-09-03,220.33999633789062,220.52999877929688,215.52000427246094,216.49000549316406,779600
SAP,1,SAP,2024-09-04,213.74000549316406,216.22000122070312,213.41000366210938,215.42999267578125,586800
SAP,1,SAP,2024-09-05,212.50999450683594,214.19000244140625,211.9199981689453,212.60000610351562,1305000
SAP,1,SAP,2024-09-06,214.30999755859375,214.80999755859375,210.3800048828125,211.3300018310547,682400
SAP,1,SAP,2024-09-09,212.0800018310547,214.5399932861328,211.66000366210938,213.97999572753906,836000
SAP,1,SAP,2024-09-10,213.39999389648438,214.55999755859375,210.80999755859375,213.9199981689453,1422100
SAP,1,SAP,2024-09-11,214.82000732421875,217.92999267578125,212.11000061035156,217.6199951171875,732700
SAP,1,SAP,2024-09-12,218.4600067138672,221.17999267578125,217.8800048828125,221.00999450683594,562700
SAP,1,SAP,2024-09-13,221.1999969482422,222.64999389648438,220.72999572753906,221.27999877929688,549100
SAP,1,SAP,2024-09-16,223.52000427246094,223.89999389648438,222.3000030517578,223.60000610351562,646000
SAP,1,SAP,2024-09-17,223.25999450683594,223.50999450683594,221.33999633789062,222.05999755859375,621800
SAP,1,SAP,2024-09-18,222.4600067138672,224.0500030517578,221.14999389648438,221.8800048828125,591000
SAP,1,SAP,2024-09-19,229.13999938964844,230.19000244140625,228.27000427246094,228.97000122070312,784400
SAP,1,SAP,2024-09-20,229.17999267578125,229.27999877929688,227.00999450683594,228.80999755859375,577800
SAP,1,SAP,2024-09-23,230.47000122070312,230.85000610351562,229.77000427246094,230.44000244140625,374900
SAP,1,SAP,2024-09-24,229.9199981689453,231.1300048828125,228.25999450683594,230.92999267578125,572900
SAP,1,SAP,2024-09-25,224.9600067138672,225.9199981689453,223.2899932861328,223.2899932861328,1305200
SAP,1,SAP,2024-09-26,229.63999938964844,229.63999938964844,226.66000366210938,228.11000061035156,1057000
SAP,1,SAP,2024-09-27,228.63999938964844,229.67999267578125,227.72999572753906,228,618100
SAP,1,SAP,2024-09-30,229.60000610351562,229.88999938964844,227.27999877929688,229.10000610351562,488500
SAP,0,SAP.DE,2024-01-02,140,140.6999969482422,136.60000610351562,137.33999633789062,1442435
SAP,0,SAP.DE,2024-01-03,136.97999572753906,138.6199951171875,136.60000610351562,137.1199951171875,1311703
SAP,0,SAP.DE,2024-01-04,136.9199981689453,137.75999450683594,136.17999267578125,136.44000244140625,1114133
SAP,0,SAP.DE,2024-01-05,134.82000732421875,137.5800018310547,134.4199981689453,137.0800018310547,1171604
SAP,0,SAP.DE,2024-01-08,136.97999572753906,139,136.9600067138672,138.77999877929688,992579
SAP,0,SAP.DE,2024-01-09,139.0399932861328,139.83999633789062,137.4199981689453,139.27999877929688,1043679
SAP,0,SAP.DE,2024-01-10,139.8800048828125,142.10000610351562,139.66000366210938,142.0399932861328,1619033
SAP,0,SAP.DE,2024-01-11,142.44000244140625,143.74000549316406,141.8800048828125,141.8800048828125,1354264
SAP,0,SAP.DE,2024-01-12,142.52000427246094,144.86000061035156,142.52000427246094,144.86000061035156,1155152
SAP,0,SAP.DE,2024-01-15,144.13999938964844,145.1199951171875,143.94000244140625,144.55999755859375,732435
SAP,0,SAP.DE,2024-01-16,144.10000610351562,144.72000122070312,143.25999450683594,144.5800018310547,966319
SAP,0,SAP.DE,2024-01-17,143.66000366210938,144.82000732421875,143.36000061035156,144.82000732421875,1359745
SAP,0,SAP.DE,2024-01-18,145.5,147.5,144.83999633789062,147.25999450683594,1346568
SAP,0,SAP.DE,2024-01-19,147.5,149.17999267578125,147.22000122070312,148.8800048828125,1962585
SAP,0,SAP.DE,2024-01-22,149.10000610351562,150.33999633789062,149,150.33999633789062,1744799
SAP,0,SAP.DE,2024-01-23,150,150.17999267578125,147.86000061035156,149.36000061035156,1451296
SAP,0,SAP.DE,2024-01-24,159.77999877929688,161.97999572753906,157.33999633789062,160.75999450683594,5268147
SAP,0,SAP.DE,2024-01-25,159.67999267578125,162.4199981689453,157.66000366210938,160.75999450683594,3408973
SAP,0,SAP.DE,2024-01-26,158.10000610351562,160.3800048828125,157.74000549316406,160,2548387
SAP,0,SAP.DE,2024-01-29,159.39999389648438,162.1999969482422,159.3800048828125,162,1669174
SAP,0,SAP.DE,2024-01-30,162.0399932861328,163.0800018310547,161.6199951171875,162.4199981689453,1411612
SAP,0,SAP.DE,2024-01-31,161.5800018310547,162.44000244140625,160.24000549316406,160.8000030517578,2021425
SAP,0,SAP.DE,2024-02-01,161.9600067138672,162.33999633789062,159.83999633789062,162.3000030517578,1471326
SAP,0,SAP.DE,2024-02-02,165,165.94000244140625,162.52000427246094,163.63999938964844,2044525
SAP,0,SAP.DE,2024-02-05,163.4199981689453,164.63999938964844,163,164.52000427246094,1127795
SAP,0,SAP.DE,2024-02-06,164.8800048828125,167.74000549316406,164.83999633789062,166.39999389648438,1503647
SAP,0,SAP.DE,2024-02-07,166.3000030517578,168.1199951171875,165.74000549316406,168,1544181
SAP,0,SAP.DE,2024-02-08,168.75999450683594,169.39999389648438,167.05999755859375,168,1209001
SAP,0,SAP.DE,2024-02-09,167.60000610351562,169.0800018310547,166.9199981689453,168.32000732421875,1478147
SAP,0,SAP.DE,2024-02-12,167.89999389648438,168.67999267578125,166.4600067138672,167.75999450683594,1233518
SAP,0,SAP.DE,2024-02-13,166.13999938964844,166.13999938964844,160.44000244140625,162.75999450683594,2057512
SAP,0,SAP.DE,2024-02-14,162.89999389648438,165.22000122070312,162.77999877929688,164.8800048828125,1179352
SAP,0,SAP.DE,2024-02-15,167.33999633789062,167.39999389648438,163.6199951171875,164.3800048828125,1089783
SAP,0,SAP.DE,2024-02-16,165,165.4199981689453,163.4600067138672,165.0800018310547,1707937
SAP,0,SAP.DE,2024-02-19,163.5800018310547,164.89999389648438,163.4199981689453,164.24000549316406,645852
SAP,0,SAP.DE,2024-02-20,164.10000610351562,164.5399932861328,162.44000244140625,163.05999755859375,973697
SAP,0,SAP.DE,2024-02-21,163,163.5,161.67999267578125,162.27999877929688,1086418
SAP,0,SAP.DE,2024-02-22,165.52000427246094,168.0399932861328,164.6999969482422,167.22000122070312,1980493
SAP,0,SAP.DE,2024-02-23,167.39999389648438,170.0800018310547,167.3000030517578,169.8000030517578,1716818
SAP,0,SAP.DE,2024-02-26,169.5,173.39999389648438,169.25999450683594,173,1969921
SAP,0,SAP.DE,2024-02-27,173.47999572753906,175.05999755859375,172.94000244140625,174.8000030517578,1766566
SAP,0,SAP.DE,2024-02-28,174.13999938964844,174.5399932861328,171.9199981689453,172.1199951171875,1393703
SAP,0,SAP.DE,2024-02-29,171.97999572753906,173.60000610351562,171.52000427246094,172.8800048828125,2284190
SAP,0,SAP.DE,2024-03-01,174.16000366210938,174.9199981689453,171.66000366210938,173.33999633789062,1776258
SAP,0,SAP.DE,2024-03-04,174.6199951171875,175.86000061035156,173.8800048828125,175.22000122070312,1156868
SAP,0,SAP.DE,2024-03-05,175.05999755859375,176.39999389648438,173.47999572753906,173.47999572753906,1368352
SAP,0,SAP.DE,2024-03-06,173.39999389648438,175.39999389648438,173.1999969482422,175.27999877929688,1774570
SAP,0,SAP.DE,2024-03-07,174.6999969482422,178.47999572753906,174.6999969482422,177.77999877929688,1630633
SAP,0,SAP.DE,2024-03-08,177.6999969482422,177.89999389648438,176.5,176.94000244140625,1433244
SAP,0,SAP.DE,2024-03-11,175.1999969482422,176.16000366210938,172.32000732421875,173.52000427246094,1958225
SAP,0,SAP.DE,2024-03-12,175.8000030517578,177.17999267578125,173.5,177,1618728
SAP,0,SAP.DE,2024-03-13,176.63999938964844,176.8800048828125,174.83999633789062,175.52000427246094,1547290
SAP,0,SAP.DE,2024-03-14,175.67999267578125,176.17999267578125,174.33999633789062,174.89999389648438,1644378
SAP,0,SAP.DE,2024-03-15,174,175.94000244140625,171.9199981689453,171.9199981689453,7926548
SAP,0,SAP.DE,2024-03-18,173.8000030517578,173.86000061035156,171.72000122070312,172.22000122070312,1391680
SAP,0,SAP.DE,2024-03-19,172,173.5,170.67999267578125,173.24000549316406,1335001
SAP,0,SAP.DE,2024-03-20,174.83999633789062,175.02000427246094,173.17999267578125,173.5399932861328,895431
SAP,0,SAP.DE,2024-03-21,175,180.55999755859375,174.33999633789062,180.55999755859375,2663237
SAP,0,SAP.DE,2024-03-22,179.55999755859375,180.3000030517578,178.8800048828125,180.27999877929688,1568110
SAP,0,SAP.DE,2024-03-25,180.17999267578125,180.97999572753906,177.9199981689453,180.74000549316406,1189286
SAP,0,SAP.DE,2024-03-26,180.83999633789062,183.17999267578125,180.52000427246094,182.60000610351562,1468078
SAP,0,SAP.DE,2024-03-27,182,184.47999572753906,181.4600067138672,182.0399932861328,1489216
SAP,0,SAP.DE,2024-03-28,181.82000732421875,181.86000061035156,179.10000610351562,180.4600067138672,1700825
SAP,0,SAP.DE,2024-04-02,181,181.9199981689453,177.05999755859375,177.05999755859375,1838833
SAP,0,SAP.DE,2024-04-03,178.32000732421875,179.52000427246094,176.55999755859375,178.22000122070312,1501774
SAP,0,SAP.DE,2024-04-04,177.9199981689453,178.4600067138672,176.33999633789062,178.02000427246094,1126985
SAP,0,SAP.DE,2024-04-05,175.39999389648438,177.9600067138672,174.77999877929688,177.4199981689453,2099406
SAP,0,SAP.DE,2024-04-08,176.6999969482422,178.25999450683594,176.0399932861328,177.22000122070312,1024504
SAP,0,SAP.DE,2024-04-09,176.3800048828125,176.74000549316406,172.4199981689453,172.4199981689453,1532856
SAP,0,SAP.DE,2024-04-10,173.13999938964844,173.33999633789062,169.0800018310547,171.3000030517578,1647893
SAP,0,SAP.DE,2024-04-11,171.17999267578125,171.5,169.55999755859375,171.22000122070312,1897428
SAP,0,SAP.DE,2024-04-12,173,174.22000122070312,169.9199981689453,171.05999755859375,1863432
SAP,0,SAP.DE,2024-04-15,170.89999389648438,173.4600067138672,170.82000732421875,171.66000366210938,1159676
SAP,0,SAP.DE,2024-04-16,168.77999877929688,171.36000061035156,167.16000366210938,170.3800048828125,1610192
SAP,0,SAP.DE,2024-04-17,169.60000610351562,171.1199951171875,168.75999450683594,168.75999450683594,1501420
SAP,0,SAP.DE,2024-04-18,169.32000732421875,169.4199981689453,167.44000244140625,169.17999267578125,1286396
SAP,0,SAP.DE,2024-04-19,166.32000732421875,168.24000549316406,164.8000030517578,165.8000030517578,2620339
SAP,0,SAP.DE,2024-04-22,165.4600067138672,167.0800018310547,163.82000732421875,166.10000610351562,1546846
SAP,0,SAP.DE,2024-04-23,174.17999267578125,174.86000061035156,171.22000122070312,174.86000061035156,2601142
SAP,0,SAP.DE,2024-04-24,175.17999267578125,177.5,175.16000366210938,175.55999755859375,2201986
SAP,0,SAP.DE,2024-04-25,174.8800048828125,174.8800048828125,168.47999572753906,170.1999969482422,2274169
SAP,0,SAP.DE,2024-04-26,172.5,174.75999450683594,172.47999572753906,174,1498070
SAP,0,SAP.DE,2024-04-29,173.9600067138672,174.33999633789062,171.36000061035156,171.4199981689453,984218
SAP,0,SAP.DE,2024-04-30,171.16000366210938,171.4199981689453,169.55999755859375,169.6999969482422,1875887
SAP,0,SAP.DE,2024-05-02,169.17999267578125,169.74000549316406,167.5800018310547,168.5399932861328,1211893
SAP,0,SAP.DE,2024-05-03,169.77999877929688,171.17999267578125,169.24000549316406,170.72000122070312,996637
SAP,0,SAP.DE,2024-05-06,170.24000549316406,171.5,169.3800048828125,171.47999572753906,742062
SAP,0,SAP.DE,2024-05-07,172.22000122070312,174.72000122070312,171.0399932861328,174.36000061035156,1181157
SAP,0,SAP.DE,2024-05-08,174.67999267578125,176.8800048828125,174.5399932861328,176.4600067138672,1521683
SAP,0,SAP.DE,2024-05-09,176.13999938964844,177.8800048828125,175.72000122070312,177.77999877929688,1180733
SAP,0,SAP.DE,2024-05-10,177.67999267578125,178.16000366210938,175.33999633789062,176.05999755859375,1414795
SAP,0,SAP.DE,2024-05-13,176.0399932861328,177.02000427246094,175.72000122070312,176.67999267578125,804978
SAP,0,SAP.DE,2024-05-14,176.4600067138672,176.52000427246094,173.9199981689453,174.67999267578125,1119753
SAP,0,SAP.DE,2024-05-15,175.3800048828125,176.47999572753906,174.55999755859375,176.10000610351562,1286900
SAP,0,SAP.DE,2024-05-16,176.77999877929688,177.5,175.39999389648438,176.74000549316406,1688001
SAP,0,SAP.DE,2024-05-17,175.6999969482422,177.10000610351562,174.24000549316406,177.02000427246094,1774671
SAP,0,SAP.DE,2024-05-20,176.9199981689453,179.4199981689453,176.9199981689453,179.3800048828125,684234
SAP,0,SAP.DE,2024-05-21,179.89999389648438,180.5800018310547,178.89999389648438,180,1505866
SAP,0,SAP.DE,2024-05-22,179.24000549316406,179.75999450683594,178.67999267578125,179.32000732421875,966502
SAP,0,SAP.DE,2024-05-23,180.52000427246094,182.32000732421875,179.97999572753906,181.36000061035156,1349522
SAP,0,SAP.DE,2024-05-24,178.66000366210938,180.9199981689453,178.10000610351562,180.05999755859375,1204046
SAP,0,SAP.DE,2024-05-27,179.4199981689453,180.5399932861328,178.6999969482422,180.4199981689453,490359
SAP,0,SAP.DE,2024-05-28,180.5800018310547,181.63999938964844,176.63999938964844,177.22000122070312,1144320
SAP,0,SAP.DE,2024-05-29,178.39999389648438,178.63999938964844,174.89999389648438,175.82000732421875,1298147
SAP,0,SAP.DE,2024-05-30,171.0800018310547,171.6999969482422,168.1999969482422,168.5800018310547,2404444
SAP,0,SAP.DE,2024-05-31,165.4600067138672,168.02000427246094,165.25999450683594,165.9600067138672,3854601
SAP,0,SAP.DE,2024-06-03,169.74000549316406,169.82000732421875,166.9600067138672,168.25999450683594,1531728
SAP,0,SAP.DE,2024-06-04,168.52000427246094,170.44000244140625,167.66000366210938,168.60000610351562,1592071
SAP,0,SAP.DE,2024-06-05,170,171.82000732421875,169.0800018310547,171.52000427246094,1352916
SAP,0,SAP.DE,2024-06-06,176.02000427246094,180.24000549316406,176,177.72000122070312,2089549
SAP,0,SAP.DE,2024-06-07,177.5,178.25999450683594,175.6999969482422,177.36000061035156,1224863
SAP,0,SAP.DE,2024-06-10,176.8800048828125,177.22000122070312,175.36000061035156,176.82000732421875,1029546
SAP,0,SAP.DE,2024-06-11,176.4600067138672,176.82000732421875,173.83999633789062,175.39999389648438,1421351
SAP,0,SAP.DE,2024-06-12,177.02000427246094,181.39999389648438,175.9600067138672,181.39999389648438,1904045
SAP,0,SAP.DE,2024-06-13,181.5,183.16000366210938,177.97999572753906,177.97999572753906,1926754
SAP,0,SAP.DE,2024-06-14,178.97999572753906,180.4600067138672,174.77999877929688,174.77999877929688,2246839
SAP,0,SAP.DE,2024-06-17,175.75999450683594,177.47999572753906,175.55999755859375,175.75999450683594,1420250
SAP,0,SAP.DE,2024-06-18,176.5,177.16000366210938,174.75999450683594,176,1468498
SAP,0,SAP.DE,2024-06-19,175.60000610351562,176.3800048828125,174.6999969482422,176.27999877929688,757514
SAP,0,SAP.DE,2024-06-20,177.0399932861328,179.6999969482422,177.0399932861328,179.6999969482422,2451414
SAP,0,SAP.DE,2024-06-21,179.1999969482422,181.47999572753906,179.1199951171875,181.05999755859375,5121555
SAP,0,SAP.DE,2024-06-24,180.94000244140625,181.75999450683594,177.83999633789062,179.4600067138672,1430166
SAP,0,SAP.DE,2024-06-25,179.39999389648438,181.72000122070312,177.63999938964844,181.72000122070312,1240447
SAP,0,SAP.DE,2024-06-26,184,187.55999755859375,183.97999572753906,186.02000427246094,1857493
SAP,0,SAP.DE,2024-06-27,185.5,187.86000061035156,185.47999572753906,187.44000244140625,1478536
SAP,0,SAP.DE,2024-06-28,188.10000610351562,190.9600067138672,187.33999633789062,189.52000427246094,1961708
SAP,0,SAP.DE,2024-07-01,188.6999969482422,189.39999389648438,185.1199951171875,185.67999267578125,1486789
SAP,0,SAP.DE,2024-07-02,186,186.6999969482422,182.33999633789062,185.1999969482422,1059935
SAP,0,SAP.DE,2024-07-03,185.83999633789062,187.8000030517578,185.5,187.66000366210938,1235392
SAP,0,SAP.DE,2024-07-04,188.8800048828125,189.13999938964844,186.60000610351562,187.02000427246094,508674
SAP,0,SAP.DE,2024-07-05,188.0399932861328,190.83999633789062,187.9600067138672,189.0800018310547,1003301
SAP,0,SAP.DE,2024-07-08,190,190.97999572753906,187.74000549316406,187.83999633789062,1064391
SAP,0,SAP.DE,2024-07-09,186.6999969482422,188.1199951171875,184.5800018310547,184.75999450683594,1175247
SAP,0,SAP.DE,2024-07-10,185.55999755859375,186.9600067138672,184.89999389648438,185.8000030517578,895266
SAP,0,SAP.DE,2024-07-11,186.3000030517578,188.47999572753906,184.10000610351562,186.4600067138672,1046828
SAP,0,SAP.DE,2024-07-12,186.27999877929688,189.24000549316406,185.44000244140625,188.74000549316406,1401019
SAP,0,SAP.DE,2024-07-15,188.67999267578125,189.66000366210938,187.6199951171875,187.75999450683594,850866
SAP,0,SAP.DE,2024-07-16,187.22000122070312,188.36000061035156,186.44000244140625,187.22000122070312,796666
SAP,0,SAP.DE,2024-07-17,185.8800048828125,187.44000244140625,183.25999450683594,183.25999450683594,1089930
SAP,0,SAP.DE,2024-07-18,183.5,184.3800048828125,180.25999450683594,180.5800018310547,1486221
SAP,0,SAP.DE,2024-07-19,180.9199981689453,181.75999450683594,178.86000061035156,181.5,2036212
SAP,0,SAP.DE,2024-07-22,181.1999969482422,184.4199981689453,180.5800018310547,183.6199951171875,1193070
SAP,0,SAP.DE,2024-07-23,193.89999389648438,196.97999572753906,192.8800048828125,196.74000549316406,2570273
SAP,0,SAP.DE,2024-07-24,195.55999755859375,196.4199981689453,193.16000366210938,193.82000732421875,2111569
SAP,0,SAP.DE,2024-07-25,192.5,195.83999633789062,191.44000244140625,195.22000122070312,1790785
SAP,0,SAP.DE,2024-07-26,194.74000549316406,196.44000244140625,193.3800048828125,195.77999877929688,1081655
SAP,0,SAP.DE,2024-07-29,196,197.4600067138672,192.8800048828125,192.8800048828125,1263955
SAP,0,SAP.DE,2024-07-30,193.3000030517578,194.0399932861328,190.4199981689453,192.02000427246094,1201382
SAP,0,SAP.DE,2024-07-31,191.5800018310547,195.16000366210938,191.39999389648438,195.02000427246094,1551667
SAP,0,SAP.DE,2024-08-01,196,196.44000244140625,191.4600067138672,191.4600067138672,1443589
SAP,0,SAP.DE,2024-08-02,189,189.8000030517578,185.24000549316406,186.16000366210938,2112796
SAP,0,SAP.DE,2024-08-05,179.63999938964844,182.22000122070312,176.72000122070312,181.22000122070312,2794360
SAP,0,SAP.DE,2024-08-06,181.89999389648438,186.5399932861328,181.77999877929688,185.39999389648438,1986171
SAP,0,SAP.DE,2024-08-07,185.94000244140625,188.47999572753906,185.72000122070312,187.97999572753906,1632195
SAP,0,SAP.DE,2024-08-08,184.8000030517578,188.27999877929688,183.74000549316406,188.27999877929688,1490720
SAP,0,SAP.DE,2024-08-09,188.22000122070312,189.97999572753906,187.63999938964844,189.9199981689453,1000726
SAP,0,SAP.DE,2024-08-12,190.17999267578125,190.72000122070312,188.10000610351562,189.3000030517578,874018
SAP,0,SAP.DE,2024-08-13,190,191.5800018310547,189.22000122070312,191.5800018310547,723583
SAP,0,SAP.DE,2024-08-14,192,192.8800048828125,190.94000244140625,192.0800018310547,765834
SAP,0,SAP.DE,2024-08-15,193.82000732421875,196.10000610351562,192.5,195.97999572753906,1016214
SAP,0,SAP.DE,2024-08-16,195.5,197.67999267578125,195.5,196.8000030517578,1397093
SAP,0,SAP.DE,2024-08-19,195.83999633789062,197.24000549316406,194.67999267578125,197.24000549316406,924167
SAP,0,SAP.DE,2024-08-20,198.44000244140625,199.1999969482422,195.89999389648438,195.89999389648438,1097210
SAP,0,SAP.DE,2024-08-21,196.67999267578125,197.5800018310547,195.8000030517578,196.5,818786
SAP,0,SAP.DE,2024-08-22,196.3000030517578,197.82000732421875,195.67999267578125,196.5399932861328,966824
SAP,0,SAP.DE,2024-08-23,196.1999969482422,197.24000549316406,194.9199981689453,195.6199951171875,1083718
SAP,0,SAP.DE,2024-08-26,194.97999572753906,196,193.5800018310547,194.1999969482422,753252
SAP,0,SAP.DE,2024-08-27,194.17999267578125,195.25999450683594,192.86000061035156,195.25999450683594,842989
SAP,0,SAP.DE,2024-08-28,196.72000122070312,197.66000366210938,195.13999938964844,195.1999969482422,887710
SAP,0,SAP.DE,2024-08-29,195.17999267578125,199.02000427246094,194.5800018310547,199.02000427246094,1098807
SAP,0,SAP.DE,2024-08-30,197.4199981689453,198.4199981689453,196.89999389648438,197.72000122070312,1653279
SAP,0,SAP.DE,2024-09-02,198.25999450683594,199.86000061035156,197.24000549316406,199.86000061035156,844698
SAP,0,SAP.DE,2024-09-03,199.86000061035156,201.0500030517578,198.0399932861328,198.1999969482422,1387171
SAP,0,SAP.DE,2024-09-04,194.27999877929688,195.8000030517578,192.74000549316406,193.5800018310547,1490229
SAP,0,SAP.DE,2024-09-05,193.52000427246094,195.1199951171875,190.74000549316406,191.44000244140625,1066320
SAP,0,SAP.DE,2024-09-06,190.82000732421875,193.6999969482422,190.0399932861328,190.72000122070312,1563474
SAP,0,SAP.DE,2024-09-09,192.02000427246094,193.24000549316406,191.5399932861328,192.5800018310547,1242997
SAP,0,SAP.DE,2024-09-10,194.74000549316406,194.9600067138672,192.0800018310547,192.5399932861328,1829506
SAP,0,SAP.DE,2024-09-11,193.3800048828125,195.44000244140625,191.6199951171875,194.4199981689453,1677725
SAP,0,SAP.DE,2024-09-12,198,199.67999267578125,197.3800048828125,199.17999267578125,1586240
SAP,0,SAP.DE,2024-09-13,199,200.9499969482422,198.02000427246094,200.64999389648438,1655805
SAP,0,SAP.DE,2024-09-16,198.67999267578125,203.64999389648438,198.0399932861328,200.14999389648438,1145884
SAP,0,SAP.DE,2024-09-17,200.25,201.1999969482422,199.36000061035156,200.64999389648438,1320645
SAP,0,SAP.DE,2024-09-18,200.35000610351562,200.75,198.39999389648438,199.5800018310547,1154885
SAP,0,SAP.DE,2024-09-19,201.75,206.6999969482422,200.25,206.10000610351562,1749391
SAP,0,SAP.DE,2024-09-20,205.3000030517578,206.39999389648438,203.60000610351562,204.5,2904866
SAP,0,SAP.DE,2024-09-23,205.5500030517578,207.5,205.35000610351562,206.85000610351562,810622
SAP,0,SAP.DE,2024-09-24,207.85000610351562,208.0500030517578,204.60000610351562,206.85000610351562,1014546
SAP,0,SAP.DE,2024-09-25,199,202.4499969482422,198,201.8000030517578,1927510
SAP,0,SAP.DE,2024-09-26,205.8000030517578,206.39999389648438,203.10000610351562,204.5,1454845
SAP,0,SAP.DE,2024-09-27,203.8000030517578,205.6999969482422,201,205.6999969482422,1830530
SAP,0,SAP.DE,2024-09-30,204.5500030517578,207.0500030517578,204.39999389648438,204.39999389648438,1774113
TotalEnergies,1,TTE,2024-01-02,67.70999908447266,68.13999938964844,67.4800033569336,67.56999969482422,1173100
TotalEnergies,1,TTE,2024-01-03,67.25,67.98999786376953,66.87999725341797,67.61000061035156,1238100
TotalEnergies,1,TTE,2024-01-04,68.77999877929688,68.91999816894531,67.95999908447266,68.05000305175781,1311100
TotalEnergies,1,TTE,2024-01-05,68.44999694824219,68.7699966430664,68.08000183105469,68.22000122070312,817000
TotalEnergies,1,TTE,2024-01-08,66.9000015258789,66.9000015258789,66.3499984741211,66.6500015258789,923100
TotalEnergies,1,TTE,2024-01-09,66.16000366210938,66.18000030517578,65.4000015258789,65.4800033569336,1188700
TotalEnergies,1,TTE,2024-01-10,65.73999786376953,65.79000091552734,64.88999938964844,65.0199966430664,2157800
TotalEnergies,1,TTE,2024-01-11,65.79000091552734,65.86000061035156,64.8499984741211,65.37000274658203,2139000
TotalEnergies,1,TTE,2024-01-12,66.27999877929688,66.4800033569336,65.86000061035156,66.33000183105469,1646300
TotalEnergies,1,TTE,2024-01-16,65.0999984741211,65.33000183105469,64.30000305175781,64.4800033569336,1456500
TotalEnergies,1,TTE,2024-01-17,63,63.349998474121094,62.720001220703125,63.18000030517578,1532900
TotalEnergies,1,TTE,2024-01-18,63.43000030517578,64.01000213623047,62.95000076293945,63.970001220703125,1407200
TotalEnergies,1,TTE,2024-01-19,63.790000915527344,63.86000061035156,63.36000061035156,63.86000061035156,1717800
TotalEnergies,1,TTE,2024-01-22,62.91999816894531,63.33000183105469,62.59000015258789,63.2599983215332,2022300
TotalEnergies,1,TTE,2024-01-23,62.90999984741211,63.29999923706055,62.83000183105469,63.27000045776367,2305600
TotalEnergies,1,TTE,2024-01-24,64.29000091552734,64.45999908447266,63.75,64.23999786376953,3297600
TotalEnergies,1,TTE,2024-01-25,64.16000366210938,64.91000366210938,63.7400016784668,64.91000366210938,2061700
TotalEnergies,1,TTE,2024-01-26,65.05999755859375,65.69000244140625,64.66000366210938,65.54000091552734,1934500
TotalEnergies,1,TTE,2024-01-29,65.41999816894531,65.5999984741211,64.80000305175781,65.55000305175781,1901300
TotalEnergies,1,TTE,2024-01-30,65.41999816894531,66.12999725341797,65.2300033569336,66.01000213623047,1227000
TotalEnergies,1,TTE,2024-01-31,65.91999816894531,66.0199966430664,65.08000183105469,65.18000030517578,2379900
TotalEnergies,1,TTE,2024-02-01,65.47000122070312,66.22000122070312,65.2300033569336,65.44999694824219,2668600
TotalEnergies,1,TTE,2024-02-02,64.76000213623047,64.80999755859375,64.30999755859375,64.37000274658203,1378100
TotalEnergies,1,TTE,2024-02-05,63.52000045776367,64.20999908447266,63.25,63.869998931884766,1440000
TotalEnergies,1,TTE,2024-02-06,64.69000244140625,65.36000061035156,64.63999938964844,65.05000305175781,2270800
TotalEnergies,1,TTE,2024-02-07,62.900001525878906,63.2599983215332,62.650001525878906,63.04999923706055,6332500
TotalEnergies,1,TTE,2024-02-08,63.38999938964844,64.33000183105469,63.279998779296875,64.19000244140625,3348900
TotalEnergies,1,TTE,2024-02-09,64.41000366210938,64.52999877929688,64.08999633789062,64.30999755859375,3474600
TotalEnergies,1,TTE,2024-02-12,64.4000015258789,64.81999969482422,64.19000244140625,64.62999725341797,3213300
TotalEnergies,1,TTE,2024-02-13,65.20999908447266,65.27999877929688,64.11000061035156,64.43000030517578,3306700
TotalEnergies,1,TTE,2024-02-14,64.7300033569336,65.04000091552734,64.37999725341797,64.62999725341797,4014500
TotalEnergies,1,TTE,2024-02-15,63.650001525878906,65,63.599998474121094,65,2849900
TotalEnergies,1,TTE,2024-02-16,64.55999755859375,64.77999877929688,64.2699966430664,64.44999694824219,1664700
TotalEnergies,1,TTE,2024-02-20,63.93000030517578,63.93000030517578,63.11000061035156,63.2599983215332,1282700
TotalEnergies,1,TTE,2024-02-21,63.61000061035156,64.13999938964844,63.38999938964844,64.08999633789062,1905700
TotalEnergies,1,TTE,2024-02-22,64.16000366210938,64.41999816894531,63.599998474121094,64.13999938964844,1253800
TotalEnergies,1,TTE,2024-02-23,64.19999694824219,64.7300033569336,63.83000183105469,64.51000213623047,1004700
TotalEnergies,1,TTE,2024-02-26,63.77000045776367,64.31999969482422,63.63999938964844,64.30000305175781,1026900
TotalEnergies,1,TTE,2024-02-27,64.73999786376953,64.94000244140625,64.44999694824219,64.54000091552734,736600
TotalEnergies,1,TTE,2024-02-28,64.41000366210938,64.63999938964844,63.91999816894531,63.91999816894531,1000500
TotalEnergies,1,TTE,2024-02-29,64.31999969482422,64.37999725341797,63.59000015258789,64.06999969482422,991800
TotalEnergies,1,TTE,2024-03-01,64.4000015258789,64.9000015258789,64.06999969482422,64.5,889900
TotalEnergies,1,TTE,2024-03-04,64.80999755859375,64.86000061035156,64.19000244140625,64.33000183105469,787000
TotalEnergies,1,TTE,2024-03-05,63.959999084472656,64.47000122070312,63.880001068115234,64.16000366210938,1594900
TotalEnergies,1,TTE,2024-03-06,65.3499984741211,65.68000030517578,65.11000061035156,65.23999786376953,1238100
TotalEnergies,1,TTE,2024-03-07,65.37000274658203,65.8499984741211,65.33000183105469,65.6500015258789,841700
TotalEnergies,1,TTE,2024-03-08,66.12999725341797,66.25,65.58000183105469,65.79000091552734,732300
TotalEnergies,1,TTE,2024-03-11,65.7300033569336,66.11000061035156,65.41000366210938,66.0999984741211,716900
TotalEnergies,1,TTE,2024-03-12,66.08000183105469,66.43000030517578,65.88999938964844,66.2699966430664,760700
TotalEnergies,1,TTE,2024-03-13,67.33000183105469,68.05999755859375,67.30999755859375,67.79000091552734,2218300
TotalEnergies,1,TTE,2024-03-14,67.86000061035156,68.30000305175781,67.58000183105469,68.06999969482422,1116600
TotalEnergies,1,TTE,2024-03-15,68.31999969482422,68.63999938964844,67.75,68.0999984741211,1406500
TotalEnergies,1,TTE,2024-03-18,67.55000305175781,68.29000091552734,67.12999725341797,68.0999984741211,2143600
TotalEnergies,1,TTE,2024-03-19,68.63999938964844,69.12999725341797,68.38999938964844,68.4000015258789,2297200
TotalEnergies,1,TTE,2024-03-20,68.3499984741211,69.30999755859375,68.25,69.19000244140625,1312300
TotalEnergies,1,TTE,2024-03-21,68.62000274658203,69.02999877929688,67.93000030517578,68.0199966430664,3114700
TotalEnergies,1,TTE,2024-03-22,68.08000183105469,68.1500015258789,67.83000183105469,67.83999633789062,878200
TotalEnergies,1,TTE,2024-03-25,68.12999725341797,68.6500015258789,67.4000015258789,68.29000091552734,1557800
TotalEnergies,1,TTE,2024-03-26,68.72000122070312,68.72000122070312,67.58999633789062,67.6500015258789,1713100
TotalEnergies,1,TTE,2024-03-27,68.12999725341797,68.58999633789062,67.98999786376953,68.41999816894531,1781100
TotalEnergies,1,TTE,2024-03-28,68.51000213623047,69.0199966430664,68.41999816894531,68.83000183105469,821200
TotalEnergies,1,TTE,2024-04-01,69.27999877929688,69.80999755859375,68.6500015258789,69.73999786376953,943400
TotalEnergies,1,TTE,2024-04-02,70.73999786376953,71.69999694824219,70.45999908447266,71.69999694824219,3379200
TotalEnergies,1,TTE,2024-04-03,71.79000091552734,72.33999633789062,71.54000091552734,72.19999694824219,1091800
TotalEnergies,1,TTE,2024-04-04,72.86000061035156,72.97000122070312,72.41000366210938,72.55999755859375,1098700
TotalEnergies,1,TTE,2024-04-05,72.63999938964844,72.91000366210938,72.16999816894531,72.87000274658203,950400
TotalEnergies,1,TTE,2024-04-08,73.54000091552734,74.05999755859375,73.43000030517578,73.66999816894531,1087700
TotalEnergies,1,TTE,2024-04-09,73.7300033569336,73.87999725341797,72.77999877929688,73.02999877929688,805600
TotalEnergies,1,TTE,2024-04-10,72.81999969482422,73.37000274658203,72.43000030517578,73.36000061035156,1374600
TotalEnergies,1,TTE,2024-04-11,73.93000030517578,73.93000030517578,72.25,72.94999694824219,930500
TotalEnergies,1,TTE,2024-04-12,73.30999755859375,73.73999786376953,72.37000274658203,72.48999786376953,974600
TotalEnergies,1,TTE,2024-04-15,72.91000366210938,73.06999969482422,72,72.16999816894531,3077300
TotalEnergies,1,TTE,2024-04-16,71.83000183105469,72,71.22000122070312,71.75,1326400
TotalEnergies,1,TTE,2024-04-17,71.98999786376953,72.41999816894531,71.08999633789062,71.75,1680600
TotalEnergies,1,TTE,2024-04-18,71.80000305175781,71.98999786376953,70.70999908447266,70.83000183105469,2048900
TotalEnergies,1,TTE,2024-04-19,71.22000122070312,72.06999969482422,71.0999984741211,72.05000305175781,1361600
TotalEnergies,1,TTE,2024-04-22,71.93000030517578,72.83000183105469,71.58999633789062,72.58999633789062,864600
TotalEnergies,1,TTE,2024-04-23,72.52999877929688,73.16000366210938,72.19999694824219,72.97000122070312,775700
TotalEnergies,1,TTE,2024-04-24,72.86000061035156,72.94000244140625,72.26000213623047,72.73999786376953,1125200
TotalEnergies,1,TTE,2024-04-25,72.47000122070312,73.76000213623047,72.25,73.75,1390400
TotalEnergies,1,TTE,2024-04-26,74.70999908447266,74.97000122070312,74,74.55999755859375,2495400
TotalEnergies,1,TTE,2024-04-29,74.45999908447266,74.66000366210938,74.16999816894531,74.4800033569336,1499800
TotalEnergies,1,TTE,2024-04-30,74.30000305175781,74.31999969482422,72.44999694824219,72.47000122070312,1735400
TotalEnergies,1,TTE,2024-05-01,72.5199966430664,72.5999984741211,71.52999877929688,71.68000030517578,894400
TotalEnergies,1,TTE,2024-05-02,71.30000305175781,72.05000305175781,71.30000305175781,71.4000015258789,1322200
TotalEnergies,1,TTE,2024-05-03,71.58000183105469,71.66999816894531,71.0999984741211,71.62999725341797,744300
TotalEnergies,1,TTE,2024-05-06,72.44000244140625,72.69000244140625,72.02999877929688,72.02999877929688,1079100
TotalEnergies,1,TTE,2024-05-07,72.37000274658203,72.52999877929688,71.94000244140625,71.94000244140625,719100
TotalEnergies,1,TTE,2024-05-08,71.88999938964844,72.3499984741211,71.76000213623047,72.1500015258789,1027900
TotalEnergies,1,TTE,2024-05-09,73.26000213623047,73.9000015258789,73.16999816894531,73.70999908447266,1009600
TotalEnergies,1,TTE,2024-05-10,74.16000366210938,74.20999908447266,73.62000274658203,73.81999969482422,625400
TotalEnergies,1,TTE,2024-05-13,73.81999969482422,74.43000030517578,73.81999969482422,74.05999755859375,648300
TotalEnergies,1,TTE,2024-05-14,74.1500015258789,74.20999908447266,73.73999786376953,73.97000122070312,717800
TotalEnergies,1,TTE,2024-05-15,73.6500015258789,73.86000061035156,72.75,73.4800033569336,881900
TotalEnergies,1,TTE,2024-05-16,72.62000274658203,72.77999877929688,72.02999877929688,72.1500015258789,1049500
TotalEnergies,1,TTE,2024-05-17,72.80000305175781,73.30999755859375,72.69999694824219,73.19000244140625,944200
TotalEnergies,1,TTE,2024-05-20,73.06999969482422,73.11000061035156,72.41000366210938,72.44000244140625,505600
TotalEnergies,1,TTE,2024-05-21,72.06999969482422,72.26000213623047,71.70999908447266,71.8499984741211,838500
TotalEnergies,1,TTE,2024-05-22,70.80999755859375,70.91999816894531,70.05000305175781,70.47000122070312,1219700
TotalEnergies,1,TTE,2024-05-23,71.5,71.68000030517578,70.3499984741211,70.5,1034300
TotalEnergies,1,TTE,2024-05-24,71.3499984741211,71.75,71.12999725341797,71.5199966430664,836400
TotalEnergies,1,TTE,2024-05-28,71.94999694824219,72.25,71.7300033569336,72.13999938964844,566500
TotalEnergies,1,TTE,2024-05-29,71.55000305175781,71.55000305175781,70.7300033569336,71.0199966430664,737000
TotalEnergies,1,TTE,2024-05-30,70.30000305175781,71.01000213623047,70.27999877929688,70.9000015258789,940500
TotalEnergies,1,TTE,2024-05-31,72.08000183105469,73.12000274658203,71.9800033569336,73.12000274658203,1716100
TotalEnergies,1,TTE,2024-06-03,72.44999694824219,72.45999908447266,71.06999969482422,71.12999725341797,941000
TotalEnergies,1,TTE,2024-06-04,69.93000030517578,70.37000274658203,69.41000366210938,70.33000183105469,1343400
TotalEnergies,1,TTE,2024-06-05,71.11000061035156,71.11000061035156,70.20999908447266,70.4800033569336,2383000
TotalEnergies,1,TTE,2024-06-06,70.22000122070312,70.94000244140625,70.13999938964844,70.83000183105469,1104200
TotalEnergies,1,TTE,2024-06-07,70.27999877929688,70.66999816894531,69.69999694824219,69.7300033569336,1437000
TotalEnergies,1,TTE,2024-06-10,69.55999755859375,70.69000244140625,69.33000183105469,70.4000015258789,2729200
TotalEnergies,1,TTE,2024-06-11,68.87000274658203,69.19000244140625,68.56999969482422,68.63999938964844,2498200
TotalEnergies,1,TTE,2024-06-12,69.4800033569336,69.69000244140625,68.80999755859375,69.01000213623047,1304100
TotalEnergies,1,TTE,2024-06-13,67.91999816894531,68,67.01000213623047,67.37000274658203,2158200
TotalEnergies,1,TTE,2024-06-14,65.62999725341797,65.93000030517578,65.12999725341797,65.77999877929688,4347900
TotalEnergies,1,TTE,2024-06-17,66.87000274658203,66.87000274658203,66.05000305175781,66.55999755859375,1396300
TotalEnergies,1,TTE,2024-06-18,66.45999908447266,66.95999908447266,66.33000183105469,66.66000366210938,1112000
TotalEnergies,1,TTE,2024-06-20,66.33000183105469,67.16000366210938,66.22000122070312,66.4800033569336,1840200
TotalEnergies,1,TTE,2024-06-21,65.88999938964844,66.26000213623047,65.5999984741211,65.76000213623047,1366800
TotalEnergies,1,TTE,2024-06-24,66.48999786376953,67.5199966430664,66.4800033569336,67.41999816894531,1385300
TotalEnergies,1,TTE,2024-06-25,67.23999786376953,67.77999877929688,66.97000122070312,67.75,998100
TotalEnergies,1,TTE,2024-06-26,66.26000213623047,66.47000122070312,66.08999633789062,66.22000122070312,1222200
TotalEnergies,1,TTE,2024-06-27,66.7699966430664,66.83999633789062,66.2699966430664,66.58999633789062,874300
TotalEnergies,1,TTE,2024-06-28,66.66999816894531,67.19999694824219,66.31999969482422,66.68000030517578,1788000
TotalEnergies,1,TTE,2024-07-01,68.52999877929688,68.83000183105469,67.98999786376953,68.61000061035156,1227300
TotalEnergies,1,TTE,2024-07-02,68.87000274658203,69.12999725341797,68.47000122070312,68.6500015258789,1377600
TotalEnergies,1,TTE,2024-07-03,69.94000244140625,70.13999938964844,69.70999908447266,69.97000122070312,892700
TotalEnergies,1,TTE,2024-07-05,71,71.02999877929688,70.2300033569336,70.88999938964844,1277000
TotalEnergies,1,TTE,2024-07-08,70.41999816894531,70.63999938964844,69.44999694824219,69.6500015258789,1377400
TotalEnergies,1,TTE,2024-07-09,68.20999908447266,68.6500015258789,68.05000305175781,68.08999633789062,902100
TotalEnergies,1,TTE,2024-07-10,68.31999969482422,68.5,67.87999725341797,68.13999938964844,694700
TotalEnergies,1,TTE,2024-07-11,68.19999694824219,68.54000091552734,67.95999908447266,68.41000366210938,637500
TotalEnergies,1,TTE,2024-07-12,69.26000213623047,69.52999877929688,68.87000274658203,69.33000183105469,853500
TotalEnergies,1,TTE,2024-07-15,68.95999908447266,69.44000244140625,68.80999755859375,69.12999725341797,1455400
TotalEnergies,1,TTE,2024-07-16,67.91000366210938,68.33999633789062,67.56999969482422,68.31999969482422,1318200
TotalEnergies,1,TTE,2024-07-17,68.4000015258789,69.20999908447266,68.23999786376953,68.47000122070312,1289000
TotalEnergies,1,TTE,2024-07-18,69.68000030517578,69.83000183105469,68.94999694824219,69.29000091552734,1327500
TotalEnergies,1,TTE,2024-07-19,68.36000061035156,68.54000091552734,68.06999969482422,68.25,1168600
TotalEnergies,1,TTE,2024-07-22,68.61000061035156,68.9800033569336,68.44000244140625,68.58000183105469,1175000
TotalEnergies,1,TTE,2024-07-23,67.79000091552734,67.87999725341797,67.1500015258789,67.19000244140625,1200200
TotalEnergies,1,TTE,2024-07-24,67.54000091552734,67.91000366210938,67.20999908447266,67.26000213623047,1012000
TotalEnergies,1,TTE,2024-07-25,66.9800033569336,68.19000244140625,66.48999786376953,67.62999725341797,1319000
TotalEnergies,1,TTE,2024-07-26,67.43000030517578,68.05000305175781,67.3499984741211,67.8499984741211,696900
TotalEnergies,1,TTE,2024-07-29,67.48999786376953,67.5199966430664,66.62000274658203,67.31999969482422,1023400
TotalEnergies,1,TTE,2024-07-30,66.91999816894531,67.76000213623047,66.80000305175781,67.56999969482422,1045900
TotalEnergies,1,TTE,2024-07-31,68.08000183105469,68.26000213623047,67.52999877929688,67.77999877929688,1120900
TotalEnergies,1,TTE,2024-08-01,67.41000366210938,67.58999633789062,66.43000030517578,66.93000030517578,1116300
TotalEnergies,1,TTE,2024-08-02,67.29000091552734,67.3499984741211,66.02999877929688,66.55999755859375,1572700
TotalEnergies,1,TTE,2024-08-05,65.12000274658203,65.79000091552734,64.66000366210938,65.61000061035156,1307900
TotalEnergies,1,TTE,2024-08-06,64.08999633789062,65.4800033569336,63.9900016784668,64.9800033569336,1222600
TotalEnergies,1,TTE,2024-08-07,66.12000274658203,66.77999877929688,66.05000305175781,66.18000030517578,878300
TotalEnergies,1,TTE,2024-08-08,66.30000305175781,67,66.22000122070312,66.76000213623047,1133900
TotalEnergies,1,TTE,2024-08-09,66.66999816894531,67.36000061035156,66.54000091552734,67.13999938964844,683200
TotalEnergies,1,TTE,2024-08-12,67.6500015258789,67.7699966430664,67.13999938964844,67.45999908447266,730900
TotalEnergies,1,TTE,2024-08-13,67.1500015258789,67.68000030517578,66.86000061035156,67.62000274658203,936800
TotalEnergies,1,TTE,2024-08-14,67.7699966430664,68.0999984741211,67.70999908447266,67.94000244140625,485100
TotalEnergies,1,TTE,2024-08-15,68.4000015258789,68.68000030517578,68.16999816894531,68.37000274658203,835100
TotalEnergies,1,TTE,2024-08-16,68.30999755859375,68.79000091552734,68.16000366210938,68.6500015258789,653000
TotalEnergies,1,TTE,2024-08-19,69.45999908447266,69.8499984741211,69.0199966430664,69.02999877929688,847400
TotalEnergies,1,TTE,2024-08-20,69.27999877929688,69.27999877929688,68.61000061035156,68.6500015258789,920000
TotalEnergies,1,TTE,2024-08-21,69.02999877929688,69.2699966430664,68.7300033569336,68.79000091552734,910100
TotalEnergies,1,TTE,2024-08-22,68.5999984741211,68.69999694824219,68.31999969482422,68.44999694824219,834000
TotalEnergies,1,TTE,2024-08-23,68.79000091552734,69.73999786376953,68.7699966430664,69.7300033569336,879300
TotalEnergies,1,TTE,2024-08-26,70.1500015258789,70.5,70.08999633789062,70.41999816894531,2259200
TotalEnergies,1,TTE,2024-08-27,70.33999633789062,70.37000274658203,69.77999877929688,70.16999816894531,2658200
TotalEnergies,1,TTE,2024-08-28,69.41000366210938,69.68000030517578,69.22000122070312,69.51000213623047,571200
TotalEnergies,1,TTE,2024-08-29,69.41000366210938,69.70999908447266,69.12999725341797,69.5999984741211,754800
TotalEnergies,1,TTE,2024-08-30,69.2300033569336,69.36000061035156,68.51000213623047,69,1112800
TotalEnergies,1,TTE,2024-09-03,67.72000122070312,67.72000122070312,66.77999877929688,66.87999725341797,1178100
TotalEnergies,1,TTE,2024-09-04,67.05000305175781,67.55999755859375,66.37000274658203,66.4800033569336,1255000
TotalEnergies,1,TTE,2024-09-05,67.5,67.55999755859375,66.76000213623047,66.80999755859375,1135100
TotalEnergies,1,TTE,2024-09-06,67.05999755859375,67.16000366210938,65.94000244140625,66.30000305175781,885100
TotalEnergies,1,TTE,2024-09-09,66.70999908447266,67.75,66.68000030517578,67.37000274658203,935400
TotalEnergies,1,TTE,2024-09-10,66.73999786376953,66.73999786376953,64.81999969482422,65.91000366210938,1317400
TotalEnergies,1,TTE,2024-09-11,66.4000015258789,66.69999694824219,65.68000030517578,66.36000061035156,1618600
TotalEnergies,1,TTE,2024-09-12,66.68000030517578,67.41999816894531,66.48999786376953,67.33000183105469,1246200
TotalEnergies,1,TTE,2024-09-13,67.62999725341797,67.81999969482422,67.2699966430664,67.6500015258789,1798900
TotalEnergies,1,TTE,2024-09-16,67.9000015258789,68.22000122070312,67.81999969482422,68.08999633789062,1111600
TotalEnergies,1,TTE,2024-09-17,68.30000305175781,68.62000274658203,67.91999816894531,68.31999969482422,1651800
TotalEnergies,1,TTE,2024-09-18,68.2300033569336,68.94000244140625,67.8499984741211,68.04000091552734,1347800
TotalEnergies,1,TTE,2024-09-19,69.3499984741211,69.80999755859375,69.05999755859375,69.13999938964844,1308500
TotalEnergies,1,TTE,2024-09-20,69.44999694824219,69.48999786376953,68.6500015258789,69.08999633789062,1334400
TotalEnergies,1,TTE,2024-09-23,69.22000122070312,69.75,68.80000305175781,69.16999816894531,1167200
TotalEnergies,1,TTE,2024-09-24,69.37999725341797,69.44000244140625,68.58999633789062,68.68000030517578,1448600
TotalEnergies,1,TTE,2024-09-25,68.30000305175781,68.37000274658203,66.66000366210938,66.66000366210938,2001200
TotalEnergies,1,TTE,2024-09-26,65.2300033569336,66.41999816894531,65.12000274658203,65.66999816894531,2513500
TotalEnergies,1,TTE,2024-09-27,66,66.37000274658203,65.56999969482422,66.1500015258789,1373900
TotalEnergies,1,TTE,2024-09-30,65.19000244140625,65.44000244140625,64.43000030517578,64.62000274658203,2824600
TotalEnergies,0,TTE.PA,2024-01-02,61.849998474121094,62.310001373291016,61.63999938964844,61.9900016784668,4444831
TotalEnergies,0,TTE.PA,2024-01-03,61.90999984741211,62.06999969482422,61.27000045776367,61.7400016784668,3492054
TotalEnergies,0,TTE.PA,2024-01-04,62.18000030517578,63,62.04999923706055,62.47999954223633,3956219
TotalEnergies,0,TTE.PA,2024-01-05,62.220001220703125,62.70000076293945,61.91999816894531,62.5,2376845
TotalEnergies,0,TTE.PA,2024-01-08,62,62.04999923706055,60.54999923706055,60.54999923706055,3900649
TotalEnergies,0,TTE.PA,2024-01-09,60.849998474121094,61.16999816894531,60.119998931884766,60.119998931884766,3053098
TotalEnergies,0,TTE.PA,2024-01-10,60,60.29999923706055,59.70000076293945,59.77000045776367,2757095
TotalEnergies,0,TTE.PA,2024-01-11,59.709999084472656,60.18000030517578,59.36000061035156,59.47999954223633,4264632
TotalEnergies,0,TTE.PA,2024-01-12,60.25,60.84000015258789,60.09000015258789,60.13999938964844,3034026
TotalEnergies,0,TTE.PA,2024-01-15,60.130001068115234,60.27000045776367,59.65999984741211,59.939998626708984,2068080
TotalEnergies,0,TTE.PA,2024-01-16,59.5,60.09000015258789,59.220001220703125,59.58000183105469,3483825
TotalEnergies,0,TTE.PA,2024-01-17,58.72999954223633,58.75,57.77000045776367,58.2599983215332,4637885
TotalEnergies,0,TTE.PA,2024-01-18,58.06999969482422,58.56999969482422,57.91999816894531,58.5099983215332,3715641
TotalEnergies,0,TTE.PA,2024-01-19,58.95000076293945,59.220001220703125,58.27000045776367,58.279998779296875,3426875
TotalEnergies,0,TTE.PA,2024-01-22,58.380001068115234,58.7599983215332,57.45000076293945,57.75,4019036
TotalEnergies,0,TTE.PA,2024-01-23,58.310001373291016,58.470001220703125,57.7599983215332,58.119998931884766,3795632
TotalEnergies,0,TTE.PA,2024-01-24,58.13999938964844,59.0099983215332,57.90999984741211,58.86000061035156,4325754
TotalEnergies,0,TTE.PA,2024-01-25,59.189998626708984,59.65999984741211,58.709999084472656,58.939998626708984,3108343
TotalEnergies,0,TTE.PA,2024-01-26,59.77000045776367,60.279998779296875,59.52000045776367,59.619998931884766,3519412
TotalEnergies,0,TTE.PA,2024-01-29,60.65999984741211,61.130001068115234,59.939998626708984,60.209999084472656,3413933
TotalEnergies,0,TTE.PA,2024-01-30,60.099998474121094,60.59000015258789,59.97999954223633,60.43000030517578,2824518
TotalEnergies,0,TTE.PA,2024-01-31,61,61.060001373291016,60.099998474121094,60.099998474121094,5020356
TotalEnergies,0,TTE.PA,2024-02-01,60.810001373291016,61,60.130001068115234,60.58000183105469,3477664
TotalEnergies,0,TTE.PA,2024-02-02,60.31999969482422,60.43000030517578,59.54999923706055,59.79999923706055,3260710
TotalEnergies,0,TTE.PA,2024-02-05,59.599998474121094,59.779998779296875,58.880001068115234,59.220001220703125,3591602
TotalEnergies,0,TTE.PA,2024-02-06,60.06999969482422,60.70000076293945,59.970001220703125,60.29999923706055,4251414
TotalEnergies,0,TTE.PA,2024-02-07,58.5,59.970001220703125,58.16999816894531,58.38999938964844,5782026
TotalEnergies,0,TTE.PA,2024-02-08,58.29999923706055,59.29999923706055,57.59000015258789,59.18000030517578,3394759
TotalEnergies,0,TTE.PA,2024-02-09,59.41999816894531,59.900001525878906,59.27000045776367,59.720001220703125,3136947
TotalEnergies,0,TTE.PA,2024-02-12,59.75,60.09000015258789,59.459999084472656,59.81999969482422,3055670
TotalEnergies,0,TTE.PA,2024-02-13,59.970001220703125,60.90999984741211,59.56999969482422,60.29999923706055,3140127
TotalEnergies,0,TTE.PA,2024-02-14,60.43000030517578,60.689998626708984,60.060001373291016,60.41999816894531,2957326
TotalEnergies,0,TTE.PA,2024-02-15,59.75,60.2400016784668,58.66999816894531,59.75,5495770
TotalEnergies,0,TTE.PA,2024-02-16,60.310001373291016,60.41999816894531,59.560001373291016,59.88999938964844,4848959
TotalEnergies,0,TTE.PA,2024-02-19,60.08000183105469,60.2400016784668,59.47999954223633,59.689998626708984,2312753
TotalEnergies,0,TTE.PA,2024-02-20,59.459999084472656,59.65999984741211,58.58000183105469,58.599998474121094,3442884
TotalEnergies,0,TTE.PA,2024-02-21,58.5,59.130001068115234,58.31999969482422,58.91999816894531,3222466
TotalEnergies,0,TTE.PA,2024-02-22,59.220001220703125,59.7599983215332,58.779998779296875,59.130001068115234,3543583
TotalEnergies,0,TTE.PA,2024-02-23,59.11000061035156,59.720001220703125,58.93000030517578,59.65999984741211,3264682
TotalEnergies,0,TTE.PA,2024-02-26,59.18000030517578,59.27000045776367,58.56999969482422,59.189998626708984,2855778
TotalEnergies,0,TTE.PA,2024-02-27,59.08000183105469,59.88999938964844,59.04999923706055,59.5,2365829
TotalEnergies,0,TTE.PA,2024-02-28,59.439998626708984,59.66999816894531,59.08000183105469,59.400001525878906,2786832
TotalEnergies,0,TTE.PA,2024-02-29,59.13999938964844,59.61000061035156,58.9900016784668,58.9900016784668,14240651
TotalEnergies,0,TTE.PA,2024-03-01,59.220001220703125,59.84000015258789,59.13999938964844,59.79999923706055,3010134
TotalEnergies,0,TTE.PA,2024-03-04,59.4900016784668,60.040000915527344,59.22999954223633,59.38999938964844,2741093
TotalEnergies,0,TTE.PA,2024-03-05,59.04999923706055,59.290000915527344,58.709999084472656,59.15999984741211,3098188
TotalEnergies,0,TTE.PA,2024-03-06,59.2599983215332,60.25,59.18000030517578,59.97999954223633,3491791
TotalEnergies,0,TTE.PA,2024-03-07,59.68000030517578,60.209999084472656,59.529998779296875,59.91999816894531,3151539
TotalEnergies,0,TTE.PA,2024-03-08,60.209999084472656,60.72999954223633,60.040000915527344,60.04999923706055,3278520
TotalEnergies,0,TTE.PA,2024-03-11,59.869998931884766,60.290000915527344,59.77000045776367,60.130001068115234,2712053
TotalEnergies,0,TTE.PA,2024-03-12,60.619998931884766,60.900001525878906,60.310001373291016,60.66999816894531,3505196
TotalEnergies,0,TTE.PA,2024-03-13,60.689998626708984,61.869998931884766,60.529998779296875,61.7400016784668,4217299
TotalEnergies,0,TTE.PA,2024-03-14,61.90999984741211,62.75,61.7599983215332,62.709999084472656,6905212
TotalEnergies,0,TTE.PA,2024-03-15,62.72999954223633,63.41999816894531,62.47999954223633,62.47999954223633,14595607
TotalEnergies,0,TTE.PA,2024-03-18,62.47999954223633,63,62.369998931884766,62.630001068115234,3014932
TotalEnergies,0,TTE.PA,2024-03-19,62.9900016784668,64.41999816894531,62.810001373291016,64.30000305175781,4728370
TotalEnergies,0,TTE.PA,2024-03-20,63.349998474121094,63.56999969482422,62.959999084472656,63.20000076293945,4243839
TotalEnergies,0,TTE.PA,2024-03-21,63.5,63.77000045776367,62.77000045776367,62.91999816894531,3750719
TotalEnergies,0,TTE.PA,2024-03-22,62.70000076293945,63.2400016784668,62.5099983215332,62.849998474121094,2400377
TotalEnergies,0,TTE.PA,2024-03-25,62.75,63.380001068115234,62.720001220703125,63.22999954223633,2815602
TotalEnergies,0,TTE.PA,2024-03-26,63,63.47999954223633,62.7599983215332,62.97999954223633,2681684
TotalEnergies,0,TTE.PA,2024-03-27,62.599998474121094,63.459999084472656,62.290000915527344,63.040000915527344,2687714
TotalEnergies,0,TTE.PA,2024-03-28,63.38999938964844,63.65999984741211,63.18000030517578,63.470001220703125,3452878
TotalEnergies,0,TTE.PA,2024-04-02,64.19999694824219,66.05999755859375,64.19999694824219,65.95999908447266,6167933
TotalEnergies,0,TTE.PA,2024-04-03,66.29000091552734,66.76000213623047,65.9800033569336,66.66000366210938,3604306
TotalEnergies,0,TTE.PA,2024-04-04,66.56999969482422,67.19000244140625,66.5,67.05000305175781,3487338
TotalEnergies,0,TTE.PA,2024-04-05,67.19000244140625,67.37999725341797,66.73999786376953,66.80000305175781,3537494
TotalEnergies,0,TTE.PA,2024-04-08,66.7300033569336,68.11000061035156,66.68000030517578,67.93000030517578,3533695
TotalEnergies,0,TTE.PA,2024-04-09,67.7300033569336,68.08999633789062,67.18000030517578,67.4000015258789,3013797
TotalEnergies,0,TTE.PA,2024-04-10,67.86000061035156,68.30000305175781,67.30000305175781,68.08000183105469,3069874
TotalEnergies,0,TTE.PA,2024-04-11,68.4000015258789,69.0999984741211,67.51000213623047,67.69999694824219,3406929
TotalEnergies,0,TTE.PA,2024-04-12,68.55000305175781,69.31999969482422,68.4800033569336,69.08999633789062,3391229
TotalEnergies,0,TTE.PA,2024-04-15,68.9000015258789,69.1500015258789,68.16000366210938,68.29000091552734,3609707
TotalEnergies,0,TTE.PA,2024-04-16,67.41999816894531,67.7300033569336,65.4000015258789,67.25,3252933
TotalEnergies,0,TTE.PA,2024-04-17,67.22000122070312,68.01000213623047,67.20999908447266,67.66000366210938,2967935
TotalEnergies,0,TTE.PA,2024-04-18,67.2699966430664,67.6500015258789,66.75,67.41999816894531,3721241
TotalEnergies,0,TTE.PA,2024-04-19,66.9800033569336,67.54000091552734,66.18000030517578,67.27999877929688,4151819
TotalEnergies,0,TTE.PA,2024-04-22,67.55000305175781,68.05000305175781,67.25,67.9000015258789,2603386
TotalEnergies,0,TTE.PA,2024-04-23,68,68.48999786376953,67.62000274658203,67.91000366210938,2651398
TotalEnergies,0,TTE.PA,2024-04-24,68.48999786376953,68.69999694824219,67.63999938964844,67.91000366210938,2559602
TotalEnergies,0,TTE.PA,2024-04-25,67.80999755859375,68.18000030517578,67.44000244140625,68.05999755859375,2708031
TotalEnergies,0,TTE.PA,2024-04-26,67.87999725341797,70.11000061035156,67.79000091552734,69.4800033569336,4902657
TotalEnergies,0,TTE.PA,2024-04-29,69.06999969482422,69.75,68.87999725341797,69.25,3282811
TotalEnergies,0,TTE.PA,2024-04-30,69.68000030517578,69.8499984741211,68.58000183105469,68.58999633789062,3628541
TotalEnergies,0,TTE.PA,2024-05-02,67.73999786376953,67.93000030517578,66.26000213623047,66.8499984741211,4081964
TotalEnergies,0,TTE.PA,2024-05-03,66.8499984741211,67.16000366210938,65.98999786376953,66.36000061035156,2803917
TotalEnergies,0,TTE.PA,2024-05-06,66.93000030517578,67.48999786376953,66.72000122070312,67.26000213623047,1730316
TotalEnergies,0,TTE.PA,2024-05-07,67.19000244140625,67.48999786376953,66.91999816894531,67.06999969482422,2163667
TotalEnergies,0,TTE.PA,2024-05-08,66.9800033569336,67.30999755859375,66.62000274658203,67.2300033569336,2516216
TotalEnergies,0,TTE.PA,2024-05-09,67.41000366210938,68.43000030517578,67.41000366210938,68.3499984741211,2421906
TotalEnergies,0,TTE.PA,2024-05-10,68.66999816894531,69.19999694824219,68.56999969482422,68.68000030517578,3111904
TotalEnergies,0,TTE.PA,2024-05-13,68.61000061035156,68.91999816894531,68.33000183105469,68.75,1627993
TotalEnergies,0,TTE.PA,2024-05-14,68.75,69.02999877929688,68.23999786376953,68.31999969482422,1723131
TotalEnergies,0,TTE.PA,2024-05-15,68.75,68.91999816894531,67.0999984741211,67.47000122070312,2714425
TotalEnergies,0,TTE.PA,2024-05-16,67.55999755859375,67.7300033569336,66.12999725341797,66.45999908447266,3434553
TotalEnergies,0,TTE.PA,2024-05-17,66.61000061035156,67.36000061035156,66.55000305175781,66.94999694824219,3520169
TotalEnergies,0,TTE.PA,2024-05-20,67.38999938964844,67.94999694824219,67,67,2152355
TotalEnergies,0,TTE.PA,2024-05-21,66.80000305175781,66.97000122070312,66.08000183105469,66.4000015258789,2660592
TotalEnergies,0,TTE.PA,2024-05-22,65.9000015258789,65.93000030517578,65.12999725341797,65.16999816894531,3025648
TotalEnergies,0,TTE.PA,2024-05-23,65.20999908447266,66.04000091552734,65.16000366210938,65.69999694824219,2051948
TotalEnergies,0,TTE.PA,2024-05-24,65.4800033569336,66.08999633789062,65.12999725341797,65.98999786376953,2351491
TotalEnergies,0,TTE.PA,2024-05-27,66.0199966430664,66.51000213623047,65.87999725341797,66.4000015258789,1545713
TotalEnergies,0,TTE.PA,2024-05-28,66.72000122070312,66.94999694824219,66.02999877929688,66.13999938964844,1878177
TotalEnergies,0,TTE.PA,2024-05-29,66.3499984741211,66.94000244140625,65.56999969482422,65.62999725341797,3239603
TotalEnergies,0,TTE.PA,2024-05-30,65.43000030517578,65.58000183105469,64.87000274658203,65.30999755859375,3499796
TotalEnergies,0,TTE.PA,2024-05-31,65.62000274658203,67.01000213623047,65.5999984741211,67.01000213623047,9410554
TotalEnergies,0,TTE.PA,2024-06-03,67.4000015258789,67.76000213623047,65.83999633789062,65.91999816894531,2959073
TotalEnergies,0,TTE.PA,2024-06-04,64.87000274658203,65.11000061035156,63.88999938964844,64.33000183105469,4535748
TotalEnergies,0,TTE.PA,2024-06-05,64.69999694824219,65.47000122070312,64.29000091552734,64.72000122070312,2946877
TotalEnergies,0,TTE.PA,2024-06-06,64.88999938964844,64.97000122070312,64.31999969482422,64.97000122070312,2705044
TotalEnergies,0,TTE.PA,2024-06-07,64.93000030517578,65.3499984741211,64.62999725341797,64.94000244140625,3178823
TotalEnergies,0,TTE.PA,2024-06-10,64.3499984741211,65.20999908447266,63.880001068115234,65.20999908447266,3702340
TotalEnergies,0,TTE.PA,2024-06-11,65.29000091552734,65.76000213623047,63.959999084472656,64.0999984741211,3744259
TotalEnergies,0,TTE.PA,2024-06-12,64.0999984741211,64.5999984741211,63.70000076293945,63.939998626708984,3028206
TotalEnergies,0,TTE.PA,2024-06-13,63.849998474121094,64.05000305175781,62.22999954223633,62.310001373291016,4992598
TotalEnergies,0,TTE.PA,2024-06-14,62.38999938964844,62.630001068115234,60.849998474121094,61.41999816894531,6707644
TotalEnergies,0,TTE.PA,2024-06-17,61.22999954223633,62.290000915527344,61.209999084472656,62,3550252
TotalEnergies,0,TTE.PA,2024-06-18,62.040000915527344,63.040000915527344,61.689998626708984,62.86000061035156,3657541
TotalEnergies,0,TTE.PA,2024-06-19,62.27000045776367,62.63999938964844,61.7400016784668,61.779998779296875,3879374
TotalEnergies,0,TTE.PA,2024-06-20,61.86000061035156,62.689998626708984,61.540000915527344,62.310001373291016,4946318
TotalEnergies,0,TTE.PA,2024-06-21,62,62.290000915527344,61.40999984741211,61.77000045776367,7655355
TotalEnergies,0,TTE.PA,2024-06-24,61.43000030517578,62.630001068115234,61.38999938964844,62.5099983215332,2740180
TotalEnergies,0,TTE.PA,2024-06-25,62.91999816894531,63.369998931884766,62.630001068115234,62.880001068115234,2926768
TotalEnergies,0,TTE.PA,2024-06-26,63.220001220703125,63.369998931884766,61.880001068115234,62.040000915527344,3708769
TotalEnergies,0,TTE.PA,2024-06-27,62.119998931884766,62.36000061035156,61.880001068115234,62.040000915527344,2275177
TotalEnergies,0,TTE.PA,2024-06-28,62.75,62.91999816894531,61.959999084472656,62.33000183105469,3842392
TotalEnergies,0,TTE.PA,2024-07-01,63.400001525878906,64.4000015258789,63.189998626708984,63.61000061035156,3968464
TotalEnergies,0,TTE.PA,2024-07-02,64,64.43000030517578,63.2400016784668,64.01000213623047,3568058
TotalEnergies,0,TTE.PA,2024-07-03,64.05999755859375,64.93000030517578,64.04000091552734,64.83000183105469,3733317
TotalEnergies,0,TTE.PA,2024-07-04,64.91999816894531,65.79000091552734,64.80999755859375,65.79000091552734,2692925
TotalEnergies,0,TTE.PA,2024-07-05,65.6500015258789,65.87999725341797,64.95999908447266,65.36000061035156,3001682
TotalEnergies,0,TTE.PA,2024-07-08,64.81999969482422,65.41999816894531,64.63999938964844,64.68000030517578,2731401
TotalEnergies,0,TTE.PA,2024-07-09,64.16000366210938,64.20999908447266,62.91999816894531,63.220001220703125,3564862
TotalEnergies,0,TTE.PA,2024-07-10,63,63.45000076293945,62.79999923706055,63.040000915527344,3029126
TotalEnergies,0,TTE.PA,2024-07-11,63.060001373291016,63.349998474121094,62.470001220703125,62.81999969482422,3134492
TotalEnergies,0,TTE.PA,2024-07-12,63.529998779296875,63.939998626708984,63.220001220703125,63.5,3135787
TotalEnergies,0,TTE.PA,2024-07-15,63.470001220703125,63.70000076293945,62.939998626708984,63.279998779296875,3073244
TotalEnergies,0,TTE.PA,2024-07-16,63.20000076293945,63.20000076293945,62.06999969482422,62.29999923706055,2557447
TotalEnergies,0,TTE.PA,2024-07-17,62.29999923706055,63.279998779296875,62.27000045776367,62.83000183105469,2858921
TotalEnergies,0,TTE.PA,2024-07-18,63.09000015258789,63.97999954223633,63.060001373291016,63.79999923706055,3422747
TotalEnergies,0,TTE.PA,2024-07-19,63.5,63.65999984741211,62.560001373291016,62.72999954223633,4161797
TotalEnergies,0,TTE.PA,2024-07-22,62.939998626708984,63.310001373291016,62.540000915527344,63.13999938964844,2462653
TotalEnergies,0,TTE.PA,2024-07-23,62.83000183105469,63.130001068115234,62.060001373291016,62.130001068115234,2672344
TotalEnergies,0,TTE.PA,2024-07-24,61.88999938964844,62.540000915527344,61.470001220703125,62.459999084472656,2478368
TotalEnergies,0,TTE.PA,2024-07-25,61.41999816894531,62.11000061035156,60.52000045776367,61.970001220703125,2587208
TotalEnergies,0,TTE.PA,2024-07-26,62.689998626708984,62.939998626708984,61.97999954223633,62.130001068115234,2587272
TotalEnergies,0,TTE.PA,2024-07-29,62.790000915527344,63.08000183105469,61.52000045776367,61.7400016784668,1951085
TotalEnergies,0,TTE.PA,2024-07-30,62.189998626708984,62.45000076293945,61.7599983215332,62.08000183105469,2382486
TotalEnergies,0,TTE.PA,2024-07-31,62.59000015258789,63.20000076293945,62.33000183105469,62.47999954223633,4072989
TotalEnergies,0,TTE.PA,2024-08-01,62.31999969482422,62.88999938964844,61.65999984741211,61.90999984741211,3223324
TotalEnergies,0,TTE.PA,2024-08-02,61.29999923706055,62.209999084472656,61.060001373291016,61.13999938964844,4188934
TotalEnergies,0,TTE.PA,2024-08-05,59.52000045776367,59.7400016784668,57.9900016784668,59.5,5144823
TotalEnergies,0,TTE.PA,2024-08-06,59.93000030517578,59.959999084472656,58.31999969482422,59.22999954223633,3930534
TotalEnergies,0,TTE.PA,2024-08-07,59.349998474121094,61.31999969482422,59.33000183105469,60.91999816894531,4208443
TotalEnergies,0,TTE.PA,2024-08-08,60.75,61.119998931884766,60.290000915527344,60.90999984741211,2571282
TotalEnergies,0,TTE.PA,2024-08-09,61.290000915527344,61.599998474121094,60.880001068115234,61.349998474121094,1895672
TotalEnergies,0,TTE.PA,2024-08-12,61.65999984741211,61.9900016784668,61.380001068115234,61.720001220703125,2429529
TotalEnergies,0,TTE.PA,2024-08-13,61.939998626708984,62.040000915527344,61.029998779296875,61.34000015258789,2281396
TotalEnergies,0,TTE.PA,2024-08-14,61.58000183105469,61.79999923706055,61.0099983215332,61.459999084472656,2127767
TotalEnergies,0,TTE.PA,2024-08-15,61.880001068115234,62.59000015258789,61.61000061035156,62.47999954223633,2235687
TotalEnergies,0,TTE.PA,2024-08-16,62.43000030517578,62.66999816894531,61.93000030517578,62.33000183105469,3093759
TotalEnergies,0,TTE.PA,2024-08-19,62.290000915527344,63.11000061035156,62.13999938964844,62.91999816894531,2036242
TotalEnergies,0,TTE.PA,2024-08-20,62.5,62.68000030517578,61.970001220703125,61.970001220703125,2187536
TotalEnergies,0,TTE.PA,2024-08-21,61.9900016784668,62.25,61.720001220703125,62.130001068115234,1811404
TotalEnergies,0,TTE.PA,2024-08-22,61.5099983215332,61.9900016784668,61.47999954223633,61.619998931884766,2050324
TotalEnergies,0,TTE.PA,2024-08-23,61.9900016784668,62.2400016784668,61.91999816894531,62.15999984741211,2355294
TotalEnergies,0,TTE.PA,2024-08-26,62.36000061035156,63.130001068115234,62.150001525878906,62.86000061035156,2112563
TotalEnergies,0,TTE.PA,2024-08-27,63.279998779296875,63.439998626708984,62.709999084472656,62.720001220703125,1876471
TotalEnergies,0,TTE.PA,2024-08-28,62.77000045776367,62.90999984741211,62.279998779296875,62.40999984741211,2202823
TotalEnergies,0,TTE.PA,2024-08-29,62.150001525878906,62.7400016784668,61.869998931884766,62.709999084472656,2226817
TotalEnergies,0,TTE.PA,2024-08-30,62.86000061035156,63.40999984741211,62.06999969482422,62.189998626708984,4432349
TotalEnergies,0,TTE.PA,2024-09-02,62.15999984741211,62.59000015258789,61.970001220703125,62.47999954223633,1391271
TotalEnergies,0,TTE.PA,2024-09-03,62.40999984741211,62.650001525878906,60.459999084472656,60.5099983215332,3566724
TotalEnergies,0,TTE.PA,2024-09-04,60.38999938964844,61.02000045776367,59.90999984741211,60.16999816894531,3561212
TotalEnergies,0,TTE.PA,2024-09-05,60.16999816894531,60.9900016784668,60.13999938964844,60.560001373291016,3766255
TotalEnergies,0,TTE.PA,2024-09-06,60.099998474121094,60.650001525878906,59.720001220703125,59.86000061035156,4014800
TotalEnergies,0,TTE.PA,2024-09-09,60.290000915527344,61.06999969482422,60.220001220703125,60.959999084472656,3953410
TotalEnergies,0,TTE.PA,2024-09-10,60.79999923706055,61.209999084472656,59.47999954223633,59.869998931884766,3670909
TotalEnergies,0,TTE.PA,2024-09-11,59.90999984741211,60.459999084472656,59.63999938964844,60.189998626708984,3497158
TotalEnergies,0,TTE.PA,2024-09-12,60.72999954223633,61.150001525878906,60.29999923706055,60.90999984741211,3350991
TotalEnergies,0,TTE.PA,2024-09-13,60.970001220703125,61.400001525878906,60.88999938964844,61.06999969482422,2596972
TotalEnergies,0,TTE.PA,2024-09-16,60.709999084472656,61.290000915527344,60.68000030517578,61.220001220703125,2240585
TotalEnergies,0,TTE.PA,2024-09-17,61.380001068115234,61.7400016784668,61.2599983215332,61.400001525878906,3261846
TotalEnergies,0,TTE.PA,2024-09-18,61.58000183105469,61.650001525878906,61.040000915527344,61.22999954223633,2815423
TotalEnergies,0,TTE.PA,2024-09-19,62.0099983215332,62.7599983215332,61.91999816894531,62.650001525878906,3887980
TotalEnergies,0,TTE.PA,2024-09-20,62.130001068115234,62.58000183105469,61.7400016784668,61.9900016784668,7466641
TotalEnergies,0,TTE.PA,2024-09-23,62.58000183105469,62.810001373291016,61.849998474121094,62.119998931884766,3232740
TotalEnergies,0,TTE.PA,2024-09-24,62.4900016784668,63.16999816894531,62.439998626708984,62.70000076293945,3726537
TotalEnergies,0,TTE.PA,2024-09-25,61.13999938964844,61.560001373291016,60.36000061035156,60.709999084472656,5128839
TotalEnergies,0,TTE.PA,2024-09-26,59.310001373291016,59.56999969482422,58.25,59.29999923706055,7503258
TotalEnergies,0,TTE.PA,2024-09-27,58.83000183105469,59.619998931884766,58.83000183105469,59.150001525878906,4691916
TotalEnergies,0,TTE.PA,2024-09-30,59.61000061035156,59.63999938964844,58.209999084472656,58.5,5762846
Novartis,1,NVS,2024-01-02,100.0999984741211,101.91000366210938,100.0999984741211,101,1306300
Novartis,1,NVS,2024-01-03,103.12999725341797,105.05000305175781,102.95999908447266,104.81999969482422,2391000
Novartis,1,NVS,2024-01-04,104.98999786376953,105.76000213623047,104.86000061035156,105.56999969482422,1035500
Novartis,1,NVS,2024-01-05,105.91000366210938,106.9000015258789,105.81999969482422,106.30999755859375,1262200
Novartis,1,NVS,2024-01-08,107.26000213623047,107.38999938964844,105.4800033569336,107.08000183105469,2403500
Novartis,1,NVS,2024-01-09,106.58999633789062,107.37999725341797,106.22000122070312,106.38999938964844,1886700
Novartis,1,NVS,2024-01-10,107.05999755859375,107.80000305175781,107.04000091552734,107.44000244140625,1578600
Novartis,1,NVS,2024-01-11,107.19999694824219,107.66000366210938,106.5199966430664,107.5999984741211,1171200
Novartis,1,NVS,2024-01-12,107.43000030517578,107.88999938964844,107.22000122070312,107.44999694824219,958100
Novartis,1,NVS,2024-01-16,107.62000274658203,108.08999633789062,107.3499984741211,107.69000244140625,940300
Novartis,1,NVS,2024-01-17,108.22000122070312,108.41000366210938,107.5,108.26000213623047,1445500
Novartis,1,NVS,2024-01-18,107.41999816894531,108.05000305175781,107.05000305175781,108.02999877929688,1020700
Novartis,1,NVS,2024-01-19,107.55000305175781,108.23999786376953,107.0999984741211,108.2300033569336,1202600
Novartis,1,NVS,2024-01-22,108.36000061035156,108.77999877929688,108.19000244140625,108.47000122070312,1101300
Novartis,1,NVS,2024-01-23,107.43000030517578,107.75,106.87999725341797,107.7300033569336,1346900
Novartis,1,NVS,2024-01-24,107.97000122070312,108.43000030517578,107.55000305175781,107.55000305175781,1163400
Novartis,1,NVS,2024-01-25,107.08000183105469,107.27999877929688,106.58000183105469,106.98999786376953,947000
Novartis,1,NVS,2024-01-26,107.30000305175781,107.45999908447266,106.80999755859375,107.16000366210938,953900
Novartis,1,NVS,2024-01-29,107.5,107.95999908447266,107.22000122070312,107.94999694824219,926200
Novartis,1,NVS,2024-01-30,107.30999755859375,107.83999633789062,106.72000122070312,107.75,1376100
Novartis,1,NVS,2024-01-31,105.55000305175781,105.75,102.5999984741211,103.47000122070312,3348700
Novartis,1,NVS,2024-02-01,105.06999969482422,105.9000015258789,104.58999633789062,105.33000183105469,1983900
Novartis,1,NVS,2024-02-02,104.80000305175781,105.06999969482422,103.16999816894531,103.72000122070312,1652000
Novartis,1,NVS,2024-02-05,103.54000091552734,103.97000122070312,103.31999969482422,103.47000122070312,1414500
Novartis,1,NVS,2024-02-06,103.30999755859375,103.93000030517578,102.95999908447266,103.73999786376953,1014900
Novartis,1,NVS,2024-02-07,103.83000183105469,104.23999786376953,103.41999816894531,103.45999908447266,892100
Novartis,1,NVS,2024-02-08,101.83999633789062,102.0999984741211,100.58999633789062,101.36000061035156,1635300
Novartis,1,NVS,2024-02-09,100.9800033569336,101.19000244140625,100.72000122070312,101.02999877929688,1150800
Novartis,1,NVS,2024-02-12,99.55999755859375,100.5999984741211,99.4800033569336,100.52999877929688,1150500
Novartis,1,NVS,2024-02-13,100.19000244140625,100.41999816894531,98.80999755859375,99.05999755859375,1584400
Novartis,1,NVS,2024-02-14,99.04000091552734,99.27999877929688,98.70999908447266,99.05000305175781,1329000
Novartis,1,NVS,2024-02-15,99.30999755859375,100.16999816894531,99.30999755859375,99.62999725341797,1145300
Novartis,1,NVS,2024-02-16,100,100.56999969482422,99.88999938964844,100.19000244140625,888600
Novartis,1,NVS,2024-02-20,103.11000061035156,103.47000122070312,102.25,102.72000122070312,2000400
Novartis,1,NVS,2024-02-21,102.05000305175781,102.68000030517578,102.05000305175781,102.55999755859375,1958900
Novartis,1,NVS,2024-02-22,102.5,102.97000122070312,102.30999755859375,102.80000305175781,1741600
Novartis,1,NVS,2024-02-23,103.72000122070312,104.13999938964844,103.62000274658203,103.9000015258789,1768700
Novartis,1,NVS,2024-02-26,104.58000183105469,104.6500015258789,103.18000030517578,103.25,2055200
Novartis,1,NVS,2024-02-27,103.08999633789062,103.41000366210938,102.87999725341797,103.1500015258789,1269100
Novartis,1,NVS,2024-02-28,103.19999694824219,103.26000213623047,102.05000305175781,102.22000122070312,2120500
Novartis,1,NVS,2024-02-29,102.37000274658203,102.37000274658203,100.91999816894531,100.97000122070312,3248500
Novartis,1,NVS,2024-03-01,102.01000213623047,102.1500015258789,101.5,102.05999755859375,1598000
Novartis,1,NVS,2024-03-04,101.44999694824219,102.13999938964844,101.3499984741211,101.97000122070312,836300
Novartis,1,NVS,2024-03-05,102.30000305175781,102.5199966430664,101.69999694824219,102.0999984741211,750900
Novartis,1,NVS,2024-03-06,102.30000305175781,103.02999877929688,102.25,102.63999938964844,1245500
Novartis,1,NVS,2024-03-07,100.5,100.62999725341797,99.56999969482422,99.93000030517578,1497300
Novartis,1,NVS,2024-03-08,100.01000213623047,100.87000274658203,99.97000122070312,100.70999908447266,888400
Novartis,1,NVS,2024-03-11,101.05000305175781,101.80999755859375,100.52999877929688,101.37000274658203,1592200
Novartis,1,NVS,2024-03-12,99.80000305175781,100.02999877929688,99.33000183105469,99.7699966430664,1495900
Novartis,1,NVS,2024-03-13,99.69999694824219,99.79000091552734,98.86000061035156,99,916000
Novartis,1,NVS,2024-03-14,98.41000366210938,98.4800033569336,97.81999969482422,98.12999725341797,834400
Novartis,1,NVS,2024-03-15,98.18000030517578,98.31999969482422,96.69000244140625,97.2699966430664,1541100
Novartis,1,NVS,2024-03-18,96.94999694824219,97.0199966430664,95.91000366210938,95.91999816894531,1223900
Novartis,1,NVS,2024-03-19,96.18000030517578,96.5,95.9000015258789,96.31999969482422,1221400
Novartis,1,NVS,2024-03-20,95.72000122070312,96.1500015258789,95.25,96.05000305175781,934900
Novartis,1,NVS,2024-03-21,96.4000015258789,96.79000091552734,96.04000091552734,96.08000183105469,943800
Novartis,1,NVS,2024-03-22,96.23999786376953,96.51000213623047,96.08000183105469,96.2300033569336,657600
Novartis,1,NVS,2024-03-25,96.1500015258789,96.29000091552734,95.7300033569336,95.7300033569336,3641800
Novartis,1,NVS,2024-03-26,95.5,95.55999755859375,95.06999969482422,95.2699966430664,944200
Novartis,1,NVS,2024-03-27,95.5,95.9000015258789,95.2699966430664,95.87999725341797,2432100
Novartis,1,NVS,2024-03-28,96.27999877929688,97.19999694824219,96.1500015258789,96.7300033569336,1524700
Novartis,1,NVS,2024-04-01,96.83000183105469,97.05999755859375,95.44999694824219,95.87000274658203,1258600
Novartis,1,NVS,2024-04-02,94.63999938964844,94.63999938964844,93.91999816894531,94.41000366210938,1468600
Novartis,1,NVS,2024-04-03,94.44999694824219,94.87999725341797,94.18000030517578,94.37000274658203,1168900
Novartis,1,NVS,2024-04-04,97.25,98.20999908447266,96.54000091552734,96.88999938964844,2544700
Novartis,1,NVS,2024-04-05,95.30000305175781,95.93000030517578,95.12999725341797,95.79000091552734,1916900
Novartis,1,NVS,2024-04-08,95.73999786376953,96.1500015258789,95.25,95.4800033569336,1535100
Novartis,1,NVS,2024-04-09,95.66999816894531,95.9000015258789,95.38999938964844,95.80999755859375,1373900
Novartis,1,NVS,2024-04-10,94.56999969482422,94.66999816894531,94.04000091552734,94.37999725341797,2399100
Novartis,1,NVS,2024-04-11,94.87000274658203,94.91000366210938,93.75,94.33999633789062,1623300
Novartis,1,NVS,2024-04-12,94.98999786376953,95.05000305175781,93.41000366210938,93.5199966430664,2099600
Novartis,1,NVS,2024-04-15,94.19999694824219,94.97000122070312,94.11000061035156,94.41000366210938,1501000
Novartis,1,NVS,2024-04-16,92.8499984741211,93.37000274658203,92.63999938964844,93.19999694824219,1914800
Novartis,1,NVS,2024-04-17,93.62999725341797,93.77999877929688,92.87000274658203,93.08000183105469,1168700
Novartis,1,NVS,2024-04-18,92.8499984741211,92.93000030517578,92.3499984741211,92.56999969482422,1054600
Novartis,1,NVS,2024-04-19,93.19999694824219,94.5,93.1500015258789,94.36000061035156,2338300
Novartis,1,NVS,2024-04-22,94.76000213623047,96.02999877929688,94.72000122070312,95.12000274658203,2447800
Novartis,1,NVS,2024-04-23,98.73999786376953,99.5,97.02999877929688,97.27999877929688,3837400
Novartis,1,NVS,2024-04-24,98.5,98.55000305175781,97.41000366210938,98.3499984741211,2473000
Novartis,1,NVS,2024-04-25,98.62999725341797,99.23999786376953,98.26000213623047,99.05999755859375,2421300
Novartis,1,NVS,2024-04-26,97.76000213623047,98.22000122070312,97.44000244140625,97.44000244140625,1562800
Novartis,1,NVS,2024-04-29,97.76000213623047,97.91000366210938,96.86000061035156,97.08999633789062,2144400
Novartis,1,NVS,2024-04-30,97.08000183105469,97.81999969482422,96.91999816894531,97.12999725341797,1630700
Novartis,1,NVS,2024-05-01,96.97000122070312,97.87000274658203,96.72000122070312,97.5,1284200
Novartis,1,NVS,2024-05-02,97.20999908447266,97.47000122070312,96.8499984741211,97.33999633789062,1426100
Novartis,1,NVS,2024-05-03,97.75,97.91000366210938,97.06999969482422,97.2699966430664,1045700
Novartis,1,NVS,2024-05-06,97.5,97.83000183105469,97.11000061035156,97.7300033569336,1180800
Novartis,1,NVS,2024-05-07,98.5999984741211,99.19000244140625,98.54000091552734,99.06999969482422,1159700
Novartis,1,NVS,2024-05-08,99.6500015258789,99.77999877929688,99.26000213623047,99.5999984741211,1153300
Novartis,1,NVS,2024-05-09,99.72000122070312,100.29000091552734,99.44000244140625,100.20999908447266,1384400
Novartis,1,NVS,2024-05-10,101.12999725341797,102.13999938964844,101.04000091552734,102.0999984741211,1843400
Novartis,1,NVS,2024-05-13,102.44000244140625,102.69000244140625,102.1500015258789,102.26000213623047,1101800
Novartis,1,NVS,2024-05-14,102.7699966430664,103.38999938964844,102.72000122070312,103.30999755859375,1951100
Novartis,1,NVS,2024-05-15,103.25,103.55000305175781,102.95999908447266,103.22000122070312,1058300
Novartis,1,NVS,2024-05-16,102.5,102.7699966430664,102.12999725341797,102.69000244140625,812000
Novartis,1,NVS,2024-05-17,102.87000274658203,102.93000030517578,102.5,102.56999969482422,781500
Novartis,1,NVS,2024-05-20,102.69999694824219,103,102.27999877929688,102.83999633789062,984700
Novartis,1,NVS,2024-05-21,102.80000305175781,103.12999725341797,102.76000213623047,102.83999633789062,882100
Novartis,1,NVS,2024-05-22,101.80999755859375,102.04000091552734,101.62999725341797,101.95999908447266,1051700
Novartis,1,NVS,2024-05-23,101.93000030517578,101.97000122070312,101,101.11000061035156,932600
Novartis,1,NVS,2024-05-24,100.29000091552734,100.77999877929688,100.06999969482422,100.52999877929688,1177500
Novartis,1,NVS,2024-05-28,100.26000213623047,100.33000183105469,99.44999694824219,99.68000030517578,1033500
Novartis,1,NVS,2024-05-29,99.3499984741211,99.5199966430664,98.91000366210938,99.36000061035156,1108400
Novartis,1,NVS,2024-05-30,100.33999633789062,101.01000213623047,100.33999633789062,100.69999694824219,1258100
Novartis,1,NVS,2024-05-31,102.13999938964844,103.37000274658203,101.94999694824219,103.12999725341797,1981400
Novartis,1,NVS,2024-06-03,103.2300033569336,103.69999694824219,102.72000122070312,102.76000213623047,1594300
Novartis,1,NVS,2024-06-04,103.81999969482422,104.94999694824219,103.51000213623047,104.91999816894531,1685700
Novartis,1,NVS,2024-06-05,105.47000122070312,105.58999633789062,105.05999755859375,105.36000061035156,1109100
Novartis,1,NVS,2024-06-06,105.68000030517578,106.45999908447266,105.6500015258789,106.12999725341797,1031400
Novartis,1,NVS,2024-06-07,106.19999694824219,106.22000122070312,105.26000213623047,105.33000183105469,849700
Novartis,1,NVS,2024-06-10,105.06999969482422,105.45999908447266,104.77999877929688,105.4000015258789,1255800
Novartis,1,NVS,2024-06-11,104.9800033569336,104.9800033569336,104.20999908447266,104.51000213623047,1523000
Novartis,1,NVS,2024-06-12,106.33000183105469,106.37000274658203,105.5199966430664,105.55000305175781,1939000
Novartis,1,NVS,2024-06-13,105.77999877929688,106.19000244140625,104.94000244140625,106.0199966430664,1077600
Novartis,1,NVS,2024-06-14,106.66000366210938,106.7699966430664,104.94999694824219,105.72000122070312,2565100
Novartis,1,NVS,2024-06-17,104.44000244140625,105.16000366210938,104.2300033569336,104.93000030517578,997100
Novartis,1,NVS,2024-06-18,105.33000183105469,105.56999969482422,104.86000061035156,104.94000244140625,1051800
Novartis,1,NVS,2024-06-20,104.66000366210938,105.8499984741211,104.4000015258789,105.73999786376953,1285700
Novartis,1,NVS,2024-06-21,105.38999938964844,105.70999908447266,104.44000244140625,105.22000122070312,1302100
Novartis,1,NVS,2024-06-24,107.47000122070312,107.66999816894531,106.91000366210938,106.94999694824219,1551200
Novartis,1,NVS,2024-06-25,107.22000122070312,107.4000015258789,106.79000091552734,107.37000274658203,819400
Novartis,1,NVS,2024-06-26,106.76000213623047,107.33999633789062,106.52999877929688,107.06999969482422,1547200
Novartis,1,NVS,2024-06-27,106.6500015258789,106.77999877929688,106.11000061035156,106.55000305175781,1268700
Novartis,1,NVS,2024-06-28,106.75,107.12000274658203,106.23999786376953,106.45999908447266,1516900
Novartis,1,NVS,2024-07-01,106.58000183105469,107.62000274658203,106.30000305175781,106.54000091552734,1194200
Novartis,1,NVS,2024-07-02,106.31999969482422,106.68000030517578,105.9000015258789,106.44000244140625,1211300
Novartis,1,NVS,2024-07-03,106.56999969482422,107.02999877929688,106.51000213623047,106.77999877929688,516200
Novartis,1,NVS,2024-07-05,108.18000030517578,108.22000122070312,107.2699966430664,108.12999725341797,1465900
Novartis,1,NVS,2024-07-08,108.68000030517578,108.79000091552734,107.87000274658203,108.05999755859375,1426600
Novartis,1,NVS,2024-07-09,108.87999725341797,108.87999725341797,107.81999969482422,108.2300033569336,1530600
Novartis,1,NVS,2024-07-10,108.29000091552734,109.94999694824219,108.22000122070312,109.94000244140625,1253700
Novartis,1,NVS,2024-07-11,111.30000305175781,111.70999908447266,110.37000274658203,110.5,1997800
Novartis,1,NVS,2024-07-12,112.2300033569336,112.4800033569336,111.5999984741211,111.69999694824219,1612900
Novartis,1,NVS,2024-07-15,112.04000091552734,112.04000091552734,110.2300033569336,110.33000183105469,1350900
Novartis,1,NVS,2024-07-16,110.02999877929688,110.62000274658203,110.01000213623047,110.52999877929688,1142000
Novartis,1,NVS,2024-07-17,111.18000030517578,112.33000183105469,111,111.80000305175781,1792700
Novartis,1,NVS,2024-07-18,107.80999755859375,108.29000091552734,106.66999816894531,107.22000122070312,3461100
Novartis,1,NVS,2024-07-19,106.3499984741211,106.52999877929688,105.72000122070312,106.12999725341797,1683200
Novartis,1,NVS,2024-07-22,107.95999908447266,108.75,107.58999633789062,108.7300033569336,1468900
Novartis,1,NVS,2024-07-23,108.12000274658203,108.1500015258789,107.2300033569336,107.69999694824219,1319500
Novartis,1,NVS,2024-07-24,108.25,109.79000091552734,108.1500015258789,109.29000091552734,2212300
Novartis,1,NVS,2024-07-25,109.37999725341797,110.51000213623047,109.36000061035156,109.93000030517578,1248400
Novartis,1,NVS,2024-07-26,110.04000091552734,110.66999816894531,109.66999816894531,110.31999969482422,858800
Novartis,1,NVS,2024-07-29,110.98999786376953,111.16000366210938,110.44000244140625,110.66999816894531,880400
Novartis,1,NVS,2024-07-30,111.11000061035156,112.1500015258789,110.72000122070312,111.93000030517578,1162300
Novartis,1,NVS,2024-07-31,112.19999694824219,112.29000091552734,111.4000015258789,111.4800033569336,1165200
Novartis,1,NVS,2024-08-01,112,112.48999786376953,111.38999938964844,112.0999984741211,1054400
Novartis,1,NVS,2024-08-02,112.30000305175781,113,111.9800033569336,112.87000274658203,1678800
Novartis,1,NVS,2024-08-05,111.02999877929688,111.33999633789062,109.66000366210938,109.8499984741211,1599300
Novartis,1,NVS,2024-08-06,108.52999877929688,110.69000244140625,108.4800033569336,110.05999755859375,1385000
Novartis,1,NVS,2024-08-07,111.2699966430664,112.19000244140625,110.75,111.16000366210938,1350800
Novartis,1,NVS,2024-08-08,110.5999984741211,111.45999908447266,110.4800033569336,111.0199966430664,899800
Novartis,1,NVS,2024-08-09,111.55999755859375,112.16000366210938,111.51000213623047,111.88999938964844,1037500
Novartis,1,NVS,2024-08-12,111.45999908447266,111.94999694824219,111.0999984741211,111.41999816894531,925400
Novartis,1,NVS,2024-08-13,111.5999984741211,112.62000274658203,111.58999633789062,112.52999877929688,1001300
Novartis,1,NVS,2024-08-14,112.80999755859375,113.91999816894531,112.66000366210938,113.52999877929688,997800
Novartis,1,NVS,2024-08-15,113.55000305175781,113.66000366210938,113.05999755859375,113.30999755859375,779900
Novartis,1,NVS,2024-08-16,114.62999725341797,114.91000366210938,114.18000030517578,114.69999694824219,1057200
Novartis,1,NVS,2024-08-19,115.06999969482422,116.16999816894531,114.80000305175781,115.93000030517578,857900
Novartis,1,NVS,2024-08-20,116.58000183105469,117.4000015258789,116.44999694824219,117.12999725341797,1115300
Novartis,1,NVS,2024-08-21,117.27999877929688,117.75,116.91999816894531,117.61000061035156,711800
Novartis,1,NVS,2024-08-22,117.95999908447266,118.1500015258789,117.61000061035156,117.76000213623047,951400
Novartis,1,NVS,2024-08-23,117.94000244140625,118.58999633789062,117.70999908447266,118.55999755859375,801200
Novartis,1,NVS,2024-08-26,118.69000244140625,119.29000091552734,118.68000030517578,119.1500015258789,677100
Novartis,1,NVS,2024-08-27,119.44999694824219,119.91000366210938,119.26000213623047,119.83999633789062,860900
Novartis,1,NVS,2024-08-28,120.04000091552734,120.66999816894531,119.66999816894531,119.9800033569336,860000
Novartis,1,NVS,2024-08-29,120.08999633789062,120.80000305175781,119.87000274658203,120.41999816894531,859500
Novartis,1,NVS,2024-08-30,120.37000274658203,120.91999816894531,120.05999755859375,120.88999938964844,902600
Novartis,1,NVS,2024-09-03,119.12999725341797,119.44000244140625,118.2699966430664,118.5,1155800
Novartis,1,NVS,2024-09-04,118.29000091552734,119.43000030517578,118.29000091552734,119.37999725341797,1161000
Novartis,1,NVS,2024-09-05,117.73999786376953,117.8499984741211,116.33000183105469,116.48999786376953,1317500
Novartis,1,NVS,2024-09-06,117.23999786376953,117.5999984741211,116.62000274658203,116.6500015258789,1151400
Novartis,1,NVS,2024-09-09,116.87999725341797,117.76000213623047,116.77999877929688,117.16000366210938,1185200
Novartis,1,NVS,2024-09-10,117.04000091552734,117.12000274658203,116.05999755859375,116.98999786376953,954900
Novartis,1,NVS,2024-09-11,114.9800033569336,115.5,113.81999969482422,115.27999877929688,1342400
Novartis,1,NVS,2024-09-12,115.3499984741211,115.9800033569336,114.79000091552734,115.72000122070312,1543500
Novartis,1,NVS,2024-09-13,115.80999755859375,116.31999969482422,115.2699966430664,115.66000366210938,1866100
Novartis,1,NVS,2024-09-16,116.41000366210938,116.9800033569336,116.13999938964844,116.94999694824219,924900
Novartis,1,NVS,2024-09-17,116.0999984741211,116.0999984741211,114.9800033569336,115.69999694824219,872700
Novartis,1,NVS,2024-09-18,116.30000305175781,116.62999725341797,115.5999984741211,115.97000122070312,771300
Novartis,1,NVS,2024-09-19,116.20999908447266,116.5199966430664,115.52999877929688,115.9800033569336,689600
Novartis,1,NVS,2024-09-20,116.63999938964844,116.69000244140625,115.88999938964844,115.94000244140625,1041500
Novartis,1,NVS,2024-09-23,116.33999633789062,116.80999755859375,116,116.37000274658203,1122000
Novartis,1,NVS,2024-09-24,115.83999633789062,116.4800033569336,115.43000030517578,116.41999816894531,955900
Novartis,1,NVS,2024-09-25,116.83999633789062,116.94999694824219,116.41999816894531,116.43000030517578,1046800
Novartis,1,NVS,2024-09-26,115.11000061035156,115.66999816894531,114.91000366210938,115.61000061035156,845900
Novartis,1,NVS,2024-09-27,115.86000061035156,116.38999938964844,115.5999984741211,115.61000061035156,919200
Novartis,1,NVS,2024-09-30,115.41999816894531,115.5,114.81999969482422,115.0199966430664,1192400
Novartis,0,NOVN.SW,2024-01-03,86.5199966430664,88.62999725341797,86.5,88.62999725341797,5749595
Novartis,0,NOVN.SW,2024-01-04,89.06999969482422,89.88999938964844,88.98999786376953,89.83999633789062,3408396
Novartis,0,NOVN.SW,2024-01-05,89.9000015258789,90.54000091552734,89.75,90.41000366210938,2645796
Novartis,0,NOVN.SW,2024-01-08,90.68000030517578,91.23999786376953,90.45999908447266,90.80000305175781,2867801
Novartis,0,NOVN.SW,2024-01-09,90.19999694824219,91.47000122070312,90.12999725341797,91.13999938964844,2704625
Novartis,0,NOVN.SW,2024-01-10,90.62000274658203,91.80000305175781,90.31999969482422,91.55000305175781,4032492
Novartis,0,NOVN.SW,2024-01-11,91.69999694824219,91.94999694824219,90.94999694824219,91.31999969482422,2975934
Novartis,0,NOVN.SW,2024-01-12,91.58000183105469,91.87999725341797,91.19000244140625,91.43000030517578,2095213
Novartis,0,NOVN.SW,2024-01-15,91.75,92,91.66999816894531,92,2746406
Novartis,0,NOVN.SW,2024-01-16,92.19999694824219,92.91999816894531,91.91999816894531,92.80000305175781,3136874
Novartis,0,NOVN.SW,2024-01-17,92.51000213623047,93.8499984741211,92.12999725341797,93.6500015258789,2501498
Novartis,0,NOVN.SW,2024-01-18,93.04000091552734,93.79000091552734,92.7300033569336,93.12000274658203,3022000
Novartis,0,NOVN.SW,2024-01-19,93.1500015258789,93.80000305175781,93.05000305175781,93.80000305175781,2566147
Novartis,0,NOVN.SW,2024-01-22,93.9000015258789,94.5199966430664,93.77999877929688,94.4000015258789,2935652
Novartis,0,NOVN.SW,2024-01-23,94.11000061035156,94.22000122070312,93.18000030517578,93.5,2813173
Novartis,0,NOVN.SW,2024-01-24,93.25,93.56999969482422,92.58000183105469,93.52999877929688,2690577
Novartis,0,NOVN.SW,2024-01-25,93.16000366210938,93.16000366210938,92.13999938964844,92.75,2366318
Novartis,0,NOVN.SW,2024-01-26,92.66999816894531,93.04000091552734,92.12999725341797,92.45999908447266,2342888
Novartis,0,NOVN.SW,2024-01-29,92.80000305175781,93.91999816894531,92.55999755859375,92.91000366210938,2656798
Novartis,0,NOVN.SW,2024-01-30,92.80000305175781,93.20999908447266,92.11000061035156,92.58999633789062,2810697
Novartis,0,NOVN.SW,2024-01-31,88.87999725341797,91.5199966430664,87.68000030517578,89.4000015258789,8041717
Novartis,0,NOVN.SW,2024-02-01,89.54000091552734,90.83000183105469,89.05999755859375,90.54000091552734,3846735
Novartis,0,NOVN.SW,2024-02-02,90.12000274658203,90.7300033569336,89.66999816894531,89.80000305175781,2931715
Novartis,0,NOVN.SW,2024-02-05,90.0199966430664,90.5999984741211,89.94999694824219,90.36000061035156,3380878
Novartis,0,NOVN.SW,2024-02-06,90.66000366210938,91.1500015258789,89.8499984741211,90.08999633789062,2691800
Novartis,0,NOVN.SW,2024-02-07,90.69999694824219,90.87999725341797,89.62999725341797,90.7300033569336,2819723
Novartis,0,NOVN.SW,2024-02-08,90.4800033569336,90.4800033569336,87.97000122070312,87.97000122070312,3278855
Novartis,0,NOVN.SW,2024-02-09,88.52999877929688,88.97000122070312,88.08999633789062,88.30999755859375,2930012
Novartis,0,NOVN.SW,2024-02-12,88.01000213623047,88.19000244140625,87.02999877929688,87.68000030517578,2491854
Novartis,0,NOVN.SW,2024-02-13,88.08999633789062,88.9000015258789,87.91999816894531,88.0199966430664,3425771
Novartis,0,NOVN.SW,2024-02-14,88.45999908447266,88.58000183105469,87.70999908447266,87.80000305175781,2536458
Novartis,0,NOVN.SW,2024-02-15,87.45999908447266,88.04000091552734,87.33999633789062,87.95999908447266,2461023
Novartis,0,NOVN.SW,2024-02-16,88.08000183105469,88.75,87.48999786376953,88.44000244140625,2876841
Novartis,0,NOVN.SW,2024-02-19,88.5,89.8499984741211,88.5,89.55999755859375,1614102
Novartis,0,NOVN.SW,2024-02-20,89.48999786376953,91.08999633789062,89.41999816894531,90.7699966430664,2308569
Novartis,0,NOVN.SW,2024-02-21,89.80999755859375,90.30999755859375,89.30999755859375,90.04000091552734,2400756
Novartis,0,NOVN.SW,2024-02-22,90.73999786376953,90.9000015258789,90.01000213623047,90.56999969482422,3227100
Novartis,0,NOVN.SW,2024-02-23,90.69999694824219,91.75,90.48999786376953,91.62999725341797,2235130
Novartis,0,NOVN.SW,2024-02-26,91.52999877929688,92.1500015258789,91.30000305175781,91.36000061035156,2217205
Novartis,0,NOVN.SW,2024-02-27,90.73999786376953,90.98999786376953,90.33999633789062,90.6500015258789,2822152
Novartis,0,NOVN.SW,2024-02-28,91,91.4000015258789,90,90,2914648
Novartis,0,NOVN.SW,2024-02-29,89.8499984741211,90.19999694824219,89.04000091552734,89.48999786376953,4722925
Novartis,0,NOVN.SW,2024-03-01,89.73999786376953,90.7300033569336,89.69000244140625,90.13999938964844,2247292
Novartis,0,NOVN.SW,2024-03-04,90.36000061035156,90.8499984741211,89.77999877929688,90.18000030517578,2660789
Novartis,0,NOVN.SW,2024-03-05,90.55999755859375,90.91999816894531,90.20999908447266,90.54000091552734,2382399
Novartis,0,NOVN.SW,2024-03-06,90.63999938964844,91.05999755859375,90.20999908447266,91.05999755859375,3286746
Novartis,0,NOVN.SW,2024-03-07,88,88.88999938964844,87.58000183105469,87.77999877929688,5601589
Novartis,0,NOVN.SW,2024-03-08,87.5999984741211,88.16000366210938,87.26000213623047,88.11000061035156,3175679
Novartis,0,NOVN.SW,2024-03-11,88.45999908447266,88.91999816894531,88.37999725341797,88.80000305175781,3811053
Novartis,0,NOVN.SW,2024-03-12,88.9800033569336,89.37000274658203,87.30000305175781,87.58999633789062,3766221
Novartis,0,NOVN.SW,2024-03-13,87.5,87.5999984741211,86.31999969482422,87.12999725341797,3547186
Novartis,0,NOVN.SW,2024-03-14,87.2699966430664,87.38999938964844,86.3499984741211,86.80000305175781,2717302
Novartis,0,NOVN.SW,2024-03-15,86.02999877929688,87.16000366210938,85.63999938964844,85.63999938964844,16109816
Novartis,0,NOVN.SW,2024-03-18,85.77999877929688,85.81999969482422,85.16000366210938,85.52999877929688,2541879
Novartis,0,NOVN.SW,2024-03-19,85.25,85.55999755859375,84.79000091552734,85.5199966430664,2455344
Novartis,0,NOVN.SW,2024-03-20,85.87000274658203,85.94999694824219,84.83000183105469,85.11000061035156,2536367
Novartis,0,NOVN.SW,2024-03-21,85.19999694824219,86.94999694824219,84.88999938964844,86.72000122070312,3522522
Novartis,0,NOVN.SW,2024-03-22,86.5199966430664,86.94999694824219,85.88999938964844,86.51000213623047,2157126
Novartis,0,NOVN.SW,2024-03-25,86.2300033569336,86.5199966430664,85.9800033569336,86.41000366210938,1801019
Novartis,0,NOVN.SW,2024-03-26,86.36000061035156,86.52999877929688,85.8499984741211,86.1500015258789,2390891
Novartis,0,NOVN.SW,2024-03-27,86.4000015258789,86.79000091552734,86.25,86.66000366210938,2823832
Novartis,0,NOVN.SW,2024-03-28,86.51000213623047,87.37000274658203,86.51000213623047,87.37000274658203,2973660
Novartis,0,NOVN.SW,2024-04-02,87.16000366210938,87.38999938964844,85.16999816894531,85.69999694824219,3133975
Novartis,0,NOVN.SW,2024-04-03,86.04000091552734,86.51000213623047,85.66000366210938,85.80000305175781,3093067
Novartis,0,NOVN.SW,2024-04-04,85.80000305175781,88.83000183105469,85.5199966430664,88.23999786376953,4440994
Novartis,0,NOVN.SW,2024-04-05,87.25,87.2699966430664,85.9000015258789,86.05999755859375,4101587
Novartis,0,NOVN.SW,2024-04-08,86.44000244140625,87.22000122070312,86.3499984741211,86.3499984741211,2514209
Novartis,0,NOVN.SW,2024-04-09,86.08000183105469,86.47000122070312,85.77999877929688,86.37000274658203,2229515
Novartis,0,NOVN.SW,2024-04-10,86.5,86.52999877929688,85.52999877929688,86.12999725341797,2274261
Novartis,0,NOVN.SW,2024-04-11,86.0999984741211,86.4800033569336,85.48999786376953,85.62999725341797,2226966
Novartis,0,NOVN.SW,2024-04-12,85.9800033569336,86.7300033569336,85.75,86.0999984741211,2419969
Novartis,0,NOVN.SW,2024-04-15,86.19000244140625,86.68000030517578,85.68000030517578,86.5,2331975
Novartis,0,NOVN.SW,2024-04-16,86.08000183105469,86.08000183105469,84.5199966430664,85,3068722
Novartis,0,NOVN.SW,2024-04-17,84.79000091552734,85.41999816894531,84.33999633789062,84.8499984741211,2429911
Novartis,0,NOVN.SW,2024-04-18,84.58999633789062,84.91000366210938,84.2699966430664,84.5199966430664,2681710
Novartis,0,NOVN.SW,2024-04-19,83.79000091552734,85.52999877929688,83.62999725341797,85.52999877929688,3719061
Novartis,0,NOVN.SW,2024-04-22,86.04000091552734,87.36000061035156,85.44000244140625,87.36000061035156,4375338
Novartis,0,NOVN.SW,2024-04-23,90.08000183105469,92.05999755859375,88.91000366210938,88.94000244140625,8288764
Novartis,0,NOVN.SW,2024-04-24,90,90.33000183105469,89.06999969482422,89.12000274658203,3572943
Novartis,0,NOVN.SW,2024-04-25,90.0999984741211,90.87000274658203,89.79000091552734,90,4571037
Novartis,0,NOVN.SW,2024-04-26,90.12999725341797,90.30000305175781,89.0999984741211,89.5,3249537
Novartis,0,NOVN.SW,2024-04-29,89.16999816894531,89.48999786376953,88.52999877929688,88.87000274658203,2820456
Novartis,0,NOVN.SW,2024-04-30,88.86000061035156,89.51000213623047,88.62999725341797,89.05000305175781,2925672
Novartis,0,NOVN.SW,2024-05-02,89.05999755859375,89.69000244140625,88.45999908447266,88.87000274658203,2903293
Novartis,0,NOVN.SW,2024-05-03,88.83999633789062,88.87000274658203,87.91000366210938,87.97000122070312,2231035
Novartis,0,NOVN.SW,2024-05-06,88.26000213623047,88.80999755859375,88.02999877929688,88.0999984741211,1408212
Novartis,0,NOVN.SW,2024-05-07,88.26000213623047,89.83000183105469,88.06999969482422,89.77999877929688,2442038
Novartis,0,NOVN.SW,2024-05-08,90,90.73999786376953,90,90.54000091552734,2552149
Novartis,0,NOVN.SW,2024-05-10,91.4000015258789,92.37999725341797,91.12000274658203,92.31999969482422,3229033
Novartis,0,NOVN.SW,2024-05-13,92.43000030517578,93.06999969482422,92.26000213623047,93.06999969482422,3892075
Novartis,0,NOVN.SW,2024-05-14,93.04000091552734,93.75,92.72000122070312,93.48999786376953,2741680
Novartis,0,NOVN.SW,2024-05-15,93.4000015258789,93.75,93.05000305175781,93.30000305175781,2511921
Novartis,0,NOVN.SW,2024-05-16,92.83000183105469,93.30000305175781,92.44000244140625,92.62000274658203,2832960
Novartis,0,NOVN.SW,2024-05-17,93.04000091552734,93.8499984741211,93.04000091552734,93.37000274658203,3439522
Novartis,0,NOVN.SW,2024-05-21,93.81999969482422,94.16000366210938,93.16000366210938,93.88999938964844,3071518
Novartis,0,NOVN.SW,2024-05-22,93.38999938964844,93.62999725341797,93.01000213623047,93.16000366210938,2396685
Novartis,0,NOVN.SW,2024-05-23,93.30999755859375,93.58000183105469,92.62000274658203,92.7699966430664,2925320
Novartis,0,NOVN.SW,2024-05-24,92.38999938964844,92.56999969482422,91.25,91.73999786376953,2520278
Novartis,0,NOVN.SW,2024-05-27,91.75,92.02999877929688,91.62999725341797,92.02999877929688,1193903
Novartis,0,NOVN.SW,2024-05-28,92.2699966430664,92.29000091552734,90.86000061035156,91.11000061035156,2322194
Novartis,0,NOVN.SW,2024-05-29,90.76000213623047,91.01000213623047,90.36000061035156,90.51000213623047,2684604
Novartis,0,NOVN.SW,2024-05-30,91.66000366210938,91.87999725341797,90.88999938964844,91.2300033569336,2558199
Novartis,0,NOVN.SW,2024-05-31,91.11000061035156,93.80000305175781,90.77999877929688,93.16999816894531,10828329
Novartis,0,NOVN.SW,2024-06-03,93.79000091552734,93.83000183105469,92.54000091552734,92.7300033569336,3174216
Novartis,0,NOVN.SW,2024-06-04,92.23999786376953,92.98999786376953,91.94000244140625,92.7300033569336,3103485
Novartis,0,NOVN.SW,2024-06-05,93.47000122070312,94.56999969482422,93.47000122070312,94.5,3915346
Novartis,0,NOVN.SW,2024-06-06,94.23999786376953,94.98999786376953,94.05000305175781,94.98999786376953,2898671
Novartis,0,NOVN.SW,2024-06-07,94.87999725341797,95.41000366210938,94.62999725341797,94.94999694824219,2424844
Novartis,0,NOVN.SW,2024-06-10,94.11000061035156,94.7300033569336,93.83999633789062,94.30000305175781,2137436
Novartis,0,NOVN.SW,2024-06-11,94.75,95.05000305175781,93.83000183105469,94.08000183105469,2223841
Novartis,0,NOVN.SW,2024-06-12,94.08000183105469,94.86000061035156,93.91999816894531,94.66000366210938,2660983
Novartis,0,NOVN.SW,2024-06-13,94.69999694824219,95,94.02999877929688,94.26000213623047,2569181
Novartis,0,NOVN.SW,2024-06-14,94.5,95.26000213623047,94.02999877929688,95.01000213623047,3143025
Novartis,0,NOVN.SW,2024-06-17,94.37999725341797,94.4800033569336,93.12999725341797,93.54000091552734,2567986
Novartis,0,NOVN.SW,2024-06-18,93.6500015258789,93.66000366210938,92.76000213623047,93.1500015258789,3471545
Novartis,0,NOVN.SW,2024-06-19,92.86000061035156,94.0199966430664,92.80000305175781,93.91999816894531,2128332
Novartis,0,NOVN.SW,2024-06-20,93.9800033569336,94.33000183105469,93.20999908447266,94.33000183105469,3052009
Novartis,0,NOVN.SW,2024-06-21,94.02999877929688,94.80999755859375,93.98999786376953,93.98999786376953,11206376
Novartis,0,NOVN.SW,2024-06-24,94.19999694824219,96.27999877929688,94.06999969482422,96.01000213623047,3624312
Novartis,0,NOVN.SW,2024-06-25,95.5999984741211,96.08999633789062,95.4800033569336,95.88999938964844,2891001
Novartis,0,NOVN.SW,2024-06-26,96.19999694824219,97,95.6500015258789,95.93000030517578,3070116
Novartis,0,NOVN.SW,2024-06-27,95.9800033569336,96.19000244140625,95.41000366210938,95.44999694824219,2971668
Novartis,0,NOVN.SW,2024-06-28,95.98999786376953,96.4000015258789,95.70999908447266,96.16999816894531,2586837
Novartis,0,NOVN.SW,2024-07-01,96.01000213623047,97.05999755859375,95.66000366210938,96.72000122070312,2191608
Novartis,0,NOVN.SW,2024-07-02,95.93000030517578,96.54000091552734,95.5199966430664,96.45999908447266,2628827
Novartis,0,NOVN.SW,2024-07-03,96.43000030517578,96.62999725341797,95.91999816894531,96.11000061035156,2139549
Novartis,0,NOVN.SW,2024-07-04,96.38999938964844,97.41000366210938,96.19000244140625,97.23999786376953,2106530
Novartis,0,NOVN.SW,2024-07-05,97.5,97.63999938964844,96.4800033569336,96.61000061035156,2230130
Novartis,0,NOVN.SW,2024-07-08,96.94000244140625,97.68000030517578,96.37000274658203,97.22000122070312,2622047
Novartis,0,NOVN.SW,2024-07-09,97,98,96.83000183105469,97.08999633789062,2513132
Novartis,0,NOVN.SW,2024-07-10,97.08999633789062,98.3499984741211,96.94000244140625,98.30000305175781,2117260
Novartis,0,NOVN.SW,2024-07-11,99.08999633789062,100.31999969482422,99.08999633789062,99.27999877929688,3634483
Novartis,0,NOVN.SW,2024-07-12,99.25,100.72000122070312,99.25,100.05999755859375,2652925
Novartis,0,NOVN.SW,2024-07-15,100.0999984741211,100.95999908447266,99.0999984741211,99.0999984741211,2183223
Novartis,0,NOVN.SW,2024-07-16,98.58000183105469,99.16000366210938,98.41000366210938,98.9000015258789,2133566
Novartis,0,NOVN.SW,2024-07-17,98.4800033569336,99.5,97.55000305175781,99.05999755859375,3512848
Novartis,0,NOVN.SW,2024-07-18,96.44000244140625,97.97000122070312,94.62999725341797,95.08999633789062,5051989
Novartis,0,NOVN.SW,2024-07-19,95.30000305175781,96.30999755859375,94.04000091552734,94.19999694824219,3977117
Novartis,0,NOVN.SW,2024-07-22,94.75,96.4000015258789,94.61000061035156,96.33000183105469,3521152
Novartis,0,NOVN.SW,2024-07-23,96.62999725341797,97.0199966430664,95.66000366210938,96.18000030517578,2789049
Novartis,0,NOVN.SW,2024-07-24,95.69000244140625,96.41000366210938,94.81999969482422,96.26000213623047,3153945
Novartis,0,NOVN.SW,2024-07-25,97,97.30000305175781,95.80000305175781,96.93000030517578,3187938
Novartis,0,NOVN.SW,2024-07-26,96.97000122070312,97.48999786376953,96.20999908447266,97.44999694824219,2728908
Novartis,0,NOVN.SW,2024-07-29,97.30999755859375,98.58000183105469,97,98.06999969482422,1966887
Novartis,0,NOVN.SW,2024-07-30,98.30999755859375,98.7300033569336,97.66000366210938,98.4800033569336,1841202
Novartis,0,NOVN.SW,2024-07-31,98.33000183105469,98.91999816894531,97.76000213623047,98.58000183105469,3283524
Novartis,0,NOVN.SW,2024-08-02,97.27999877929688,97.79000091552734,96.1500015258789,96.61000061035156,3478656
Novartis,0,NOVN.SW,2024-08-05,95.51000213623047,95.76000213623047,93.30999755859375,93.44999694824219,3920910
Novartis,0,NOVN.SW,2024-08-06,93,93.6500015258789,91.95999908447266,93.29000091552734,3676569
Novartis,0,NOVN.SW,2024-08-07,93.88999938964844,96.94999694824219,93.72000122070312,96.73999786376953,3312476
Novartis,0,NOVN.SW,2024-08-08,96.08000183105469,96.22000122070312,95.02999877929688,96.11000061035156,2566692
Novartis,0,NOVN.SW,2024-08-09,96.45999908447266,96.9000015258789,95.8499984741211,96.58999633789062,1886108
Novartis,0,NOVN.SW,2024-08-12,96.87000274658203,97.2699966430664,96.5199966430664,96.73999786376953,2069001
Novartis,0,NOVN.SW,2024-08-13,96.55000305175781,97.16999816894531,95.62000274658203,97.16999816894531,2051339
Novartis,0,NOVN.SW,2024-08-14,97.58000183105469,98.44000244140625,97.19999694824219,98.27999877929688,2232108
Novartis,0,NOVN.SW,2024-08-15,98.44000244140625,99.30000305175781,98.19999694824219,98.7699966430664,2776176
Novartis,0,NOVN.SW,2024-08-16,98.66999816894531,99.79000091552734,98.66999816894531,99.47000122070312,2393182
Novartis,0,NOVN.SW,2024-08-19,99.16000366210938,100.33999633789062,99.1500015258789,100.19999694824219,2063373
Novartis,0,NOVN.SW,2024-08-20,100.30000305175781,100.77999877929688,100,100.4000015258789,2707167
Novartis,0,NOVN.SW,2024-08-21,100,100.63999938964844,99.81999969482422,100.26000213623047,2502137
Novartis,0,NOVN.SW,2024-08-22,100.30000305175781,100.77999877929688,100.12000274658203,100.4000015258789,1699026
Novartis,0,NOVN.SW,2024-08-23,100.5,100.95999908447266,100.30000305175781,100.4000015258789,1629335
Novartis,0,NOVN.SW,2024-08-26,100.23999786376953,101.05999755859375,100.23999786376953,100.87999725341797,1529101
Novartis,0,NOVN.SW,2024-08-27,100.87999725341797,101.30000305175781,100.66000366210938,100.76000213623047,2003968
Novartis,0,NOVN.SW,2024-08-28,100.94000244140625,101.77999877929688,100.81999969482422,101.5,1863918
Novartis,0,NOVN.SW,2024-08-29,101.26000213623047,102.16000366210938,100.83999633789062,101.91999816894531,2394895
Novartis,0,NOVN.SW,2024-08-30,101.81999969482422,102.62000274658203,101.81999969482422,102.12000274658203,4009411
Novartis,0,NOVN.SW,2024-09-02,102.33999633789062,102.72000122070312,101.95999908447266,102.69999694824219,2589802
Novartis,0,NOVN.SW,2024-09-03,102,102.13999938964844,100.9000015258789,101.36000061035156,3324825
Novartis,0,NOVN.SW,2024-09-04,100.31999969482422,101.13999938964844,100.12000274658203,100.91999816894531,3728693
Novartis,0,NOVN.SW,2024-09-05,100.0999984741211,100.41999816894531,98.83999633789062,98.91000366210938,4177746
Novartis,0,NOVN.SW,2024-09-06,98.11000061035156,99.66999816894531,97.5999984741211,98.5999984741211,2729665
Novartis,0,NOVN.SW,2024-09-09,98.91999816894531,99.8499984741211,98.86000061035156,99.5999984741211,3540963
Novartis,0,NOVN.SW,2024-09-10,99.30000305175781,99.54000091552734,98.4000015258789,98.80999755859375,4217939
Novartis,0,NOVN.SW,2024-09-11,97.0999984741211,97.9000015258789,95.75,97.47000122070312,4257908
Novartis,0,NOVN.SW,2024-09-12,98.44999694824219,99,97.93000030517578,98.44000244140625,3655758
Novartis,0,NOVN.SW,2024-09-13,98.41999816894531,98.5999984741211,97.66000366210938,98.16000366210938,2847194
Novartis,0,NOVN.SW,2024-09-16,97.91000366210938,98.91000366210938,97.80000305175781,98.41000366210938,2240328
Novartis,0,NOVN.SW,2024-09-17,99.05000305175781,99.19999694824219,97.8499984741211,98.02999877929688,2668467
Novartis,0,NOVN.SW,2024-09-18,98.19999694824219,98.51000213623047,97.5,98.04000091552734,2291439
Novartis,0,NOVN.SW,2024-09-19,98.7300033569336,98.88999938964844,98.19000244140625,98.44000244140625,2517515
Novartis,0,NOVN.SW,2024-09-20,98.25,99.2699966430664,98.16000366210938,99.02999877929688,5116105
Novartis,0,NOVN.SW,2024-09-23,98.41999816894531,99.1500015258789,98.2699966430664,98.94999694824219,3472171
Novartis,0,NOVN.SW,2024-09-24,98.6500015258789,98.93000030517578,97.9000015258789,98.5,2417934
Novartis,0,NOVN.SW,2024-09-25,98.77999877929688,99.4000015258789,98.48999786376953,99.36000061035156,2703796
Novartis,0,NOVN.SW,2024-09-26,99.7699966430664,99.9000015258789,96.8499984741211,97.9000015258789,3595197
Novartis,0,NOVN.SW,2024-09-27,97.77999877929688,98.13999938964844,97.26000213623047,97.93000030517578,3000395
Novartis,0,NOVN.SW,2024-09-30,97.31999969482422,97.7699966430664,96.95999908447266,97.1500015258789,3845311
AstraZeneca,1,AZN,2024-01-02,133.67999267578125,137.22000122070312,133.63999938964844,136.8000030517578,3751500
AstraZeneca,1,AZN,2024-01-03,135.4600067138672,137.3800048828125,134.9600067138672,136.63999938964844,2718500
AstraZeneca,1,AZN,2024-01-04,137.4199981689453,138.6999969482422,137.33999633789062,137.55999755859375,2393000
AstraZeneca,1,AZN,2024-01-05,136.6199951171875,137.82000732421875,136.1999969482422,136.75999450683594,2505950
AstraZeneca,1,AZN,2024-01-08,137.13999938964844,138.5,136.66000366210938,138.4199981689453,2125400
AstraZeneca,1,AZN,2024-01-09,138.55999755859375,139.1199951171875,137.77999877929688,137.82000732421875,2043700
AstraZeneca,1,AZN,2024-01-10,138.16000366210938,139.22000122070312,137.9600067138672,139.13999938964844,3625550
AstraZeneca,1,AZN,2024-01-11,139.66000366210938,139.82000732421875,137.5800018310547,138.36000061035156,2306200
AstraZeneca,1,AZN,2024-01-12,138.6999969482422,139.1999969482422,138.36000061035156,138.83999633789062,1732700
AstraZeneca,1,AZN,2024-01-16,134.1199951171875,135.36000061035156,133.8000030517578,134.5399932861328,2809150
AstraZeneca,1,AZN,2024-01-17,132.10000610351562,132.94000244140625,131.4199981689453,132.5,4182600
AstraZeneca,1,AZN,2024-01-18,131.82000732421875,133.5800018310547,131.47999572753906,133.0399932861328,3585500
AstraZeneca,1,AZN,2024-01-19,133.77999877929688,133.89999389648438,132.83999633789062,133.0800018310547,3541000
AstraZeneca,1,AZN,2024-01-22,135.47999572753906,135.66000366210938,133.3800048828125,134.27999877929688,5080150
AstraZeneca,1,AZN,2024-01-23,132.5800018310547,133.63999938964844,131.83999633789062,133.5,2492100
AstraZeneca,1,AZN,2024-01-24,133.4600067138672,133.86000061035156,132.74000549316406,133.1999969482422,2842300
AstraZeneca,1,AZN,2024-01-25,133.02000427246094,134.0399932861328,132.67999267578125,134.0399932861328,2245750
AstraZeneca,1,AZN,2024-01-26,135.47999572753906,135.6199951171875,133.94000244140625,134.1999969482422,2510800
AstraZeneca,1,AZN,2024-01-29,134.52000427246094,134.6199951171875,133.86000061035156,134.3800048828125,2472400
AstraZeneca,1,AZN,2024-01-30,134.6999969482422,134.72000122070312,133.8800048828125,134.39999389648438,2324700
AstraZeneca,1,AZN,2024-01-31,135.5,135.66000366210938,133.10000610351562,133.27999877929688,2286350
AstraZeneca,1,AZN,2024-02-01,132.4199981689453,133.8800048828125,132,133.6999969482422,2236050
AstraZeneca,1,AZN,2024-02-02,131.94000244140625,132.1999969482422,131.16000366210938,131.27999877929688,3372750
AstraZeneca,1,AZN,2024-02-05,130.27999877929688,131.27999877929688,130.0399932861328,130.27999877929688,5424700
AstraZeneca,1,AZN,2024-02-06,131.6999969482422,134.16000366210938,131.16000366210938,134.0800018310547,2783300
AstraZeneca,1,AZN,2024-02-07,133.5399932861328,133.8000030517578,132.97999572753906,133.10000610351562,3294400
AstraZeneca,1,AZN,2024-02-08,124.04000091552734,127.80000305175781,123.4000015258789,127.04000091552734,14464500
AstraZeneca,1,AZN,2024-02-09,125.41999816894531,126.73999786376953,124.16000366210938,124.5199966430664,6867200
AstraZeneca,1,AZN,2024-02-12,122.31999969482422,122.87999725341797,120.94000244140625,122.81999969482422,6033250
AstraZeneca,1,AZN,2024-02-13,122.5,123.4000015258789,121.5199966430664,122.05999755859375,4136150
AstraZeneca,1,AZN,2024-02-14,122.4000015258789,123.54000091552734,122.12000274658203,123.31999969482422,6101850
AstraZeneca,1,AZN,2024-02-15,123.54000091552734,125.72000122070312,123.54000091552734,125.68000030517578,3820850
AstraZeneca,1,AZN,2024-02-16,127.68000030517578,129.05999755859375,127.19999694824219,128.5399932861328,3824050
AstraZeneca,1,AZN,2024-02-20,132.10000610351562,132.13999938964844,129.16000366210938,130.0800018310547,3219250
AstraZeneca,1,AZN,2024-02-21,128.75999450683594,130.17999267578125,128.44000244140625,130.17999267578125,2700800
AstraZeneca,1,AZN,2024-02-22,126.5199966430664,129.16000366210938,126.5199966430664,128.25999450683594,4861500
AstraZeneca,1,AZN,2024-02-23,129.9199981689453,131.86000061035156,129.89999389648438,131.66000366210938,3694100
AstraZeneca,1,AZN,2024-02-26,132.16000366210938,132.74000549316406,131.5,131.86000061035156,2298950
AstraZeneca,1,AZN,2024-02-27,131.8800048828125,132.9199981689453,131.5399932861328,132.66000366210938,2216750
AstraZeneca,1,AZN,2024-02-28,130.9199981689453,131.55999755859375,130.32000732421875,130.6999969482422,3015300
AstraZeneca,1,AZN,2024-02-29,130.33999633789062,130.4199981689453,127.4800033569336,128.32000732421875,3042250
AstraZeneca,1,AZN,2024-03-01,128.67999267578125,129.66000366210938,127.95999908447266,129.1999969482422,1983150
AstraZeneca,1,AZN,2024-03-04,128.5800018310547,129.63999938964844,128.3000030517578,129.5800018310547,2203350
AstraZeneca,1,AZN,2024-03-05,129.82000732421875,130.63999938964844,129.22000122070312,129.6199951171875,1864450
AstraZeneca,1,AZN,2024-03-06,129.47999572753906,131.05999755859375,129.47999572753906,130.5399932861328,2245750
AstraZeneca,1,AZN,2024-03-07,131.63999938964844,133.02000427246094,131.4600067138672,132.3800048828125,3065250
AstraZeneca,1,AZN,2024-03-08,132.33999633789062,133.16000366210938,131.9600067138672,133,2206450
AstraZeneca,1,AZN,2024-03-11,134.44000244140625,135.5399932861328,133.66000366210938,135.33999633789062,1963750
AstraZeneca,1,AZN,2024-03-12,135.0800018310547,135.3800048828125,134.52000427246094,134.8000030517578,3078250
AstraZeneca,1,AZN,2024-03-13,134.9199981689453,136.05999755859375,134.86000061035156,135.16000366210938,2344050
AstraZeneca,1,AZN,2024-03-14,135.4600067138672,135.4600067138672,133.33999633789062,134.0800018310547,2313050
AstraZeneca,1,AZN,2024-03-15,134.8000030517578,134.8800048828125,132.16000366210938,132.6199951171875,3013700
AstraZeneca,1,AZN,2024-03-18,132.02000427246094,132.74000549316406,131.6199951171875,131.6999969482422,1943250
AstraZeneca,1,AZN,2024-03-19,131.1999969482422,131.8000030517578,130.5,131.72000122070312,1701250
AstraZeneca,1,AZN,2024-03-20,131.13999938964844,131.75999450683594,130.39999389648438,131.4600067138672,1776650
AstraZeneca,1,AZN,2024-03-21,133.22000122070312,133.5800018310547,132.36000061035156,132.3800048828125,2675900
AstraZeneca,1,AZN,2024-03-22,132.97999572753906,133.67999267578125,132.39999389648438,132.52000427246094,2049300
AstraZeneca,1,AZN,2024-03-25,132.4199981689453,132.86000061035156,131.60000610351562,131.72000122070312,2212300
AstraZeneca,1,AZN,2024-03-26,132.5,132.9199981689453,131.5399932861328,132.66000366210938,1566600
AstraZeneca,1,AZN,2024-03-27,134.16000366210938,136.75999450683594,134.13999938964844,136.52000427246094,4222250
AstraZeneca,1,AZN,2024-03-28,136.36000061035156,136.6999969482422,135.36000061035156,135.5,1808500
AstraZeneca,1,AZN,2024-04-01,136.39999389648438,136.44000244140625,134.0800018310547,134.5,1556900
AstraZeneca,1,AZN,2024-04-02,134.3000030517578,134.75999450683594,133.52000427246094,134,2198300
AstraZeneca,1,AZN,2024-04-03,132.8000030517578,134.6999969482422,132.77999877929688,133.6199951171875,1897850
AstraZeneca,1,AZN,2024-04-04,137.97999572753906,137.97999572753906,134.5800018310547,134.67999267578125,3726950
AstraZeneca,1,AZN,2024-04-05,133.9600067138672,135.44000244140625,133.77999877929688,134.89999389648438,2405650
AstraZeneca,1,AZN,2024-04-08,135.13999938964844,135.5399932861328,134.44000244140625,135.39999389648438,1912250
AstraZeneca,1,AZN,2024-04-09,136.39999389648438,136.9199981689453,135.9199981689453,136.82000732421875,2196350
AstraZeneca,1,AZN,2024-04-10,135.17999267578125,136.33999633789062,134.83999633789062,136.22000122070312,3857900
AstraZeneca,1,AZN,2024-04-11,139.75999450683594,140.13999938964844,137.74000549316406,138.89999389648438,2992950
AstraZeneca,1,AZN,2024-04-12,139.32000732421875,139.63999938964844,137.1999969482422,137.86000061035156,4560750
AstraZeneca,1,AZN,2024-04-15,138.13999938964844,139.1199951171875,137.0800018310547,137.4600067138672,4606750
AstraZeneca,1,AZN,2024-04-16,136.5800018310547,137.1999969482422,136.0399932861328,136.5399932861328,2680950
AstraZeneca,1,AZN,2024-04-17,137.44000244140625,137.60000610351562,136.39999389648438,137.05999755859375,1854950
AstraZeneca,1,AZN,2024-04-18,136.5,137.5800018310547,136.32000732421875,136.72000122070312,2002900
AstraZeneca,1,AZN,2024-04-19,136.27999877929688,137.4199981689453,136.25999450683594,137.10000610351562,2367850
AstraZeneca,1,AZN,2024-04-22,139.33999633789062,140.97999572753906,138.75999450683594,140.25999450683594,2591850
AstraZeneca,1,AZN,2024-04-23,140.86000061035156,142.1999969482422,140.32000732421875,141.6999969482422,2903000
AstraZeneca,1,AZN,2024-04-24,142.82000732421875,142.94000244140625,141.3800048828125,142.39999389648438,3068850
AstraZeneca,1,AZN,2024-04-25,149.97999572753906,151.6199951171875,149,150.05999755859375,7803300
AstraZeneca,1,AZN,2024-04-26,150,150.97999572753906,149.17999267578125,150.33999633789062,3344000
AstraZeneca,1,AZN,2024-04-29,152.36000061035156,153.16000366210938,150.72000122070312,150.9600067138672,3769150
AstraZeneca,1,AZN,2024-04-30,151.44000244140625,152.27999877929688,150.63999938964844,151.75999450683594,4273700
AstraZeneca,1,AZN,2024-05-01,152.67999267578125,153.60000610351562,151.9199981689453,152.82000732421875,2455850
AstraZeneca,1,AZN,2024-05-02,152.52000427246094,152.82000732421875,151.5,151.60000610351562,5019350
AstraZeneca,1,AZN,2024-05-03,152.94000244140625,152.97999572753906,150.86000061035156,152.6999969482422,4513050
AstraZeneca,1,AZN,2024-05-06,151.67999267578125,151.86000061035156,151.10000610351562,151.52000427246094,3228650
AstraZeneca,1,AZN,2024-05-07,152.86000061035156,152.94000244140625,151.83999633789062,152.63999938964844,3331550
AstraZeneca,1,AZN,2024-05-08,153.5399932861328,154.32000732421875,153.22000122070312,153.94000244140625,2529900
AstraZeneca,1,AZN,2024-05-09,153.83999633789062,155.27999877929688,153.72000122070312,155.22000122070312,1486150
AstraZeneca,1,AZN,2024-05-10,155.5399932861328,155.8800048828125,154.3000030517578,154.36000061035156,1803300
AstraZeneca,1,AZN,2024-05-13,154.4600067138672,154.97999572753906,154.3000030517578,154.86000061035156,1282800
AstraZeneca,1,AZN,2024-05-14,155.74000549316406,155.86000061035156,154.0399932861328,154.0800018310547,2057950
AstraZeneca,1,AZN,2024-05-15,153.8800048828125,155.05999755859375,153.74000549316406,153.94000244140625,1935450
AstraZeneca,1,AZN,2024-05-16,153.44000244140625,154.44000244140625,153.16000366210938,154.0800018310547,1470850
AstraZeneca,1,AZN,2024-05-17,153.74000549316406,154.13999938964844,153.22000122070312,153.8000030517578,1395800
AstraZeneca,1,AZN,2024-05-20,153.25999450683594,154.44000244140625,153.0800018310547,154.22000122070312,1639350
AstraZeneca,1,AZN,2024-05-21,155.60000610351562,158.5,155.5,158.36000061035156,3870000
AstraZeneca,1,AZN,2024-05-22,157.13999938964844,157.8800048828125,156.75999450683594,157.60000610351562,1784200
AstraZeneca,1,AZN,2024-05-23,158.63999938964844,158.72000122070312,156.1999969482422,156.36000061035156,1806750
AstraZeneca,1,AZN,2024-05-24,156.25999450683594,157.77999877929688,156.16000366210938,157.0800018310547,1783300
AstraZeneca,1,AZN,2024-05-28,155.55999755859375,155.63999938964844,152.97999572753906,153.24000549316406,2099500
AstraZeneca,1,AZN,2024-05-29,152.25999450683594,153.02000427246094,151.60000610351562,152.16000366210938,2326900
AstraZeneca,1,AZN,2024-05-30,153.24000549316406,153.9600067138672,152.9199981689453,153.5399932861328,1637200
AstraZeneca,1,AZN,2024-05-31,154.6199951171875,156.24000549316406,154.17999267578125,156.0399932861328,2391400
AstraZeneca,1,AZN,2024-06-03,157,158.94000244140625,156.75999450683594,157.97999572753906,2734500
AstraZeneca,1,AZN,2024-06-04,159,160.13999938964844,158.44000244140625,160.0399932861328,1979650
AstraZeneca,1,AZN,2024-06-05,160.82000732421875,161.33999633789062,159.63999938964844,160.63999938964844,2129350
AstraZeneca,1,AZN,2024-06-06,161.25999450683594,161.72000122070312,160.9199981689453,161.66000366210938,1545900
AstraZeneca,1,AZN,2024-06-07,160.6199951171875,161.0399932861328,160,160.0399932861328,1106650
AstraZeneca,1,AZN,2024-06-10,160.44000244140625,161.05999755859375,159.94000244140625,160.4199981689453,2042700
AstraZeneca,1,AZN,2024-06-11,158.1999969482422,159.27999877929688,157.82000732421875,158.4600067138672,2109550
AstraZeneca,1,AZN,2024-06-12,161.05999755859375,161.17999267578125,159.25999450683594,160.13999938964844,1748150
AstraZeneca,1,AZN,2024-06-13,158.4600067138672,159.24000549316406,157.82000732421875,159.05999755859375,1479200
AstraZeneca,1,AZN,2024-06-14,158.63999938964844,159.44000244140625,158.33999633789062,159.17999267578125,1027650
AstraZeneca,1,AZN,2024-06-17,158.16000366210938,158.6999969482422,157.74000549316406,158.6199951171875,1047000
AstraZeneca,1,AZN,2024-06-18,157.75999450683594,158.17999267578125,156.75999450683594,156.83999633789062,1909750
AstraZeneca,1,AZN,2024-06-20,156.94000244140625,157.55999755859375,156.3800048828125,157.1199951171875,1937150
AstraZeneca,1,AZN,2024-06-21,156.8800048828125,158.47999572753906,156.8800048828125,157.75999450683594,2496300
AstraZeneca,1,AZN,2024-06-24,158.5,159.1199951171875,158.32000732421875,158.74000549316406,1403700
AstraZeneca,1,AZN,2024-06-25,159.17999267578125,159.74000549316406,158.8800048828125,159.5,1540650
AstraZeneca,1,AZN,2024-06-26,158.32000732421875,159.24000549316406,157.82000732421875,158.16000366210938,1613900
AstraZeneca,1,AZN,2024-06-27,158.17999267578125,158.32000732421875,155.89999389648438,156.36000061035156,1398300
AstraZeneca,1,AZN,2024-06-28,157.25999450683594,157.5,155.66000366210938,155.97999572753906,1832200
AstraZeneca,1,AZN,2024-07-01,155.4199981689453,157.44000244140625,155.25999450683594,155.8800048828125,1299700
AstraZeneca,1,AZN,2024-07-02,154.6199951171875,154.83999633789062,152.9199981689453,153.97999572753906,1607750
AstraZeneca,1,AZN,2024-07-03,153.33999633789062,154.02000427246094,152.97999572753906,153.60000610351562,1188750
AstraZeneca,1,AZN,2024-07-05,154.6999969482422,155.02000427246094,153.5399932861328,154.67999267578125,1170850
AstraZeneca,1,AZN,2024-07-08,155.22000122070312,155.32000732421875,154.0800018310547,154.25999450683594,1348700
AstraZeneca,1,AZN,2024-07-09,153.9199981689453,153.94000244140625,152.60000610351562,153.33999633789062,1681400
AstraZeneca,1,AZN,2024-07-10,153.94000244140625,155.6999969482422,153.89999389648438,155.5,1492250
AstraZeneca,1,AZN,2024-07-11,156.3000030517578,157.17999267578125,155.72000122070312,155.8800048828125,1584250
AstraZeneca,1,AZN,2024-07-12,159.0399932861328,159.5800018310547,158.36000061035156,158.47999572753906,1525950
AstraZeneca,1,AZN,2024-07-15,158.3000030517578,158.3000030517578,156.0800018310547,156.24000549316406,1333450
AstraZeneca,1,AZN,2024-07-16,155.9199981689453,157.3800048828125,155.83999633789062,157.17999267578125,1334350
AstraZeneca,1,AZN,2024-07-17,157,159.66000366210938,157,159.52000427246094,1829450
AstraZeneca,1,AZN,2024-07-18,160,160.02000427246094,155.97999572753906,156.1199951171875,1616450
AstraZeneca,1,AZN,2024-07-19,156.67999267578125,157.52000427246094,156.32000732421875,157.4199981689453,1464900
AstraZeneca,1,AZN,2024-07-22,159.24000549316406,159.6199951171875,157.94000244140625,158.32000732421875,1760500
AstraZeneca,1,AZN,2024-07-23,157.8000030517578,158.39999389648438,157,158.33999633789062,1482550
AstraZeneca,1,AZN,2024-07-24,157.10000610351562,159.5399932861328,157.10000610351562,159.4199981689453,2290550
AstraZeneca,1,AZN,2024-07-25,153.27999877929688,157.32000732421875,152.9199981689453,157.0399932861328,5318000
AstraZeneca,1,AZN,2024-07-26,156.9600067138672,158.89999389648438,156.16000366210938,156.25999450683594,2939200
AstraZeneca,1,AZN,2024-07-29,160.1199951171875,160.24000549316406,156.66000366210938,156.72000122070312,3376950
AstraZeneca,1,AZN,2024-07-30,157.39999389648438,157.97999572753906,154.94000244140625,155.8000030517578,3240400
AstraZeneca,1,AZN,2024-07-31,158.25999450683594,159.1199951171875,157.05999755859375,158.3000030517578,2776350
AstraZeneca,1,AZN,2024-08-01,159.3000030517578,162.8000030517578,159.24000549316406,162.39999389648438,3183750
AstraZeneca,1,AZN,2024-08-02,163.1999969482422,164.02000427246094,161.66000366210938,163.6199951171875,3533300
AstraZeneca,1,AZN,2024-08-05,157.75999450683594,160.25999450683594,157.3800048828125,158.66000366210938,2865150
AstraZeneca,1,AZN,2024-08-06,156.5,159.4600067138672,156.44000244140625,158.5,2841900
AstraZeneca,1,AZN,2024-08-07,161.1999969482422,161.97999572753906,160.39999389648438,161.24000549316406,2471700
AstraZeneca,1,AZN,2024-08-08,160.6999969482422,163.8000030517578,160.25999450683594,163.6999969482422,2062200
AstraZeneca,1,AZN,2024-08-09,162.10000610351562,163.0399932861328,161.44000244140625,162.3800048828125,1539200
AstraZeneca,1,AZN,2024-08-12,163.1999969482422,165.82000732421875,162.77999877929688,165.0399932861328,4609100
AstraZeneca,1,AZN,2024-08-13,165.94000244140625,167.27999877929688,165.72000122070312,166.74000549316406,3590300
AstraZeneca,1,AZN,2024-08-14,165.9199981689453,167.5800018310547,165.25999450683594,167.52000427246094,2736700
AstraZeneca,1,AZN,2024-08-15,170,170.60000610351562,168.82000732421875,169.8000030517578,2032050
AstraZeneca,1,AZN,2024-08-16,170.22000122070312,170.52000427246094,168.25999450683594,168.82000732421875,1775000
AstraZeneca,1,AZN,2024-08-19,169.27999877929688,170.3800048828125,168.6999969482422,169.55999755859375,1966800
AstraZeneca,1,AZN,2024-08-20,170.36000061035156,171.3000030517578,170.10000610351562,170.25999450683594,1243000
AstraZeneca,1,AZN,2024-08-21,170.0800018310547,171.22000122070312,169.33999633789062,171.1199951171875,2084000
AstraZeneca,1,AZN,2024-08-22,171.75999450683594,172.0800018310547,170.32000732421875,171.77999877929688,2417350
AstraZeneca,1,AZN,2024-08-23,172.44000244140625,173.75999450683594,171.72000122070312,173.32000732421875,1668000
AstraZeneca,1,AZN,2024-08-26,172.86000061035156,173.67999267578125,172.72000122070312,173.24000549316406,1831700
AstraZeneca,1,AZN,2024-08-27,174.44000244140625,174.55999755859375,173.52000427246094,174.4199981689453,1797950
AstraZeneca,1,AZN,2024-08-28,174.44000244140625,175.10000610351562,174.02000427246094,174.72000122070312,1792150
AstraZeneca,1,AZN,2024-08-29,174.44000244140625,175.24000549316406,173.86000061035156,174.60000610351562,1304700
AstraZeneca,1,AZN,2024-08-30,174.66000366210938,175.36000061035156,173.75999450683594,175.24000549316406,1418400
AstraZeneca,1,AZN,2024-09-03,174.36000061035156,174.5,170.75999450683594,171.44000244140625,2173600
AstraZeneca,1,AZN,2024-09-04,171.13999938964844,171.97999572753906,170.94000244140625,171.5,2501100
AstraZeneca,1,AZN,2024-09-05,167.97999572753906,168.05999755859375,164.9199981689453,166,3877400
AstraZeneca,1,AZN,2024-09-06,168.0399932861328,168.60000610351562,165.86000061035156,166.10000610351562,2758200
AstraZeneca,1,AZN,2024-09-09,164.4199981689453,166.86000061035156,157.8800048828125,161.77999877929688,5131000
AstraZeneca,1,AZN,2024-09-10,159.86000061035156,162.60000610351562,159.6999969482422,162.32000732421875,3983200
AstraZeneca,1,AZN,2024-09-11,160.9199981689453,161.3800048828125,159.4600067138672,161.05999755859375,2091000
AstraZeneca,1,AZN,2024-09-12,159.52000427246094,159.97999572753906,157.24000549316406,157.9199981689453,2559650
AstraZeneca,1,AZN,2024-09-13,155.39999389648438,157.24000549316406,155.3800048828125,156.5399932861328,2744750
AstraZeneca,1,AZN,2024-09-16,158.5800018310547,159,157.5,158.0800018310547,1701150
AstraZeneca,1,AZN,2024-09-17,158.6199951171875,158.6199951171875,156.44000244140625,157.05999755859375,1701150
AstraZeneca,1,AZN,2024-09-18,157.3800048828125,158.52000427246094,156.63999938964844,157.16000366210938,1303600
AstraZeneca,1,AZN,2024-09-19,158.3800048828125,158.8800048828125,157.1199951171875,157.8000030517578,1809900
AstraZeneca,1,AZN,2024-09-20,157.10000610351562,157.36000061035156,156.27999877929688,156.75999450683594,1686600
AstraZeneca,1,AZN,2024-09-23,154.52000427246094,155.10000610351562,154.02000427246094,154.27999877929688,2002300
AstraZeneca,1,AZN,2024-09-24,154.39999389648438,154.66000366210938,153.66000366210938,153.74000549316406,2275250
AstraZeneca,1,AZN,2024-09-25,154.63999938964844,155.32000732421875,154.17999267578125,155.0800018310547,2390200
AstraZeneca,1,AZN,2024-09-26,156.33999633789062,157.55999755859375,155.60000610351562,156.36000061035156,2091550
AstraZeneca,1,AZN,2024-09-27,156.13999938964844,156.44000244140625,155.22000122070312,155.24000549316406,1586100
AstraZeneca,1,AZN,2024-09-30,156.17999267578125,156.1999969482422,155.02000427246094,155.82000732421875,1667200
AstraZeneca,0,AZN.L,2024-01-02,10632,10838,10534,10788,1688733
AstraZeneca,0,AZN.L,2024-01-03,10686,10810,10626,10740,2972338
AstraZeneca,0,AZN.L,2024-01-04,10768,10902,10746,10864,1896074
AstraZeneca,0,AZN.L,2024-01-05,10756,10842,10714,10758,1161094
AstraZeneca,0,AZN.L,2024-01-08,10716,10772,10676,10772,1921363
AstraZeneca,0,AZN.L,2024-01-09,10834,10918,10814,10902,3005457
AstraZeneca,0,AZN.L,2024-01-10,10830,10926,10810,10900,1411866
AstraZeneca,0,AZN.L,2024-01-11,10928,11022,10716,10830,2156932
AstraZeneca,0,AZN.L,2024-01-12,10838,10888,10814,10862,1212597
AstraZeneca,0,AZN.L,2024-01-15,10824,10900,10804,10852,2283608
AstraZeneca,0,AZN.L,2024-01-16,10714,10766,10478,10646,2913853
AstraZeneca,0,AZN.L,2024-01-17,10500,10570,10360,10446,2279952
AstraZeneca,0,AZN.L,2024-01-18,10366,10434,10342,10432,4541622
AstraZeneca,0,AZN.L,2024-01-19,10458,10654,10458,10508,2568801
AstraZeneca,0,AZN.L,2024-01-22,10468,10904,10452,10590,4529556
AstraZeneca,0,AZN.L,2024-01-23,10584,10626,10370,10452,3506309
AstraZeneca,0,AZN.L,2024-01-24,10508,10536,10398,10454,1801745
AstraZeneca,0,AZN.L,2024-01-25,10432,10474,10362,10448,1237869
AstraZeneca,0,AZN.L,2024-01-26,10526,10660,10521.6796875,10546,2343648
AstraZeneca,0,AZN.L,2024-01-29,10550,10614,10512,10568,1795640
AstraZeneca,0,AZN.L,2024-01-30,10578,10682,10562,10586,1999073
AstraZeneca,0,AZN.L,2024-01-31,10610,10654,10500,10500,2715037
AstraZeneca,0,AZN.L,2024-02-01,10548,10566,10392,10430,2269904
AstraZeneca,0,AZN.L,2024-02-02,10496,10510.1298828125,10360,10360,2943228
AstraZeneca,0,AZN.L,2024-02-05,10360,10432,10306,10360,1682816
AstraZeneca,0,AZN.L,2024-02-06,10372,10544,10314,10534,1552211
AstraZeneca,0,AZN.L,2024-02-07,10604,10652,10490,10490,2075810
AstraZeneca,0,AZN.L,2024-02-08,10404,10490,9700,9823,6500972
AstraZeneca,0,AZN.L,2024-02-09,9891,9983,9722,9761,5562493
AstraZeneca,0,AZN.L,2024-02-12,9700,9734,9461,9501,4460371
AstraZeneca,0,AZN.L,2024-02-13,9586,9670,9550,9600,2232817
AstraZeneca,0,AZN.L,2024-02-14,9649,9736,9541,9724,6274728
AstraZeneca,0,AZN.L,2024-02-15,9729,9867,9674,9826,2047764
AstraZeneca,0,AZN.L,2024-02-16,9900,10112,9849,10094,2703767
AstraZeneca,0,AZN.L,2024-02-19,10338,10498,10294,10418,1881311
AstraZeneca,0,AZN.L,2024-02-20,10370,10428.396484375,10204,10204,2386943
AstraZeneca,0,AZN.L,2024-02-21,10126,10180,10068,10102,1580412
AstraZeneca,0,AZN.L,2024-02-22,10030,10036,9822,10036,8891048
AstraZeneca,0,AZN.L,2024-02-23,10008,10254,9998,10220,4911338
AstraZeneca,0,AZN.L,2024-02-26,10222,10360,10222,10254,5309043
AstraZeneca,0,AZN.L,2024-02-27,10246,10345.4677734375,10214,10328,6762881
AstraZeneca,0,AZN.L,2024-02-28,10318,10344,10180,10180,2604518
AstraZeneca,0,AZN.L,2024-02-29,10202,10202,9982.001953125,9983,4557961
AstraZeneca,0,AZN.L,2024-03-01,10046,10114.412109375,10000.994140625,10080,2743747
AstraZeneca,0,AZN.L,2024-03-04,10108,10128,10000.724609375,10046,2098271
AstraZeneca,0,AZN.L,2024-03-05,10090,10162,10012,10112,1476068
AstraZeneca,0,AZN.L,2024-03-06,10100,10158,10008,10140,1953799
AstraZeneca,0,AZN.L,2024-03-07,10132,10250,10082,10234,2649188
AstraZeneca,0,AZN.L,2024-03-08,10214,10258,10142,10196,1607116
AstraZeneca,0,AZN.L,2024-03-11,10198,10450,10198,10450,8877859
AstraZeneca,0,AZN.L,2024-03-12,10498,10534,10430,10436,3246477
AstraZeneca,0,AZN.L,2024-03-13,10434,10516,10348,10458,4183231
AstraZeneca,0,AZN.L,2024-03-14,10480,10490,10388,10402,2846632
AstraZeneca,0,AZN.L,2024-03-15,10390,10488,10286,10294,5253583
AstraZeneca,0,AZN.L,2024-03-18,10340,10340,10240,10290,3885042
AstraZeneca,0,AZN.L,2024-03-19,10236,10248,10162,10228,1773910
AstraZeneca,0,AZN.L,2024-03-20,10218,10236,10154,10164,1102531
AstraZeneca,0,AZN.L,2024-03-21,10166,10446,10166,10428,1835813
AstraZeneca,0,AZN.L,2024-03-22,10390,10548,10380,10482,1243838
AstraZeneca,0,AZN.L,2024-03-25,10434,10468,10352,10394,1557853
AstraZeneca,0,AZN.L,2024-03-26,10368,10440,10314,10440,1745893
AstraZeneca,0,AZN.L,2024-03-27,10460,10748,10454,10742,2607662
AstraZeneca,0,AZN.L,2024-03-28,10756,10780,10674,10678,1759110
AstraZeneca,0,AZN.L,2024-04-02,10810,10814,10562,10604,1901480
AstraZeneca,0,AZN.L,2024-04-03,10520,10592,10417.6123046875,10562,2136096
AstraZeneca,0,AZN.L,2024-04-04,10566,10844,10562,10736,2019893
AstraZeneca,0,AZN.L,2024-04-05,10586,10652,10540,10620,2609662
AstraZeneca,0,AZN.L,2024-04-08,10588,10648,10504,10610,1444515
AstraZeneca,0,AZN.L,2024-04-09,10592,10714,10548,10708,1716381
AstraZeneca,0,AZN.L,2024-04-10,10762,10762,10618,10732,1500522
AstraZeneca,0,AZN.L,2024-04-11,10840,11092,10816,10962,2698526
AstraZeneca,0,AZN.L,2024-04-12,10982,11184.01953125,10960,11064,2603424
AstraZeneca,0,AZN.L,2024-04-15,11030,11080,10932,11024,1392029
AstraZeneca,0,AZN.L,2024-04-16,10882,10966,10822,10878,1318970
AstraZeneca,0,AZN.L,2024-04-17,10850,10948,10802,10862,2243525
AstraZeneca,0,AZN.L,2024-04-18,10946,11018,10858,10914,2446630
AstraZeneca,0,AZN.L,2024-04-19,10914,10954,10764,10946,1407714
AstraZeneca,0,AZN.L,2024-04-22,11034,11306,11004,11250,3448159
AstraZeneca,0,AZN.L,2024-04-23,11250,11362,11220,11268,3561073
AstraZeneca,0,AZN.L,2024-04-24,11288,11412,11288,11352,3596131
AstraZeneca,0,AZN.L,2024-04-25,11890,12096,11790,12026,4952967
AstraZeneca,0,AZN.L,2024-04-26,12070,12144,11882,11988,2360260
AstraZeneca,0,AZN.L,2024-04-29,12254,12488,12018,12024,3704143
AstraZeneca,0,AZN.L,2024-04-30,11950,12144,11886,12062,2553342
AstraZeneca,0,AZN.L,2024-05-01,12194,12156,12156,12170,264606
AstraZeneca,0,AZN.L,2024-05-02,12114,12258,12048,12156,1961686
AstraZeneca,0,AZN.L,2024-05-03,12092,12178,12010,12050,1642783
AstraZeneca,0,AZN.L,2024-05-07,11966,12162,11966,12118,2562233
AstraZeneca,0,AZN.L,2024-05-08,12244,12384,12004,12264,2091841
AstraZeneca,0,AZN.L,2024-05-09,12268,12388,12190,12332,1329957
AstraZeneca,0,AZN.L,2024-05-10,12350,12442,12258,12370,1408187
AstraZeneca,0,AZN.L,2024-05-13,12326,12428,12252,12318,4031899
AstraZeneca,0,AZN.L,2024-05-14,12324,12406,12220,12246,6023670
AstraZeneca,0,AZN.L,2024-05-15,12240,12320,12132,12172,1473536
AstraZeneca,0,AZN.L,2024-05-16,12180,12246,12076,12166,1649252
AstraZeneca,0,AZN.L,2024-05-17,12186,12256,12068,12110,1676789
AstraZeneca,0,AZN.L,2024-05-20,12090,12156,12014,12096,1582383
AstraZeneca,0,AZN.L,2024-05-21,12150,12440,12066,12364,2178866
AstraZeneca,0,AZN.L,2024-05-22,12358,12440,12255.181640625,12360,1953010
AstraZeneca,0,AZN.L,2024-05-23,12330,12450,12264,12404,1440381
AstraZeneca,0,AZN.L,2024-05-24,12334,12442,12244,12296,919468
AstraZeneca,0,AZN.L,2024-05-28,12226,12266,11988,12028,2196897
AstraZeneca,0,AZN.L,2024-05-29,12052,12094,11879.2412109375,11930,2028914
AstraZeneca,0,AZN.L,2024-05-30,12108,12188,11858,12028,1694793
AstraZeneca,0,AZN.L,2024-05-31,12036,12214,11954,12190,4183291
AstraZeneca,0,AZN.L,2024-06-03,12304,12380,12088,12346,2147969
AstraZeneca,0,AZN.L,2024-06-04,12334,12470,12322,12404,1646266
AstraZeneca,0,AZN.L,2024-06-05,12500,12586,12328,12516,1815206
AstraZeneca,0,AZN.L,2024-06-06,12566,12640,12440,12590,1326464
AstraZeneca,0,AZN.L,2024-06-07,12626,12704,12474,12556,2907425
AstraZeneca,0,AZN.L,2024-06-10,12550,12632,12480,12600,1555931
AstraZeneca,0,AZN.L,2024-06-11,12630,12696,12342,12376,1720592
AstraZeneca,0,AZN.L,2024-06-12,12476,12563.6572265625,12300,12466,3288083
AstraZeneca,0,AZN.L,2024-06-13,12466,12512,12329.361328125,12392,2266844
AstraZeneca,0,AZN.L,2024-06-14,12468,12556.67578125,12434,12510,853710
AstraZeneca,0,AZN.L,2024-06-17,12556,12562,12418,12428,1122267
AstraZeneca,0,AZN.L,2024-06-18,12474,12480,12348,12416,1604675
AstraZeneca,0,AZN.L,2024-06-19,12234,12370,12164,12340,943032
AstraZeneca,0,AZN.L,2024-06-20,12414,12424,12264,12398,1559325
AstraZeneca,0,AZN.L,2024-06-21,12432,12526,12318,12472,6183289
AstraZeneca,0,AZN.L,2024-06-24,12388,12510,12350,12478,2752680
AstraZeneca,0,AZN.L,2024-06-25,12476,12574,12398,12550,3545029
AstraZeneca,0,AZN.L,2024-06-26,12570,12704,12472,12556,1440176
AstraZeneca,0,AZN.L,2024-06-27,12512,12632,12328,12328,1001890
AstraZeneca,0,AZN.L,2024-06-28,12364,12454,12304,12356,1225943
AstraZeneca,0,AZN.L,2024-07-01,12368,12446,12232,12304,1123384
AstraZeneca,0,AZN.L,2024-07-02,12280,12378,12042,12086,1577419
AstraZeneca,0,AZN.L,2024-07-03,12130,12142,11972.5849609375,12020,2172456
AstraZeneca,0,AZN.L,2024-07-04,12062,12182,11946,12106,1130254
AstraZeneca,0,AZN.L,2024-07-05,12166,12238,11984,12056,1079171
AstraZeneca,0,AZN.L,2024-07-08,12028,12120,11956,12044,971467
AstraZeneca,0,AZN.L,2024-07-09,12048,12130,11940,11944,1177058
AstraZeneca,0,AZN.L,2024-07-10,11972,12078,11872,12078,982633
AstraZeneca,0,AZN.L,2024-07-11,12138,12162,12060,12100,765771
AstraZeneca,0,AZN.L,2024-07-12,12154,12304,12026,12260,1054328
AstraZeneca,0,AZN.L,2024-07-15,12208,12284,12090,12104,1097590
AstraZeneca,0,AZN.L,2024-07-16,12020,12178,11960,12100,925600
AstraZeneca,0,AZN.L,2024-07-17,12100,12252,11924,12244,1658263
AstraZeneca,0,AZN.L,2024-07-18,12316,12394,12112,12126,891088
AstraZeneca,0,AZN.L,2024-07-19,12080,12318,12006,12106,985408
AstraZeneca,0,AZN.L,2024-07-22,12234,12356,12194,12260,1926468
AstraZeneca,0,AZN.L,2024-07-23,12178,12370,12150,12190,2173585
AstraZeneca,0,AZN.L,2024-07-24,12196,12242,12034.0107421875,12214,2043292
AstraZeneca,0,AZN.L,2024-07-25,12300,12386,11540,12060,2390645
AstraZeneca,0,AZN.L,2024-07-26,12116,12332,12108,12180,1499050
AstraZeneca,0,AZN.L,2024-07-29,12134,12506,12134,12364,3333384
AstraZeneca,0,AZN.L,2024-07-30,12212,12336,12030.16015625,12202,1485800
AstraZeneca,0,AZN.L,2024-07-31,12218,12400,12166,12368,1591105
AstraZeneca,0,AZN.L,2024-08-01,12344,12572,12276,12512,1109028
AstraZeneca,0,AZN.L,2024-08-02,12622,12792,12466,12610,1677158
AstraZeneca,0,AZN.L,2024-08-05,12570,12592,12260,12458,1549203
AstraZeneca,0,AZN.L,2024-08-06,12456,12472,12198,12408,2163688
AstraZeneca,0,AZN.L,2024-08-07,12430,12704,12412,12690,1123581
AstraZeneca,0,AZN.L,2024-08-08,12626,12666,12432,12628,993991
AstraZeneca,0,AZN.L,2024-08-09,12666,12724,12598,12700,2052309
AstraZeneca,0,AZN.L,2024-08-12,12690,12844,12638,12780,1810288
AstraZeneca,0,AZN.L,2024-08-13,12896,12948,12786,12920,2096367
AstraZeneca,0,AZN.L,2024-08-14,12914,12990,12804,12902,844567
AstraZeneca,0,AZN.L,2024-08-15,12980,13218,12966,13166,2418404
AstraZeneca,0,AZN.L,2024-08-16,13136,13218,13044,13046,1246640
AstraZeneca,0,AZN.L,2024-08-19,12980,13088,12944,13050,898295
AstraZeneca,0,AZN.L,2024-08-20,13050,13120.4716796875,13034,13102,1331981
AstraZeneca,0,AZN.L,2024-08-21,13054,13102,12936,13000,2317682
AstraZeneca,0,AZN.L,2024-08-22,13110,13188,12990,13018,2721134
AstraZeneca,0,AZN.L,2024-08-23,13110,13198,13020,13076,1821476
AstraZeneca,0,AZN.L,2024-08-27,13148,13238,13050,13158,1490247
AstraZeneca,0,AZN.L,2024-08-28,13168,13254,13104,13200,1040560
AstraZeneca,0,AZN.L,2024-08-29,13210,13290,13122,13274,1119836
AstraZeneca,0,AZN.L,2024-08-30,13250,13330,13172,13274,4260741
AstraZeneca,0,AZN.L,2024-09-02,13294,13372,13192,13276,2234636
AstraZeneca,0,AZN.L,2024-09-03,13300,13388,13184,13190,909842
AstraZeneca,0,AZN.L,2024-09-04,12996,13122,12996,13046,1434930
AstraZeneca,0,AZN.L,2024-09-05,13026,13074,12540,12540,2305261
AstraZeneca,0,AZN.L,2024-09-06,12564,12780,12552,12650,1648823
AstraZeneca,0,AZN.L,2024-09-09,12688,12712,12468,12712,1127367
AstraZeneca,0,AZN.L,2024-09-10,12026,12424,11998,12406,3200262
AstraZeneca,0,AZN.L,2024-09-11,12264,12352,12126,12308,1865508
AstraZeneca,0,AZN.L,2024-09-12,12400,12404,12048,12050,2026175
AstraZeneca,0,AZN.L,2024-09-13,11912,11948.041015625,11712,11928,2101369
AstraZeneca,0,AZN.L,2024-09-16,12000,12060,11966,12016,1030524
AstraZeneca,0,AZN.L,2024-09-17,12012,12110,11914,11968,2441405
AstraZeneca,0,AZN.L,2024-09-18,11928,11950,11828,11856,2676484
AstraZeneca,0,AZN.L,2024-09-19,11964,12043.404296875,11864,11898,2791079
AstraZeneca,0,AZN.L,2024-09-20,11816,11942,11760,11780,3467671
AstraZeneca,0,AZN.L,2024-09-23,11680,11738,11516,11584,2430049
AstraZeneca,0,AZN.L,2024-09-24,11592,11622,11502,11522,1455566
AstraZeneca,0,AZN.L,2024-09-25,11460,11582,11442,11566,1823463
AstraZeneca,0,AZN.L,2024-09-26,11744,11756,11574,11720,3984667
AstraZeneca,0,AZN.L,2024-09-27,11686,11730.259765625,11598,11654,2998269
AstraZeneca,0,AZN.L,2024-09-30,11620,11726,11564,11588,2967198
Shell,1,SHEL,2024-01-02,65.86000061035156,66.41999816894531,65.66999816894531,65.91000366210938,4934145
Shell,1,SHEL,2024-01-03,66.08999633789062,67.08999633789062,65.94000244140625,66.93000030517578,4389824
Shell,1,SHEL,2024-01-04,67.33000183105469,67.6500015258789,66.31999969482422,66.36000061035156,3420027
Shell,1,SHEL,2024-01-05,66.5999984741211,66.7699966430664,65.58000183105469,65.7300033569336,6441927
Shell,1,SHEL,2024-01-08,64.91000366210938,64.91000366210938,64.17500305175781,64.62000274658203,8500321
Shell,1,SHEL,2024-01-09,64.44000244140625,64.48999786376953,63.80500030517578,63.900001525878906,4761449
Shell,1,SHEL,2024-01-10,63.70000076293945,63.76499938964844,62.89500045776367,63.06999969482422,5538011
Shell,1,SHEL,2024-01-11,63.779998779296875,63.790000915527344,62.7599983215332,63.20000076293945,6864320
Shell,1,SHEL,2024-01-12,64.0999984741211,64.26499938964844,63.494998931884766,63.79999923706055,4422731
Shell,1,SHEL,2024-01-16,62.91999816894531,63.08000183105469,61.75,61.7599983215332,5960886
Shell,1,SHEL,2024-01-17,60.63999938964844,61.09000015258789,60.33700180053711,61.040000915527344,5755790
Shell,1,SHEL,2024-01-18,61.209999084472656,61.38999938964844,60.755001068115234,61.349998474121094,6001278
Shell,1,SHEL,2024-01-19,61.279998779296875,61.290000915527344,60.75,61.11000061035156,3884440
Shell,1,SHEL,2024-01-22,60.689998626708984,61.290000915527344,60.435001373291016,61.18000030517578,4857336
Shell,1,SHEL,2024-01-23,60.77000045776367,61.16999816894531,60.7400016784668,61.150001525878906,3955206
Shell,1,SHEL,2024-01-24,61.43000030517578,61.70000076293945,61.2599983215332,61.459999084472656,5382358
Shell,1,SHEL,2024-01-25,61.810001373291016,62.5099983215332,61.400001525878906,62.4900016784668,5787649
Shell,1,SHEL,2024-01-26,62.70000076293945,63.22999954223633,62.470001220703125,63.16999816894531,5348091
Shell,1,SHEL,2024-01-29,63.220001220703125,63.40999984741211,62.709999084472656,63.40999984741211,4660680
Shell,1,SHEL,2024-01-30,63.2400016784668,64.05000305175781,63,63.88999938964844,4431459
Shell,1,SHEL,2024-01-31,63.56999969482422,63.755001068115234,62.79999923706055,62.90999984741211,6776727
Shell,1,SHEL,2024-02-01,64.25,64.9800033569336,63.83000183105469,64.08000183105469,10950785
Shell,1,SHEL,2024-02-02,63.75,63.869998931884766,63.005001068115234,63.29999923706055,5547851
Shell,1,SHEL,2024-02-05,63,63.165000915527344,62.560001373291016,62.97999954223633,4426312
Shell,1,SHEL,2024-02-06,63.119998931884766,63.970001220703125,63.08000183105469,63.650001525878906,5139418
Shell,1,SHEL,2024-02-07,63.290000915527344,63.619998931884766,62.900001525878906,63.560001373291016,4578603
Shell,1,SHEL,2024-02-08,63.25,63.72999954223633,63.220001220703125,63.560001373291016,4720812
Shell,1,SHEL,2024-02-09,63.880001068115234,64.16999816894531,63.564998626708984,63.7400016784668,3620567
Shell,1,SHEL,2024-02-12,63.970001220703125,64.25499725341797,63.65010070800781,64.1500015258789,4204223
Shell,1,SHEL,2024-02-13,64.12000274658203,64.19999694824219,63.130001068115234,63.41999816894531,4707926
Shell,1,SHEL,2024-02-14,63.709999084472656,63.974998474121094,63.279998779296875,63.43000030517578,3777604
Shell,1,SHEL,2024-02-15,62.060001373291016,63.625,62.029998779296875,63.58000183105469,5497231
Shell,1,SHEL,2024-02-16,63.599998474121094,63.904998779296875,63.44879913330078,63.56999969482422,3977906
Shell,1,SHEL,2024-02-20,63.939998626708984,63.939998626708984,63.29999923706055,63.619998931884766,7343288
Shell,1,SHEL,2024-02-21,63.7599983215332,64.38999938964844,63.599998474121094,64.37999725341797,6747228
Shell,1,SHEL,2024-02-22,64.33999633789062,64.46499633789062,63.810001373291016,64.12999725341797,5172043
Shell,1,SHEL,2024-02-23,63.84000015258789,64.04000091552734,63.3849983215332,63.93000030517578,3176388
Shell,1,SHEL,2024-02-26,63.189998626708984,63.52000045776367,63.02000045776367,63.380001068115234,6115259
Shell,1,SHEL,2024-02-27,63.65999984741211,63.81999969482422,63.33000183105469,63.400001525878906,3225053
Shell,1,SHEL,2024-02-28,63.209999084472656,63.459999084472656,62.54499816894531,62.58000183105469,4095859
Shell,1,SHEL,2024-02-29,63.08000183105469,63.34000015258789,62.689998626708984,62.83000183105469,2914810
Shell,1,SHEL,2024-03-01,63.38999938964844,63.900001525878906,63.189998626708984,63.560001373291016,4818352
Shell,1,SHEL,2024-03-04,63.560001373291016,63.68000030517578,62.84000015258789,62.849998474121094,3194123
Shell,1,SHEL,2024-03-05,62.77000045776367,63.27750015258789,62.68989944458008,62.869998931884766,3776959
Shell,1,SHEL,2024-03-06,64.18000030517578,64.3198013305664,63.77000045776367,63.849998474121094,4168220
Shell,1,SHEL,2024-03-07,63.93000030517578,64.4000015258789,63.810001373291016,64.25,4214556
Shell,1,SHEL,2024-03-08,64.56999969482422,64.63999938964844,64.05000305175781,64.31999969482422,2200250
Shell,1,SHEL,2024-03-11,64.01000213623047,64.3499984741211,63.71500015258789,64.29000091552734,3219491
Shell,1,SHEL,2024-03-12,64.63999938964844,64.91999816894531,64.3499984741211,64.51000213623047,3379014
Shell,1,SHEL,2024-03-13,65,65.76499938964844,64.9800033569336,65.70999908447266,4646860
Shell,1,SHEL,2024-03-14,65.5199966430664,65.77999877929688,65.02999877929688,65.77999877929688,4606613
Shell,1,SHEL,2024-03-15,65.68000030517578,65.98999786376953,65.44499969482422,65.86000061035156,4216901
Shell,1,SHEL,2024-03-18,66.05999755859375,66.28500366210938,65.55000305175781,66.13999938964844,3716208
Shell,1,SHEL,2024-03-19,66.27999877929688,66.73999786376953,66.25,66.47000122070312,2776339
Shell,1,SHEL,2024-03-20,66.19999694824219,67.05999755859375,66.0999984741211,66.93000030517578,3904170
Shell,1,SHEL,2024-03-21,67.25,67.4000015258789,66.83999633789062,66.8499984741211,4038391
Shell,1,SHEL,2024-03-22,66.97000122070312,66.9800033569336,66.59500122070312,66.91999816894531,2962685
Shell,1,SHEL,2024-03-25,67.20999908447266,67.72000122070312,67.20999908447266,67.41999816894531,2918439
Shell,1,SHEL,2024-03-26,67.77999877929688,67.79000091552734,66.76000213623047,66.76000213623047,3678928
Shell,1,SHEL,2024-03-27,66.38999938964844,66.80999755859375,66.29000091552734,66.76000213623047,2813776
Shell,1,SHEL,2024-03-28,66.86000061035156,67.23750305175781,66.86000061035156,67.04000091552734,2876269
Shell,1,SHEL,2024-04-01,67.04000091552734,68.01000213623047,66.59100341796875,67.91999816894531,3104385
Shell,1,SHEL,2024-04-02,68.62999725341797,69.77999877929688,68.53500366210938,69.76000213623047,8048802
Shell,1,SHEL,2024-04-03,69.44000244140625,70.12000274658203,69.2699966430664,70.08999633789062,6214206
Shell,1,SHEL,2024-04-04,70.48999786376953,70.66999816894531,69.98999786376953,70.25,5377096
Shell,1,SHEL,2024-04-05,70.48999786376953,71.41000366210938,69.83999633789062,71.29000091552734,4968577
Shell,1,SHEL,2024-04-08,71.4000015258789,72.02999877929688,71.19000244140625,71.81999969482422,5096694
Shell,1,SHEL,2024-04-09,72.5,72.72000122070312,71.7300033569336,71.83999633789062,4663489
Shell,1,SHEL,2024-04-10,72.30000305175781,72.66000366210938,71.91999816894531,72.6500015258789,4666561
Shell,1,SHEL,2024-04-11,73.05999755859375,73.08999633789062,71.68000030517578,72.66000366210938,4996448
Shell,1,SHEL,2024-04-12,73.44999694824219,73.94000244140625,72.2750015258789,72.44000244140625,7385441
Shell,1,SHEL,2024-04-15,72.5199966430664,72.71499633789062,71.66500091552734,71.94000244140625,7277935
Shell,1,SHEL,2024-04-16,71.54000091552734,71.77999877929688,70.83999633789062,71.05999755859375,5079860
Shell,1,SHEL,2024-04-17,71.20999908447266,71.72000122070312,70.62000274658203,71.13999938964844,4047598
Shell,1,SHEL,2024-04-18,71.30999755859375,71.54750061035156,70.7699966430664,71.02999877929688,3862612
Shell,1,SHEL,2024-04-19,70.7300033569336,72.08499908447266,70.6500015258789,72.06999969482422,5567990
Shell,1,SHEL,2024-04-22,71.98999786376953,72.77999877929688,71.56009674072266,72.38999938964844,3634539
Shell,1,SHEL,2024-04-23,72.36000061035156,72.875,72.16000366210938,72.7699966430664,3239783
Shell,1,SHEL,2024-04-24,73.08000183105469,73.20999908447266,72.58999633789062,73.12999725341797,4563871
Shell,1,SHEL,2024-04-25,72.9000015258789,73.5,72.52999877929688,73.2699966430664,4190457
Shell,1,SHEL,2024-04-26,73.16999816894531,73.38500213623047,72.68000030517578,73.2699966430664,3880010
Shell,1,SHEL,2024-04-29,73.05000305175781,73.30500030517578,72.71499633789062,73.12000274658203,3294253
Shell,1,SHEL,2024-04-30,72.91999816894531,72.95999908447266,71.61000061035156,71.66000366210938,4276821
Shell,1,SHEL,2024-05-01,71.4000015258789,71.55000305175781,70.58000183105469,70.94999694824219,4957347
Shell,1,SHEL,2024-05-02,72.12000274658203,72.72000122070312,71.9800033569336,72.11000061035156,5134479
Shell,1,SHEL,2024-05-03,72.51000213623047,72.56999969482422,71.94999694824219,72.37000274658203,4407390
Shell,1,SHEL,2024-05-06,72.79000091552734,73.13500213623047,72.62000274658203,72.77999877929688,3585670
Shell,1,SHEL,2024-05-07,73.44000244140625,73.55999755859375,72.8499984741211,72.97000122070312,3254813
Shell,1,SHEL,2024-05-08,72.30000305175781,72.73999786376953,72.06500244140625,72.62999725341797,3138203
Shell,1,SHEL,2024-05-09,72.94000244140625,73.62000274658203,72.94000244140625,73.55000305175781,4173306
Shell,1,SHEL,2024-05-10,74.1500015258789,74.26000213623047,73.87999725341797,74.08999633789062,4451030
Shell,1,SHEL,2024-05-13,74.29000091552734,74.6050033569336,73.91000366210938,74.16999816894531,3495386
Shell,1,SHEL,2024-05-14,73.87000274658203,74.08000183105469,73.37999725341797,74.05999755859375,3327760
Shell,1,SHEL,2024-05-15,73.25,73.49500274658203,72.33000183105469,73.30000305175781,4724607
Shell,1,SHEL,2024-05-16,72.19000244140625,72.33000183105469,71.72000122070312,71.73999786376953,5038094
Shell,1,SHEL,2024-05-17,71.4000015258789,71.98999786376953,71.26000213623047,71.91999816894531,4790547
Shell,1,SHEL,2024-05-20,71.63999938964844,71.8550033569336,71.4749984741211,71.58999633789062,3816758
Shell,1,SHEL,2024-05-21,71.54000091552734,71.8499984741211,71.30999755859375,71.4000015258789,2870551
Shell,1,SHEL,2024-05-22,70.9000015258789,70.9000015258789,70.19000244140625,70.48999786376953,3504169
Shell,1,SHEL,2024-05-23,71.06999969482422,71.36000061035156,70.15809631347656,70.37000274658203,3029329
Shell,1,SHEL,2024-05-24,70.91999816894531,71.1500015258789,70.6500015258789,70.81999969482422,2352149
Shell,1,SHEL,2024-05-28,71.36000061035156,71.81999969482422,71.04000091552734,71.73999786376953,3078948
Shell,1,SHEL,2024-05-29,71.94000244140625,71.94999694824219,71.27999877929688,71.44999694824219,3074933
Shell,1,SHEL,2024-05-30,71.19000244140625,71.66999816894531,71.16000366210938,71.44999694824219,4123137
Shell,1,SHEL,2024-05-31,71.88999938964844,72.81999969482422,71.75,72.77999877929688,3739175
Shell,1,SHEL,2024-06-03,72.63999938964844,72.63999938964844,70.77999877929688,70.80999755859375,3495760
Shell,1,SHEL,2024-06-04,69.94000244140625,70.13999938964844,69.20999908447266,70.08999633789062,3608313
Shell,1,SHEL,2024-06-05,70.30999755859375,70.33999633789062,69.70010375976562,69.80999755859375,2345469
Shell,1,SHEL,2024-06-06,69.93000030517578,70.41999816894531,69.80000305175781,70.25,2759238
Shell,1,SHEL,2024-06-07,70,70.33000183105469,69.41500091552734,69.44999694824219,2884229
Shell,1,SHEL,2024-06-10,69.95999908447266,70.82499694824219,69.7699966430664,70.63999938964844,2629620
Shell,1,SHEL,2024-06-11,70.20999908447266,70.33000183105469,69.87999725341797,70.29000091552734,3866629
Shell,1,SHEL,2024-06-12,71.2699966430664,71.30999755859375,70.2300033569336,70.41000366210938,4147269
Shell,1,SHEL,2024-06-13,70.27999877929688,70.27999877929688,69.55000305175781,69.76000213623047,3555578
Shell,1,SHEL,2024-06-14,69.3499984741211,69.41999816894531,68.55999755859375,69,4109381
Shell,1,SHEL,2024-06-17,69.41999816894531,69.47000122070312,68.94499969482422,69.1500015258789,5206625
Shell,1,SHEL,2024-06-18,69.55000305175781,69.88999938964844,69.45500183105469,69.52999877929688,4162556
Shell,1,SHEL,2024-06-20,70,70.58000183105469,69.91999816894531,70.02999877929688,3182240
Shell,1,SHEL,2024-06-21,70.11000061035156,70.33000183105469,69.79000091552734,69.94000244140625,3306907
Shell,1,SHEL,2024-06-24,70.66000366210938,71.59500122070312,70.55000305175781,71.41999816894531,3661056
Shell,1,SHEL,2024-06-25,71.58000183105469,71.66999816894531,71.22000122070312,71.55000305175781,2562124
Shell,1,SHEL,2024-06-26,70.87000274658203,71.0199966430664,70.4800033569336,70.86000061035156,4847041
Shell,1,SHEL,2024-06-27,71.66999816894531,71.79000091552734,71.1500015258789,71.44000244140625,3650737
Shell,1,SHEL,2024-06-28,71.9800033569336,72.29889678955078,71.6500015258789,72.18000030517578,5230189
Shell,1,SHEL,2024-07-01,72.7300033569336,73.16000366210938,72.5250015258789,72.87000274658203,3548532
Shell,1,SHEL,2024-07-02,73.1500015258789,73.20999908447266,72.6500015258789,73.04000091552734,3041983
Shell,1,SHEL,2024-07-03,73,73.52999877929688,72.94000244140625,73.01000213623047,1570244
Shell,1,SHEL,2024-07-05,73.94000244140625,73.94000244140625,73.0999984741211,73.25,3754645
Shell,1,SHEL,2024-07-08,73.05000305175781,73.23999786376953,72.62000274658203,72.72000122070312,2492700
Shell,1,SHEL,2024-07-09,72.5999984741211,73.02010345458984,72.41999816894531,72.58000183105469,2648559
Shell,1,SHEL,2024-07-10,72.75,72.97010040283203,72.5,72.93000030517578,1989494
Shell,1,SHEL,2024-07-11,72.77999877929688,73,72.45999908447266,72.97000122070312,2302791
Shell,1,SHEL,2024-07-12,73.25,73.33000183105469,72.9000015258789,73.08000183105469,1653098
Shell,1,SHEL,2024-07-15,73.37999725341797,73.41000366210938,72.94000244140625,72.95999908447266,2373637
Shell,1,SHEL,2024-07-16,72.4000015258789,72.72000122070312,71.85050201416016,72.68000030517578,2527807
Shell,1,SHEL,2024-07-17,73.0999984741211,73.48500061035156,72.91500091552734,73.27999877929688,2393805
Shell,1,SHEL,2024-07-18,73.76000213623047,74.0199966430664,73.05000305175781,73.25,4577858
Shell,1,SHEL,2024-07-19,72.7699966430664,72.95999908447266,72.22000122070312,72.25,3878567
Shell,1,SHEL,2024-07-22,72.44000244140625,72.71499633789062,72.18000030517578,72.20999908447266,2981050
Shell,1,SHEL,2024-07-23,71.76499938964844,71.77999877929688,70.9800033569336,71.30999755859375,2851808
Shell,1,SHEL,2024-07-24,71.73999786376953,71.97000122070312,71.1500015258789,71.18000030517578,2800232
Shell,1,SHEL,2024-07-25,71.12000274658203,72.55500030517578,70.81999969482422,72.08999633789062,5122833
Shell,1,SHEL,2024-07-26,72.04000091552734,72.48999786376953,71.6500015258789,72.05000305175781,2821584
Shell,1,SHEL,2024-07-29,72.26000213623047,72.2699966430664,71.37000274658203,71.83999633789062,2222286
Shell,1,SHEL,2024-07-30,71.18000030517578,72.0199966430664,71.08999633789062,71.97000122070312,4550720
Shell,1,SHEL,2024-07-31,73.30999755859375,73.52999877929688,72.97000122070312,73.22000122070312,4189661
Shell,1,SHEL,2024-08-01,73.95999908447266,74.45999908447266,72.0999984741211,72.94000244140625,5673079
Shell,1,SHEL,2024-08-02,71.95999908447266,72.19000244140625,71.11000061035156,71.68000030517578,4216225
Shell,1,SHEL,2024-08-05,68.93000030517578,70.26499938964844,68.58999633789062,69.98999786376953,5357967
Shell,1,SHEL,2024-08-06,68.63999938964844,70.05999755859375,68.54000091552734,69.72000122070312,6474368
Shell,1,SHEL,2024-08-07,70.55999755859375,71.19000244140625,70.52999877929688,70.66000366210938,4165650
Shell,1,SHEL,2024-08-08,70.83999633789062,71.65499877929688,70.80999755859375,71.3499984741211,2501145
Shell,1,SHEL,2024-08-09,71.06999969482422,72.18000030517578,70.80500030517578,71.87999725341797,4546040
Shell,1,SHEL,2024-08-12,72.13999938964844,72.56999969482422,72.02999877929688,72.41999816894531,2561235
Shell,1,SHEL,2024-08-13,72.16999816894531,72.41000366210938,71.74500274658203,72.30000305175781,2564839
Shell,1,SHEL,2024-08-14,72.77999877929688,73.01000213623047,72.56999969482422,72.91999816894531,2422763
Shell,1,SHEL,2024-08-15,73.20999908447266,73.43000030517578,72.92500305175781,73.16999816894531,2748558
Shell,1,SHEL,2024-08-16,72.36000061035156,72.73999786376953,72.1449966430664,72.68000030517578,3021388
Shell,1,SHEL,2024-08-19,72.94000244140625,73.66000366210938,72.73500061035156,72.87000274658203,2706901
Shell,1,SHEL,2024-08-20,72.55000305175781,72.55000305175781,71.33000183105469,71.4000015258789,3722995
Shell,1,SHEL,2024-08-21,71.44000244140625,71.76499938964844,71.19999694824219,71.29000091552734,2121998
Shell,1,SHEL,2024-08-22,71.12999725341797,71.56500244140625,71.05000305175781,71.44999694824219,2094303
Shell,1,SHEL,2024-08-23,71.6500015258789,72.52749633789062,71.63999938964844,72.43000030517578,3512937
Shell,1,SHEL,2024-08-26,72.93000030517578,73.4000015258789,72.87000274658203,73.06999969482422,2252030
Shell,1,SHEL,2024-08-27,72.87000274658203,72.91500091552734,72.38999938964844,72.63999938964844,2693914
Shell,1,SHEL,2024-08-28,71.70999908447266,72.13500213623047,71.47000122070312,71.94999694824219,2986711
Shell,1,SHEL,2024-08-29,71.9800033569336,72.55000305175781,71.7699966430664,72.5199966430664,2711722
Shell,1,SHEL,2024-08-30,71.08999633789062,71.66999816894531,70.80500030517578,71.66000366210938,3847106
Shell,1,SHEL,2024-09-03,69.69999694824219,69.83999633789062,69.12999725341797,69.37999725341797,4175894
Shell,1,SHEL,2024-09-04,68.80000305175781,69.2699966430664,68.37000274658203,68.51000213623047,5955976
Shell,1,SHEL,2024-09-05,68.88999938964844,69.03500366210938,68.04000091552734,68.12000274658203,3320047
Shell,1,SHEL,2024-09-06,67.83000183105469,68.05999755859375,66.6449966430664,66.91000366210938,5196362
Shell,1,SHEL,2024-09-09,67.0199966430664,67.7750015258789,66.97000122070312,67.43000030517578,4239748
Shell,1,SHEL,2024-09-10,67.30999755859375,67.33999633789062,63.72999954223633,65.9000015258789,10275511
Shell,1,SHEL,2024-09-11,66.80999755859375,66.83999633789062,65.6050033569336,66.20999908447266,5704505
Shell,1,SHEL,2024-09-12,66.38999938964844,67.18000030517578,66.0999984741211,66.9800033569336,5195943
Shell,1,SHEL,2024-09-13,67.44000244140625,67.8550033569336,67.24500274658203,67.44999694824219,3318506
Shell,1,SHEL,2024-09-16,67.91999816894531,68.18000030517578,67.44000244140625,68.05999755859375,2863064
Shell,1,SHEL,2024-09-17,67.94000244140625,68.32499694824219,67.8499984741211,68.1500015258789,3836071
Shell,1,SHEL,2024-09-18,68.37000274658203,68.73999786376953,67.97000122070312,68.16999816894531,3039792
Shell,1,SHEL,2024-09-19,69.12000274658203,69.62999725341797,68.80999755859375,69.16999816894531,4057702
Shell,1,SHEL,2024-09-20,68.72000122070312,69.0199966430664,68.2699966430664,68.72000122070312,3218593
Shell,1,SHEL,2024-09-23,69.05999755859375,69.6449966430664,68.84500122070312,69.08000183105469,3656096
Shell,1,SHEL,2024-09-24,69.55000305175781,69.73999786376953,69.29499816894531,69.41000366210938,2959174
Shell,1,SHEL,2024-09-25,68.83000183105469,68.8949966430664,67.78089904785156,68.0199966430664,3492400
Shell,1,SHEL,2024-09-26,64.93000030517578,65.7300033569336,64.80000305175781,65.33999633789062,10901002
Shell,1,SHEL,2024-09-27,65.63999938964844,66.20999908447266,65.58999633789062,66.11000061035156,4086283
Shell,1,SHEL,2024-09-30,65.94000244140625,66.2300033569336,65.68000030517578,65.94999694824219,7797171
Shell,0,SHEL.L,2024-01-02,2582,2594.5,2562.5,2575.5,8129974
Shell,0,SHEL.L,2024-01-03,2572.5,2600.5,2554.5,2593,13649356
Shell,0,SHEL.L,2024-01-04,2610,2632,2594.5,2594.5,11815892
Shell,0,SHEL.L,2024-01-05,2577,2598.5,2566,2571,20044598
Shell,0,SHEL.L,2024-01-08,2543.5,2544,2488.5,2491,23073449
Shell,0,SHEL.L,2024-01-09,2498.5,2510.4970703125,2481,2481,20183458
Shell,0,SHEL.L,2024-01-10,2481,2486.5,2447.5,2447.5,14059415
Shell,0,SHEL.L,2024-01-11,2453,2477.5,2443.77001953125,2444.5,17775114
Shell,0,SHEL.L,2024-01-12,2464,2494.5,2454.5,2461,10776134
Shell,0,SHEL.L,2024-01-15,2467,2478,2449,2460,5304073
Shell,0,SHEL.L,2024-01-16,2452.5,2469.5,2432.5,2435.5,11502636
Shell,0,SHEL.L,2024-01-17,2398.5,2399.5,2354,2378.5,12812338
Shell,0,SHEL.L,2024-01-18,2374,2392.201904296875,2370,2374,14093640
Shell,0,SHEL.L,2024-01-19,2387.5,2399.5,2370.5,2370.5,20216636
Shell,0,SHEL.L,2024-01-22,2368.5,2381,2345,2361.5,14480930
Shell,0,SHEL.L,2024-01-23,2381.5,2391,2362,2375.5,23836598
Shell,0,SHEL.L,2024-01-24,2372,2386.5,2360.77099609375,2379,13059828
Shell,0,SHEL.L,2024-01-25,2391.5,2412,2387.5,2391,18481662
Shell,0,SHEL.L,2024-01-26,2425.5,2440.385986328125,2423,2429.5,19249757
Shell,0,SHEL.L,2024-01-29,2456.5,2474.5,2444.5,2452,17512786
Shell,0,SHEL.L,2024-01-30,2454.5,2475,2447,2474,8929539
Shell,0,SHEL.L,2024-01-31,2480,2481.5,2447,2447,13688507
Shell,0,SHEL.L,2024-02-01,2480,2533,2469.5,2506,28001858
Shell,0,SHEL.L,2024-02-02,2494,2502,2461,2471.5,21342874
Shell,0,SHEL.L,2024-02-05,2472.5,2488,2464,2471,56024537
Shell,0,SHEL.L,2024-02-06,2485.5,2504.72998046875,2480,2489,21017786
Shell,0,SHEL.L,2024-02-07,2479.5,2496,2460.5,2471,22136288
Shell,0,SHEL.L,2024-02-08,2473,2493,2445,2478.5,11570355
Shell,0,SHEL.L,2024-02-09,2480,2509,2477,2487.5,12166053
Shell,0,SHEL.L,2024-02-12,2487,2510.614990234375,2474.35302734375,2495.5,6934746
Shell,0,SHEL.L,2024-02-13,2499,2517.9970703125,2477,2488.5,13188617
Shell,0,SHEL.L,2024-02-14,2495,2514.551025390625,2490.5,2497.5,18969613
Shell,0,SHEL.L,2024-02-15,2466,2481.5,2425.5,2464,10042426
Shell,0,SHEL.L,2024-02-16,2486,2505.5,2480,2497,27305002
Shell,0,SHEL.L,2024-02-19,2489,2512,2483.5,2508,17068719
Shell,0,SHEL.L,2024-02-20,2503.5,2520.14501953125,2476.5,2488,17859865
Shell,0,SHEL.L,2024-02-21,2484.5,2510.5,2479,2508,10394137
Shell,0,SHEL.L,2024-02-22,2520,2529.5,2500.5,2506.5,13411266
Shell,0,SHEL.L,2024-02-23,2503,2517.5,2468.5,2494,16289375
Shell,0,SHEL.L,2024-02-26,2487,2491,2453.22412109375,2470.5,38889651
Shell,0,SHEL.L,2024-02-27,2468,2490,2466,2473.5,15943347
Shell,0,SHEL.L,2024-02-28,2470,2479.5,2452.94091796875,2459.5,14404397
Shell,0,SHEL.L,2024-02-29,2446.5,2471,2445,2457,26817847
Shell,0,SHEL.L,2024-03-01,2474.5,2497,2467,2494.5,18744276
Shell,0,SHEL.L,2024-03-04,2494,2504,2459.385009765625,2460.5,21115815
Shell,0,SHEL.L,2024-03-05,2445,2457.5,2427.5,2452.5,17048578
Shell,0,SHEL.L,2024-03-06,2451.5,2499.5,2444,2488.5,28106873
Shell,0,SHEL.L,2024-03-07,2475,2487,2461,2482,16960453
Shell,0,SHEL.L,2024-03-08,2486,2508,2469,2471,14830911
Shell,0,SHEL.L,2024-03-11,2460,2476,2452,2472.5,9689786
Shell,0,SHEL.L,2024-03-12,2492,2519,2487,2497,12187000
Shell,0,SHEL.L,2024-03-13,2493,2531.5,2488.5,2527.5,18555468
Shell,0,SHEL.L,2024-03-14,2529.5,2548,2520,2538,21882474
Shell,0,SHEL.L,2024-03-15,2550,2560.10498046875,2544,2548.5,33727529
Shell,0,SHEL.L,2024-03-18,2557.5,2573.5,2549.0859375,2560.5,16264114
Shell,0,SHEL.L,2024-03-19,2569.5,2598.5,2559,2594,11083889
Shell,0,SHEL.L,2024-03-20,2588,2594,2576.5,2591.5,25023460
Shell,0,SHEL.L,2024-03-21,2602,2633,2597,2621.5,27803191
Shell,0,SHEL.L,2024-03-22,2622.5,2643,2617.5,2632,10605796
Shell,0,SHEL.L,2024-03-25,2633.5,2656,2633.5,2650.5,10622000
Shell,0,SHEL.L,2024-03-26,2645.5,2665.5,2639.5,2647,13828709
Shell,0,SHEL.L,2024-03-27,2621,2632.09912109375,2606,2613,6453579
Shell,0,SHEL.L,2024-03-28,2624,2636.5849609375,2613,2625,11721252
Shell,0,SHEL.L,2024-04-02,2663,2725,2652.5,2717,19834937
Shell,0,SHEL.L,2024-04-03,2739,2750.5,2712.5,2747.5,23986290
Shell,0,SHEL.L,2024-04-04,2746,2800,2735,2764,18581660
Shell,0,SHEL.L,2024-04-05,2763,2785.5,2756.5,2780,16453629
Shell,0,SHEL.L,2024-04-08,2781.5,2825.5,2773.782958984375,2814,19999951
Shell,0,SHEL.L,2024-04-09,2812.5,2847.5,2810,2828.5,20725997
Shell,0,SHEL.L,2024-04-10,2849.5,2873,2843.5,2869,21922895
Shell,0,SHEL.L,2024-04-11,2874.5,2898.5,2843.5,2857,15046402
Shell,0,SHEL.L,2024-04-12,2882.5,2952,2882.5,2937,10735186
Shell,0,SHEL.L,2024-04-15,2901.5,2912,2877.5,2889.5,17809474
Shell,0,SHEL.L,2024-04-16,2860,2874,2822,2834.5,12566764
Shell,0,SHEL.L,2024-04-17,2833,2855.5,2823,2846,15235252
Shell,0,SHEL.L,2024-04-18,2839,2855,2818,2841.5,19792990
Shell,0,SHEL.L,2024-04-19,2837,2855.5,2755,2851,9858971
Shell,0,SHEL.L,2024-04-22,2869,2912.5,2863.5,2907,13320741
Shell,0,SHEL.L,2024-04-23,2907,2922.5,2888,2895,11082204
Shell,0,SHEL.L,2024-04-24,2912,2922,2901,2907,22456375
Shell,0,SHEL.L,2024-04-25,2907,2919.5,2884.5,2901,11961757
Shell,0,SHEL.L,2024-04-26,2901.5,2913.614990234375,2891.0419921875,2903.5,8894321
Shell,0,SHEL.L,2024-04-29,2899,2917,2887,2887.5,4789618
Shell,0,SHEL.L,2024-04-30,2891.5,2904,2863,2863,1679663
Shell,0,SHEL.L,2024-05-01,2875,2817.5,2814.5,2819,3437262
Shell,0,SHEL.L,2024-05-02,2868,2894.5,2827.5,2873,1095027
Shell,0,SHEL.L,2024-05-03,2872,2890.5,2846,2858.5,5653859
Shell,0,SHEL.L,2024-05-07,2889,2912,2881.5,2895,13614305
Shell,0,SHEL.L,2024-05-08,2899.5,2906,2870.5,2891.5,31072062
Shell,0,SHEL.L,2024-05-09,2896.5,2924,2874,2908.5,22289547
Shell,0,SHEL.L,2024-05-10,2922.5,2949,2891,2946,13034943
Shell,0,SHEL.L,2024-05-13,2940,2961,2921.5,2937,7536239
Shell,0,SHEL.L,2024-05-14,2930.5,2955,2900,2901,41316273
Shell,0,SHEL.L,2024-05-15,2925,2938,2847,2869,7637008
Shell,0,SHEL.L,2024-05-16,2849,2852,2799,2829,31351272
Shell,0,SHEL.L,2024-05-17,2824.5,2834.5,2798,2804.5,25245178
Shell,0,SHEL.L,2024-05-20,2824.5,2852,2786,2804,9161063
Shell,0,SHEL.L,2024-05-21,2796,2821,2778,2803.5,17215410
Shell,0,SHEL.L,2024-05-22,2776.5,2789,2751,2760.5,24840671
Shell,0,SHEL.L,2024-05-23,2760.5,2784.5,2743.5,2772.5,17073225
Shell,0,SHEL.L,2024-05-24,2754,2789.5,2736,2772,5380752
Shell,0,SHEL.L,2024-05-28,2782.5,2799,2762,2780.5,7716088
Shell,0,SHEL.L,2024-05-29,2799,2832.5,2763.5,2801.5,11146569
Shell,0,SHEL.L,2024-05-30,2784,2818.5,2773,2797,21291111
Shell,0,SHEL.L,2024-05-31,2797.5,2824,2794.5,2811.5,24113173
Shell,0,SHEL.L,2024-06-03,2843,2856.5,2782.5,2782.5,14688170
Shell,0,SHEL.L,2024-06-04,2740.5,2754,2696,2723,15059526
Shell,0,SHEL.L,2024-06-05,2732,2748.5,2706.5,2717.5,10454373
Shell,0,SHEL.L,2024-06-06,2728.5,2744.5,2701,2736.5,8822394
Shell,0,SHEL.L,2024-06-07,2743.5,2758,2720,2732.5,12774048
Shell,0,SHEL.L,2024-06-10,2717.5,2757.5,2695,2757.5,12221002
Shell,0,SHEL.L,2024-06-11,2762,2776.5,2738,2750.5,12985012
Shell,0,SHEL.L,2024-06-12,2759,2775.5,2740,2744.5,16206847
Shell,0,SHEL.L,2024-06-13,2743.5,2754,2718.5,2724,6430750
Shell,0,SHEL.L,2024-06-14,2724.5,2734.5,2707,2711,6821729
Shell,0,SHEL.L,2024-06-17,2714.5,2733,2711.5,2726,5825941
Shell,0,SHEL.L,2024-06-18,2724.5,2738.5,2719.841064453125,2733.5,13056799
Shell,0,SHEL.L,2024-06-19,2727,2751.5,2727,2748,4334965
Shell,0,SHEL.L,2024-06-20,2750,2778,2731.5,2767.5,9209723
Shell,0,SHEL.L,2024-06-21,2758,2784.5,2745.5,2777,24287830
Shell,0,SHEL.L,2024-06-24,2763.5,2804,2744.5,2794.5,7487402
Shell,0,SHEL.L,2024-06-25,2812.5,2834,2777.5,2807.5,8067392
Shell,0,SHEL.L,2024-06-26,2822.5,2830.5,2779.5,2791,10698575
Shell,0,SHEL.L,2024-06-27,2797.5,2830.5,2774,2813.5,6831851
Shell,0,SHEL.L,2024-06-28,2835.5,2855,2795,2834,7501581
Shell,0,SHEL.L,2024-07-01,2858,2880.847900390625,2844.5,2857.5,6653438
Shell,0,SHEL.L,2024-07-02,2874,2896,2860,2869.5,7651209
Shell,0,SHEL.L,2024-07-03,2875.5,2899,2851,2851,5149369
Shell,0,SHEL.L,2024-07-04,2861.5,2902.5,2835.5,2900,6801590
Shell,0,SHEL.L,2024-07-05,2900,2917.5,2854,2862,6609096
Shell,0,SHEL.L,2024-07-08,2838,2911.5,2821,2835,6900136
Shell,0,SHEL.L,2024-07-09,2823,2879.5,2807,2834,8345319
Shell,0,SHEL.L,2024-07-10,2828,2851.5,2807,2833,7423656
Shell,0,SHEL.L,2024-07-11,2836,2850,2805.22998046875,2815,6834968
Shell,0,SHEL.L,2024-07-12,2832,2846,2798.5,2812.5,5102397
Shell,0,SHEL.L,2024-07-15,2808.5,2829.5,2794.5,2807.5,5243588
Shell,0,SHEL.L,2024-07-16,2802,2824.5,2767,2782.5,6915449
Shell,0,SHEL.L,2024-07-17,2781.5,2814.5,2762,2798.5,10335800
Shell,0,SHEL.L,2024-07-18,2823.5,2843.5,2785,2834.5,6299691
Shell,0,SHEL.L,2024-07-19,2818.5,2838.5,2781.5,2793.5,9741766
Shell,0,SHEL.L,2024-07-22,2799,2805,2770.5,2793,16404097
Shell,0,SHEL.L,2024-07-23,2784,2798.5,2741.5,2747,41499454
Shell,0,SHEL.L,2024-07-24,2737.5,2771.5,2732.5,2764,11312048
Shell,0,SHEL.L,2024-07-25,2737.5,2766,2708.759033203125,2762,8122931
Shell,0,SHEL.L,2024-07-26,2790.5,2824,2711,2779.5,4999091
Shell,0,SHEL.L,2024-07-29,2806,2919.5,2767,2771.5,3227948
Shell,0,SHEL.L,2024-07-30,2784,2793.5,2756.5,2766.5,5931450
Shell,0,SHEL.L,2024-07-31,2816.5,2856.5,2811.5,2840,28006768
Shell,0,SHEL.L,2024-08-01,2857,2899.5,2811.5,2825,7278177
Shell,0,SHEL.L,2024-08-02,2818.5,2850,2769.68603515625,2777,9187541
Shell,0,SHEL.L,2024-08-05,2703,2708,2659,2693.5,12938869
Shell,0,SHEL.L,2024-08-06,2727,2947.06005859375,2674.5,2708.5,19220275
Shell,0,SHEL.L,2024-08-07,2712.5,2773,2701.5,2770.5,11032705
Shell,0,SHEL.L,2024-08-08,2757,2782,2747.5,2775,8550533
Shell,0,SHEL.L,2024-08-09,2781,2785,2756,2776,9513348
Shell,0,SHEL.L,2024-08-12,2795,2809.5,2783,2799,7656436
Shell,0,SHEL.L,2024-08-13,2809,2812.5,2773.5,2781,5337469
Shell,0,SHEL.L,2024-08-14,2804.5,2819.5,2792,2807,8264643
Shell,0,SHEL.L,2024-08-15,2792.5,2813,2785,2805.5,15859373
Shell,0,SHEL.L,2024-08-16,2802.5,2808,2764,2790,6416870
Shell,0,SHEL.L,2024-08-19,2782.5,2818,2760,2813,8926547
Shell,0,SHEL.L,2024-08-20,2789.5,2947.06005859375,2733,2733,9361588
Shell,0,SHEL.L,2024-08-21,2725.5,2729,2700,2718.5,7115788
Shell,0,SHEL.L,2024-08-22,2700,2710,2688.5,2708,22803888
Shell,0,SHEL.L,2024-08-23,2715,2722.5,2707.5,2720,7723175
Shell,0,SHEL.L,2024-08-27,2755,2761.72998046875,2721.5,2725,16962934
Shell,0,SHEL.L,2024-08-28,2720,2722.5,2680.5,2696,15506139
Shell,0,SHEL.L,2024-08-29,2691,2718.761962890625,2670.5,2711,6375301
Shell,0,SHEL.L,2024-08-30,2726,2729.5,2669,2681,17889534
Shell,0,SHEL.L,2024-09-02,2689.5,2698,2683,2684.5,5673520
Shell,0,SHEL.L,2024-09-03,2688,2691.5,2612,2612,20857611
Shell,0,SHEL.L,2024-09-04,2595,2612,2565,2582.5,9414991
Shell,0,SHEL.L,2024-09-05,2582.5,2591,2571.5,2574.5,20054505
Shell,0,SHEL.L,2024-09-06,2557.5,2560,2514.64892578125,2516,11900532
Shell,0,SHEL.L,2024-09-09,2530.5,2553.823974609375,2524.5,2546,8802071
Shell,0,SHEL.L,2024-09-10,2541,2553,2502.5,2508.5,21896326
Shell,0,SHEL.L,2024-09-11,2506,2552.5,2500,2510,10562081
Shell,0,SHEL.L,2024-09-12,2534,2555.5,2510.864990234375,2537,12634506
Shell,0,SHEL.L,2024-09-13,2535,2558,2530.677978515625,2554.5,7910708
Shell,0,SHEL.L,2024-09-16,2538,2560,2535,2538.5,6192449
Shell,0,SHEL.L,2024-09-17,2563,2572.5,2550,2561,11387282
Shell,0,SHEL.L,2024-09-18,2564.5,2566,2545.5,2554,30861973
Shell,0,SHEL.L,2024-09-19,2581.5,2601,2575,2595,12565602
Shell,0,SHEL.L,2024-09-20,2569,2581.5,2549.5,2562,22874341
Shell,0,SHEL.L,2024-09-23,2571.5,2591.5,2562.19189453125,2577,10453980
Shell,0,SHEL.L,2024-09-24,2571.5,2595.5,2569.5,2572,25089808
Shell,0,SHEL.L,2024-09-25,2559,2573.2080078125,2521.48095703125,2532,21401159
Shell,0,SHEL.L,2024-09-26,2467.5,2475,2396,2415,31785656
Shell,0,SHEL.L,2024-09-27,2418,2437.5,2413.5,2424,25975858
Shell,0,SHEL.L,2024-09-30,2445,2454.5,2419,2425,22008305